frame_no,ball_x,ball_y
93,711,401
94,711,401
95,710,402
96,709,402
97,710,401
98,710,402
99,709,402
100,709,403
101,710,402
102,707,402
103,705,401
104,704,402
105,704,402
106,701,402
107,702,403
108,700,403
109,700,403
110,699,402
111,700,402
112,698,402
113,696,402
114,696,402
115,694,402
116,694,402
117,692,403
118,693,403
119,691,402
120,690,402
121,689,401
122,688,401
123,687,401
124,685,400
125,684,400
126,683,399
127,682,399
169,708,203
170,707,203
171,707,204
172,707,204
173,706,204
174,706,204
175,706,204
176,705,204
177,705,205
178,705,205
180,963,457
181,963,455
182,963,456
183,963,454
184,963,453
185,964,453
186,963,451
187,963,450
188,963,450
189,963,450
190,962,449
191,963,449
192,963,450
193,964,450
194,964,450
195,965,450
196,965,452
197,965,453
198,965,454
199,965,454
200,966,455
201,966,456
202,966,457
203,967,461
204,968,462
205,968,463
206,968,465
207,969,470
208,969,472
209,969,474
210,970,479
211,971,480
212,972,482
213,973,486
214,973,488
215,974,491
216,974,496
217,974,498
218,976,501
219,976,506
220,975,509
221,977,513
222,977,519
223,977,522
224,977,526
225,979,530
226,979,536
227,979,539
228,980,547
229,980,550
230,982,554
231,982,562
232,982,566
233,982,572
234,983,577
235,983,582
236,984,590
237,986,595
238,986,602
239,986,608
240,987,615
241,988,622
242,988,628
243,988,636
244,990,642
245,991,650
246,992,658
247,991,664
248,993,664
249,994,666
250,995,669
251,996,671
252,998,673
253,999,676
254,1000,678
255,1001,680
256,1002,683
258,1028,639
259,1033,638
260,1038,637
261,1040,636
262,1044,635
263,1052,643
264,1055,643
265,1058,643
266,1061,646
267,1063,646
268,1066,648
269,1071,649
270,1073,653
271,1075,654
272,1077,657
273,1079,659
274,1080,658
275,1080,656
276,1079,656
277,1078,654
278,1078,654
279,1077,652
280,1076,652
281,1075,650
282,1074,650
283,1073,649
284,1072,650
285,1070,650
286,1069,650
287,1068,650
288,1067,650
289,1066,648
290,1065,651
291,1063,651
292,1062,651
293,1060,652
294,1059,653
295,1058,657
296,1057,657
297,1055,658
298,1054,661
299,1052,662
300,1051,666
301,1050,668
302,1048,668
303,1047,667
304,1045,665
305,1044,664
306,1043,664
307,1041,662
308,1040,663
309,1038,662
310,1036,662
311,1034,661
312,1034,660
313,1032,662
314,1030,662
315,1028,663
316,1027,664
317,1025,667
318,1027,666
319,1030,666
320,1034,668
321,1039,669
322,1043,672
323,1046,671
324,1048,670
325,1051,670
326,1053,671
327,1056,672
328,1057,672
329,1061,673
330,1063,676
331,1065,676
332,1067,678
333,1069,679
334,1072,680
335,1073,683
336,1075,684
337,1076,687
338,1078,690
339,1078,691
340,1078,692
341,1078,692
342,1078,693
343,1078,694
344,1077,694
345,1077,697
346,1077,698
347,1076,699
348,1076,702
349,1075,703
350,1075,705
351,1074,705
352,1074,706
353,1073,708
354,1072,709
355,1071,711
356,1070,712
357,1071,713
358,1069,714
359,1068,715
360,1067,716
361,1065,718
362,1063,718
363,1063,719
364,1061,720
365,1059,722
366,1057,722
367,1056,724
368,1056,725
369,1054,726
370,1054,727
371,1055,727
372,1057,728
373,1058,730
374,1058,731
375,1058,734
376,1058,734
377,1058,737
378,1057,738
379,1059,740
380,1058,743
381,1057,745
382,1058,747
383,1057,750
384,1057,752
385,1055,753
386,1052,754
387,1051,755
388,1049,757
389,1048,758
390,1046,760
391,1044,762
392,1043,764
393,1043,766
394,1041,767
395,1042,768
396,1040,770
397,1038,771
398,1037,772
399,1035,773
400,1034,774
401,1032,775
402,1031,778
403,1029,779
404,1027,780
405,1026,781
406,1024,782
407,1024,784
408,1022,785
409,1020,786
410,1018,788
411,1016,789
412,1015,790
413,1013,791
414,1012,792
415,1010,793
416,1008,794
417,1005,795
418,1003,796
419,1002,798
420,1000,798
421,997,799
422,996,800
423,995,802
424,993,803
425,991,804
426,989,805
427,987,806
428,985,806
429,984,807
430,982,808
431,979,809
432,977,810
433,975,811
434,973,812
435,971,812
436,969,813
437,968,814
438,965,815
439,964,816
440,965,816
441,967,816
442,970,816
443,972,817
444,973,818
445,975,819
446,976,820
447,978,821
448,980,822
449,981,823
450,982,826
451,983,826
452,983,827
453,983,827
454,983,828
455,983,829
456,983,830
457,983,831
458,982,831
459,981,833
460,980,834
461,979,834
462,977,835
463,976,836
464,974,837
465,972,838
466,969,839
467,969,839
468,966,840
469,965,840
470,966,840
471,969,842
472,973,842
473,977,843
474,981,844
475,985,845
476,988,845
477,991,846
478,993,847
479,998,847
480,1000,849
481,1002,850
482,1004,850
483,1005,850
484,1006,851
485,1007,851
486,1008,852
487,1009,852
488,1009,853
489,1009,853
490,1009,854
491,1009,854
492,1008,854
493,1008,854
494,1009,855
495,1007,855
496,1006,857
497,1004,858
498,1003,859
499,1003,859
500,1002,860
501,1002,860
502,1001,860
503,1000,861
504,999,861
505,997,862
506,996,862
507,996,863
508,994,863
509,993,865
510,992,865
511,990,866
512,988,866
513,987,866
514,985,867
515,983,867
516,981,867
517,979,868
518,977,868
519,974,869
520,972,869
521,970,869
522,968,869
523,965,869
524,962,870
525,960,870
526,958,871
527,955,871
528,952,871
529,951,871
530,947,872
531,946,872
532,943,873
533,941,874
534,941,872
535,946,869
536,950,868
537,954,866
538,960,864
539,964,862
540,969,861
541,973,861
542,977,860
543,980,859
544,983,854
545,985,852
546,987,850
547,989,849
548,991,846
549,994,845
550,996,844
551,997,843
552,999,842
553,1002,840
554,1002,838
555,1004,837
556,1004,838
557,1007,838
558,1008,838
559,1008,839
560,1010,839
561,1009,838
562,1008,837
563,1007,836
564,1008,832
565,1007,831
566,1005,830
567,1005,830
568,1004,830
569,1002,829
570,1001,829
571,1001,829
572,1000,829
573,999,829
574,998,829
575,997,828
576,995,828
577,994,827
578,994,826
579,993,825
580,991,824
581,989,823
582,990,823
583,988,823
584,986,822
585,985,822
586,983,821
587,983,820
588,981,820
589,980,820
590,978,819
591,977,819
592,976,818
593,975,817
594,973,816
595,973,815
596,970,814
597,969,813
598,967,813
599,967,813
600,966,812
601,964,813
602,962,812
603,961,812
604,961,811
605,960,811
606,959,811
607,957,810
608,956,810
609,955,810
610,954,810
611,953,810
612,952,809
613,950,809
614,945,809
615,940,809
616,935,809
617,930,809
618,925,809
619,915,805
620,910,805
621,903,804
622,902,804
623,899,804
624,895,804
625,890,804
626,886,804
627,881,803
628,876,802
629,871,801
630,865,800
631,860,800
632,852,791
633,845,787
634,841,782
635,836,778
636,831,774
637,817,770
638,810,766
639,806,761
640,801,758
641,798,755
642,793,751
643,789,749
644,784,744
645,785,741
646,786,737
647,786,733
648,798,733
649,801,730
650,803,729
651,805,726
652,808,724
653,811,723
654,813,720
655,817,718
656,818,716
657,821,714
658,823,711
659,825,710
660,827,709
661,830,706
662,831,706
663,831,708
664,831,710
665,831,713
666,829,714
667,830,716
668,830,719
669,830,720
670,829,722
671,829,723
672,828,724
673,828,726
674,829,728
675,827,729
676,827,731
677,826,733
678,825,734
679,825,735
680,824,736
681,824,737
682,823,739
683,823,740
684,822,741
685,820,742
686,820,743
687,819,743
688,819,744
689,819,746
690,817,746
691,817,747
692,816,748
693,816,749
694,815,750
695,814,751
696,813,751
697,813,752
698,812,753
699,812,754
700,810,755
701,811,756
702,810,756
703,810,757
704,808,759
705,805,759
706,799,760
707,791,760
708,784,762
709,777,763
710,770,764
711,765,766
712,758,768
713,750,771
714,743,773
715,738,774
716,732,778
717,726,779
718,720,781
719,715,784
720,710,786
721,706,787
722,702,788
723,697,789
724,695,790
725,691,793
726,688,794
727,684,796
728,681,798
729,679,799
730,677,802
731,675,803
732,673,804
733,669,803
734,655,804
735,635,805
736,616,805
737,596,806
738,578,806
739,562,807
740,544,807
741,527,808
742,509,808
743,492,809
744,478,814
745,461,816
746,445,818
747,428,820
748,412,821
749,395,823
750,378,825
751,362,826
752,345,828
758,733,737
759,733,737
760,733,737
761,733,737
762,733,737
763,752,727
764,758,724
765,764,721
766,770,718
767,776,715
768,782,712
769,788,709
770,794,706
771,800,702
772,806,699
782,916,667
783,922,666
784,925,665
785,928,664
786,931,663
787,934,662
788,938,661
789,941,660
790,944,659
791,947,658
802,1061,667
803,1061,667
804,1061,667
805,1061,667
806,1061,667
807,1061,667
808,1061,667
809,1061,667
810,1061,667
812,1150,641
813,1150,641
814,1150,641
815,1150,641
816,1150,641
817,1150,641
818,1150,641
819,1150,641
820,1150,641
822,1229,639
823,1229,639
824,1249,630
825,1258,626
826,1266,623
827,1274,619
828,1282,615
829,1291,612
830,1299,608
831,1307,605
832,1316,601
834,491,836
835,518,828
836,544,820
837,569,813
838,594,805
839,619,797
840,641,789
841,663,781
842,683,773
843,702,766
844,720,757
845,739,751
846,755,744
847,772,737
848,786,730
849,801,724
850,814,717
851,826,709
852,838,703
853,849,696
854,860,691
855,870,684
856,878,677
857,887,672
858,895,665
859,903,660
860,909,654
861,916,649
862,921,643
863,927,638
864,931,631
865,935,627
866,939,621
867,943,616
868,947,610
869,950,606
870,952,600
871,955,596
872,957,591
873,959,587
874,960,582
875,961,578
876,962,573
877,964,569
878,964,564
879,964,560
880,964,556
881,964,552
882,965,549
883,964,544
884,965,540
885,964,536
886,963,533
887,962,529
888,961,526
889,961,522
890,960,519
891,958,515
892,958,512
893,956,509
894,956,505
895,953,502
896,950,499
897,941,498
898,928,500
899,928,503
900,927,506
901,925,508
902,921,508
903,917,508
904,913,510
905,908,510
906,904,512
907,902,513
908,899,515
909,895,516
910,891,517
911,888,517
912,885,520
913,882,521
914,880,523
915,876,524
916,873,525
917,870,528
918,868,530
919,866,531
920,864,535
921,861,536
922,860,538
923,859,543
924,856,544
925,854,546
926,854,548
927,852,553
928,850,554
929,849,556
930,847,557
931,846,556
932,846,556
933,844,556
934,844,555
935,842,556
936,841,555
937,841,554
938,839,556
939,838,556
940,838,555
941,837,557
942,836,557
943,836,556
944,835,559
945,834,559
946,834,559
947,833,562
948,832,563
949,832,566
950,831,566
951,831,569
952,831,570
953,830,570
954,829,569
955,830,569
956,829,569
957,827,568
958,827,569
959,827,568
960,827,569
961,826,568
962,825,569
963,825,569
964,825,569
965,825,571
966,825,572
967,824,573
968,823,574
969,822,573
970,822,573
971,821,573
972,821,572
973,820,571
974,823,565
975,825,559
976,829,553
977,832,548
978,834,542
979,837,537
980,840,532
981,841,526
982,843,521
983,847,515
984,849,511
985,850,507
986,851,503
987,852,498
988,853,495
989,856,491
990,857,488
991,857,483
992,858,480
993,859,478
994,861,475
995,861,472
996,862,470
997,863,467
998,863,465
999,862,462
1000,863,461
1001,864,459
1002,863,457
1003,864,455
1004,864,454
1005,864,452
1006,865,451
1007,865,450
1008,864,448
1009,865,447
1010,863,445
1011,863,444
1012,863,444
1013,862,442
1014,862,442
1015,862,442
1016,862,442
1017,861,441
1018,861,441
1019,860,440
1020,861,440
1021,860,440
1022,859,439
1023,859,439
1024,858,439
1025,857,439
1026,857,440
1027,856,439
1028,857,439
1029,856,439
1030,856,439
1031,855,440
1032,855,440
1033,854,440
1034,852,440
1035,852,440
1036,852,441
1037,850,441
1038,850,441
1039,850,442
1040,848,442
1041,848,442
1042,847,442
1043,847,442
1044,847,443
1045,845,443
1046,845,443
1047,845,444
1048,843,444
1049,843,445
1050,843,446
1051,843,447
1052,841,448
1053,841,449
1054,841,450
1055,840,450
1056,839,449
1057,840,449
1058,840,450
1059,838,450
1060,839,450
1061,838,451
1062,837,452
1063,838,452
1064,837,453
1065,836,452
1066,834,451
1067,834,448
1068,833,448
1069,835,446
1070,835,444
1071,836,443
1072,837,441
1073,838,439
1074,838,438
1075,826,427
1076,824,423
1077,822,420
1078,825,434
1079,822,436
1080,820,438
1081,821,433
1082,820,432
1083,820,431
1084,819,430
1085,820,428
1086,820,428
1087,818,427
1088,819,426
1089,818,426
1090,817,426
1091,817,425
1092,816,425
1093,815,424
1094,816,423
1095,812,455
1096,809,474
1097,806,493
1098,804,512
1099,801,531
1100,799,550
1101,796,569
1102,794,588
1103,791,607
1105,820,427
1106,820,430
1107,823,429
1108,824,429
1109,825,430
1110,826,431
1111,827,430
1112,827,431
1113,829,430
1114,828,429
1115,830,429
1116,832,428
1117,833,427
1118,834,426
1119,833,428
1120,834,427
1121,836,426
1122,835,425
1123,838,425
1124,837,425
1125,836,425
1126,836,425
1127,837,425
1128,838,424
1129,837,423
1130,837,423
1131,837,423
1132,839,423
1133,837,422
1134,837,422
1135,838,422
1136,838,422
1137,841,424
1138,841,424
1139,845,426
1140,846,427
1141,849,428
1142,850,429
1143,852,431
1144,853,432
1145,856,433
1146,856,434
1147,857,434
1148,858,435
1149,859,435
1150,860,436
1151,860,437
1152,862,437
1153,863,439
1154,863,440
1155,863,440
1156,865,441
1157,865,441
1158,866,442
1159,865,442
1160,865,443
1161,866,443
1162,866,443
1163,867,444
1164,867,445
1165,866,445
1166,863,446
1167,859,446
1168,855,447
1169,852,447
1170,847,447
1171,844,448
1172,841,448
1173,838,449
1174,834,450
1175,832,451
1176,829,451
1177,823,450
1178,820,449
1179,817,450
1180,814,451
1181,812,452
1182,811,452
1183,807,453
1184,805,453
1185,802,453
1186,801,453
1187,798,453
1188,797,453
1189,796,453
1190,794,454
1191,793,454
1192,792,455
1193,790,455
1194,789,455
1195,787,455
1196,785,455
1197,785,456
1198,784,456
1199,784,456
1200,782,456
1201,782,456
1202,781,457
1203,781,457
1204,780,457
1205,780,457
1206,778,457
1207,778,457
1208,779,457
1209,778,458
1210,777,458
1211,777,458
1212,776,458
1213,776,458
1214,777,458
1215,776,458
1216,776,458
1217,777,458
1218,775,458
1219,776,458
1220,776,459
1221,775,459
1222,774,458
1223,771,456
1224,768,454
1225,767,451
1226,764,450
1227,761,449
1228,758,448
1229,756,447
1230,753,446
1231,751,444
1232,749,443
1233,748,442
1234,745,441
1235,744,439
1236,742,439
1237,740,438
1238,740,437
1239,739,436
1240,737,435
1241,737,434
1242,737,434
1243,735,433
1244,735,432
1245,735,431
1246,734,431
1247,735,430
1248,735,429
1249,736,429
1250,738,428
1251,739,427
1252,739,427
1253,739,427
1254,742,426
1255,742,425
1256,742,425
1257,736,426
1258,728,426
1259,720,425
1260,712,424
1261,704,425
1262,697,425
1263,690,426
1264,682,425
1265,676,425
1266,670,425
1267,664,425
1268,658,424
1269,652,423
1270,648,422
1271,643,422
1272,639,422
1273,634,422
1274,631,421
1275,627,422
1276,623,422
1277,619,423
1278,617,422
1279,615,421
1280,612,422
1281,610,421
1282,608,421
1283,606,422
1284,604,421
1285,602,423
1286,603,423
1287,606,422
1288,610,422
1289,615,421
1290,619,421
1291,625,420
1292,630,420
1293,635,419
1294,640,418
1295,645,419
1296,650,418
1297,654,418
1298,661,417
1299,665,417
1300,671,416
1301,676,416
1302,681,416
1303,685,415
1304,690,415
1305,697,415
1306,702,415
1307,706,414
1308,711,415
1309,715,414
1310,720,414
1311,724,413
1312,730,413
1313,734,413
1314,738,413
1315,742,412
1316,746,412
1317,752,412
1318,755,412
1319,758,411
1320,763,412
1321,766,411
1322,772,411
1323,774,411
1324,777,411
1325,779,411
1326,775,414
1327,769,417
1328,761,420
1329,753,422
1330,746,426
1331,741,428
1332,735,433
1333,728,435
1334,722,439
1335,716,442
1336,711,444
1337,705,449
1338,699,452
1339,698,453
1340,694,456
1341,688,459
1342,683,464
1343,678,467
1344,673,470
1345,668,475
1346,664,479
1347,660,485
1348,656,488
1349,652,492
1350,649,497
1351,644,501
1352,642,504
1353,638,506
1354,636,508
1355,635,510
1356,633,513
1357,631,516
1358,630,518
1359,628,522
1360,625,525
1361,625,528
1362,624,532
1363,622,534
1364,622,537
1365,622,539
1366,621,542
1367,622,544
1368,621,547
1369,620,550
1370,622,553
1371,621,554
1372,624,556
1373,624,559
1374,624,561
1375,625,563
1376,626,566
1377,626,568
1378,627,570
1379,628,571
1380,630,573
1381,632,576
1382,633,577
1383,635,578
1384,637,580
1385,638,582
1386,641,583
1387,641,585
1388,644,587
1389,647,588
1390,649,589
1391,648,592
1392,651,593
1393,654,593
1394,658,594
1395,660,595
1396,661,595
1397,665,596
1398,671,593
1399,674,591
1400,680,588
1401,686,585
1402,691,583
1403,695,580
1404,700,579
1405,704,577
1406,708,576
1407,712,574
1408,717,572
1409,721,571
1410,724,570
1411,728,570
1412,732,568
1413,736,566
1414,739,564
1415,742,563
1416,747,561
1417,750,559
1418,759,562
1419,769,566
1420,780,571
1421,791,575
1422,801,580
1423,810,583
1424,821,587
1425,830,590
1426,838,593
1427,847,597
1428,857,600
1429,865,603
1430,873,607
1431,882,610
1432,888,613
1433,895,616
1434,902,619
1435,911,622
1436,917,624
1437,922,627
1438,928,630
1439,935,633
1440,940,634
1441,945,636
1442,951,638
1443,955,639
1444,960,641
1445,964,643
1446,969,644
1447,972,646
1448,976,648
1449,979,650
1450,983,653
1451,986,654
1452,988,654
1453,990,655
1454,993,656
1455,995,657
1456,997,658
1457,999,660
1458,1000,661
1459,1002,662
1460,1003,663
1461,1004,663
1462,1004,663
1463,1005,665
1464,1007,665
1465,1007,666
1466,1007,666
1467,1009,666
1468,1008,667
1469,1008,668
1470,1004,667
1471,996,665
1472,987,663
1473,980,661
1474,972,661
1475,964,658
1476,958,657
1477,951,656
1478,946,654
1479,939,652
1480,934,651
1481,929,649
1482,923,648
1483,919,646
1484,914,645
1485,910,644
1486,907,643
1487,903,642
1488,898,640
1489,896,639
1490,894,638
1491,891,637
1492,889,635
1493,886,635
1494,884,634
1495,881,633
1496,881,631
1497,876,632
1498,870,633
1499,864,635
1500,859,636
1501,854,637
1502,849,639
1503,845,639
1504,842,640
1505,837,642
1506,834,643
1507,829,643
1508,827,644
1509,824,645
1510,820,646
1511,816,646
1512,816,648
1513,813,648
1514,813,649
1515,812,650
1516,809,651
1517,808,652
1518,808,653
1519,807,653
1520,807,653
1521,807,654
1522,806,654
1523,805,655
1524,806,655
1525,807,656
1526,806,655
1527,807,656
1528,808,657
1529,808,656
1530,809,657
1531,810,657
1532,811,657
1533,813,656
1534,814,657
1535,815,657
1536,817,657
1537,819,657
1538,820,657
1539,822,656
1540,824,657
1541,825,657
1542,828,657
1543,829,656
1544,831,657
1545,834,656
1546,836,656
1547,839,655
1548,840,655
1549,843,655
1550,846,654
1551,848,653
1552,850,654
1553,852,653
1554,855,653
1555,857,652
1556,859,652
1557,861,652
1558,865,651
1559,867,651
1560,869,651
1561,873,651
1562,875,651
1563,877,650
1564,880,649
1565,882,649
1566,883,648
1567,886,648
1568,890,648
1569,891,647
1570,884,639
1571,870,628
1572,857,617
1573,843,607
1574,832,596
1575,819,588
1576,808,579
1577,795,570
1578,784,562
1579,772,554
1580,762,546
1581,751,539
1582,743,534
1583,733,527
1584,725,520
1585,716,516
1586,707,511
1587,699,505
1588,691,501
1589,684,496
1590,677,493
1591,671,488
1592,664,485
1593,659,481
1594,654,476
1595,649,473
1596,645,468
1597,641,465
1598,638,460
1599,633,459
1600,631,455
1601,627,454
1602,623,451
1603,622,448
1604,619,448
1605,618,447
1606,616,447
1607,614,445
1608,613,444
1609,612,442
1610,612,440
1611,612,438
1612,612,437
1613,612,437
1614,611,435
1615,612,435
1616,612,435
1617,612,434
1618,612,435
1619,614,434
1620,616,436
1621,624,440
1622,634,445
1623,643,450
1624,653,454
1625,665,458
1626,674,463
1627,683,467
1628,692,472
1629,703,477
1630,712,482
1631,721,485
1632,730,489
1633,739,492
1634,748,496
1635,756,499
1636,764,503
1637,774,507
1638,781,510
1639,789,512
1640,796,514
1641,805,517
1642,812,520
1643,822,522
1644,837,526
1645,856,529
1646,875,532
1647,892,534
1648,912,537
1649,927,539
1650,943,541
1651,958,544
1652,973,545
1653,987,547
1654,1000,548
1655,1014,550
1656,1026,551
1657,1039,554
1658,1050,555
1659,1062,559
1660,1073,560
1661,1083,563
1662,1093,565
1663,1103,568
1664,1112,570
1665,1120,570
1666,1128,571
1667,1134,573
1668,1142,574
1669,1148,575
1670,1155,577
1671,1160,578
1672,1165,578
1673,1170,580
1674,1174,580
1675,1178,580
1676,1183,581
1677,1186,582
1678,1188,582
1679,1192,583
1680,1194,584
1681,1196,585
1682,1198,586
1683,1199,586
1684,1203,586
1685,1203,586
1686,1200,585
1687,1199,585
1688,1196,586
1689,1194,586
1690,1192,586
1691,1189,587
1692,1187,588
1693,1184,588
1694,1181,589
1695,1179,588
1696,1175,587
1697,1173,587
1698,1170,587
1699,1166,587
1700,1165,588
1701,1161,588
1702,1158,588
1703,1155,587
1704,1153,587
1705,1149,587
1706,1145,587
1707,1143,587
1708,1140,588
1709,1136,588
1710,1133,588
1711,1130,587
1712,1127,587
1713,1124,587
1714,1122,587
1715,1118,587
1716,1116,587
1717,1112,587
1718,1110,587
1719,1107,587
1720,1105,587
1721,1101,587
1722,1099,587
1723,1096,587
1724,1094,587
1725,1091,587
1726,1090,587
1727,1084,586
1728,1077,586
1729,1071,584
1730,1067,583
1731,1061,583
1732,1055,582
1733,1054,583
1734,1055,584
1735,1057,585
1736,1058,587
1737,1058,588
1738,1058,589
1739,1059,591
1740,1059,592
1741,1061,593
1742,1061,595
1743,1061,595
1744,1061,597
1745,1061,597
1746,1062,598
1747,1061,599
1748,1060,599
1749,1059,601
1750,1060,601
1751,1059,601
1752,1058,603
1753,1058,603
1754,1057,603
1755,1056,604
1756,1057,605
1757,1061,603
1758,1065,601
1759,1069,600
1760,1072,599
1761,1075,598
1762,1078,597
1763,1082,596
1764,1084,594
1765,1086,594
1766,1088,594
1767,1092,593
1768,1093,592
1769,1094,591
1770,1096,590
1771,1098,589
1772,1099,589
1773,1100,589
1774,1100,587
1775,1102,586
1776,1102,586
1777,1103,585
1778,1103,585
1779,1102,584
1780,1103,583
1781,1103,583
1782,1101,582
1783,1101,583
1784,1100,582
1785,1101,582
1786,1100,582
1787,1098,581
1788,1098,581
1789,1097,581
1790,1094,580
1791,1094,580
1792,1092,580
1793,1090,581
1794,1088,580
1795,1086,580
1796,1084,579
1797,1081,579
1798,1078,579
1799,1077,579
1800,1074,579
1801,1071,578
1802,1067,579
1803,1066,578
1804,1063,579
1805,1059,578
1806,1057,578
1807,1054,578
1808,1050,578
1809,1048,578
1810,1045,578
1811,1041,578
1812,1039,578
1813,1036,578
1814,1034,578
1815,1030,578
1816,1028,578
1817,1024,578
1818,1021,578
1819,1018,578
1820,1016,578
1821,1015,577
1822,1025,577
1823,1038,576
1824,1048,576
1825,1061,575
1826,1072,576
1827,1083,575
1828,1094,575
1829,1103,574
1830,1113,573
1831,1124,573
1832,1132,572
1833,1141,572
1834,1148,572
1835,1157,572
1836,1164,571
1837,1171,572
1838,1178,571
1839,1185,571
1840,1190,570
1841,1197,570
1842,1201,569
1843,1206,570
1844,1210,569
1845,1214,570
1846,1217,569
1847,1221,569
1848,1223,569
1849,1226,568
1850,1229,568
1851,1231,568
1852,1233,569
1853,1234,569
1854,1236,570
1855,1237,570
1856,1237,569
1857,1238,570
1858,1237,569
1859,1239,569
1860,1238,570
1861,1237,570
1862,1236,570
1863,1237,570
1864,1235,569
1865,1233,570
1866,1231,569
1867,1230,569
1868,1228,569
1869,1225,569
1870,1224,569
1871,1222,570
1872,1219,570
1873,1218,571
1874,1215,571
1875,1212,570
1876,1210,570
1877,1206,570
1878,1203,570
1879,1201,570
1880,1198,571
1881,1193,571
1882,1191,570
1883,1181,568
1884,1170,562
1885,1159,554
1886,1149,548
1887,1138,542
1888,1128,536
1889,1118,529
1890,1113,521
1891,1103,514
1892,1094,509
1893,1085,505
1894,1079,500
1895,1072,496
1896,1064,493
1897,1058,489
1898,1051,486
1899,1043,482
1900,1038,478
1901,1033,474
1902,1028,471
1903,1023,467
1904,1017,464
1905,1013,461
1906,1008,458
1907,1003,456
1908,999,454
1909,994,451
1910,992,449
1911,989,448
1912,985,445
1913,981,444
1914,979,442
1915,976,441
1916,973,440
1917,969,438
1918,966,438
1919,964,436
1920,963,435
1921,960,434
1922,957,433
1923,956,433
1924,955,433
1925,952,431
1926,951,431
1927,949,431
1928,948,431
1929,946,431
1930,945,431
1931,946,435
1932,946,438
1933,948,441
1934,947,444
1935,947,448
1936,947,452
1937,947,455
1938,946,459
1939,946,463
1940,945,467
1941,945,470
1942,943,474
1943,943,477
1944,942,481
1945,941,485
1946,942,489
1947,941,492
1948,939,494
1949,937,495
1950,937,498
1951,936,500
1952,935,502
1953,934,504
1954,933,507
1955,933,509
1956,930,512
1957,930,514
1958,927,516
1959,925,517
1960,925,518
1961,923,519
1962,921,520
1963,920,522
1964,919,524
1965,917,526
1966,914,529
1967,910,531
1968,908,533
1969,904,536
1970,902,539
1971,898,541
1972,895,543
1973,891,545
1974,889,547
1975,886,550
1976,882,552
1977,880,553
1978,876,555
1979,874,557
1980,871,559
1981,869,560
1982,866,561
1983,863,563
1984,862,564
1985,859,565
1986,857,565
1987,861,564
1988,870,562
1989,881,559
1990,892,557
1991,902,556
1992,911,553
1993,921,553
1994,930,551
1995,941,550
1996,949,551
1997,957,549
1998,966,550
1999,974,549
2000,982,548
2001,990,548
2002,997,547
2003,1004,546
2004,1009,545
2005,1014,542
2006,1019,541
2007,1024,539
2008,1029,537
2009,1034,539
2010,1038,538
2011,1042,538
2012,1045,537
2013,1050,537
2014,1052,536
2015,1054,534
2016,1056,534
2017,1058,534
2018,1059,532
2019,1061,532
2020,1062,532
2021,1065,531
2022,1065,532
2023,1065,531
2024,1067,531
2025,1067,531
2026,1067,531
2027,1066,529
2028,1066,529
2029,1065,528
2030,1065,529
2031,1065,529
2032,1064,529
2033,1062,528
2034,1062,528
2035,1061,528
2036,1060,528
2037,1058,528
2038,1057,527
2039,1055,528
2040,1053,527
2041,1051,528
2042,1050,528
2043,1048,527
2044,1046,527
2045,1043,527
2046,1042,527
2047,1041,527
2048,1038,527
2049,1035,526
2050,1033,527
2051,1032,528
2052,1029,527
2053,1028,527
2054,1026,528
2055,1022,527
2056,1021,527
2057,1018,528
2058,1015,527
2059,1014,527
2060,1011,528
2061,1008,527
2062,1007,527
2063,1004,528
2064,1000,528
2065,998,528
2066,995,527
2067,992,527
2068,990,528
2069,989,528
2070,985,528
2071,983,528
2072,980,529
2073,977,528
2074,975,528
2075,973,529
2076,969,529
2077,966,529
2078,965,529
2079,963,529
2080,962,529
2081,962,529
2082,963,529
2083,965,528
2084,966,529
2085,967,529
2086,969,529
2087,970,529
2088,972,529
2089,973,529
2090,975,529
2091,975,529
2092,977,529
2093,978,529
2094,980,529
2095,980,529
2096,983,529
2097,983,529
2098,985,529
2099,985,529
2100,988,529
2101,991,524
2102,1003,513
2103,1016,501
2104,1029,490
2105,1042,478
2106,1057,466
2107,1070,456
2108,1084,446
2109,1098,435
2110,1112,425
2111,1124,417
2112,1137,407
2113,1150,398
2114,1163,388
2115,1174,384
2116,1186,376
2117,1199,368
2118,1211,360
2119,1219,359
2120,1230,353
2121,1241,347
2122,1252,341
2123,1263,335
2124,1274,329
2125,1285,323
2126,1296,317
2127,1307,311
2128,1312,318
2129,1323,314
2130,1333,310
2131,1343,306
2132,1353,305
2133,1362,303
2134,1372,299
2135,1384,295
2136,1386,294
2137,1392,292
2138,1398,290
2139,1403,288
2140,1409,285
2141,1415,283
2142,1420,281
2143,1426,279
2144,1432,277
2146,1251,292
2147,1239,292
2148,1228,292
2149,1217,292
2150,1205,293
2151,1194,293
2152,1182,292
2153,1171,293
2154,1159,294
2155,1148,293
2156,1137,293
2157,1126,294
2158,1116,294
2159,1105,295
2160,1094,295
2161,1085,295
2162,1075,296
2163,1065,296
2164,1054,296
2165,1043,302
2166,1033,303
2167,1023,305
2168,1012,307
2169,1002,309
2170,992,310
2171,985,308
2172,976,309
2173,966,310
2174,957,311
2175,952,309
2176,947,304
2177,941,301
2178,937,296
2179,932,292
2180,926,289
2181,921,285
2182,916,281
2183,911,278
2184,908,276
2185,903,273
2186,897,271
2187,892,268
2188,889,264
2189,884,261
2190,879,259
2191,874,257
2192,869,254
2193,864,252
2194,864,252
2195,864,252
2196,864,252
2197,864,252
2198,864,252
2199,864,252
2200,864,252
2201,864,252
2202,864,252
2203,864,252
2204,864,252
2205,864,252
2206,864,252
2207,864,252
2208,864,252
2209,864,252
2210,864,252
2211,864,252
2212,864,252
2213,864,252
2215,1023,589
2216,1022,588
2217,1022,588
2218,1024,588
2219,1022,588
2220,1024,588
2221,1022,588
2222,1023,588
2223,1023,588
2224,1023,588
2225,1023,588
2226,1023,588
2227,1024,588
2228,1023,588
2229,1023,588
2230,1023,588
2231,1023,588
2232,1023,588
2233,1024,588
2234,1023,588
2235,1023,588
2236,1023,588
2237,1023,588
2238,1023,588
2239,1024,588
2240,1023,588
2241,1023,588
2242,1023,588
2243,1023,588
2244,1023,588
2245,1024,588
2246,1023,588
2247,1023,588
2248,1023,588
2249,1023,588
2250,1023,588
2251,1024,587
2252,1023,588
2253,1024,588
2254,1023,588
2255,1024,588
2256,1023,588
2257,1024,588
2258,1023,588
2259,1024,588
2260,1023,587
2261,1024,587
2262,1023,588
2263,1024,588
2264,1023,588
2265,1024,587
2266,1024,588
2267,1024,588
2268,1023,587
2269,1023,588
2270,1024,587
2271,1024,588
2272,1023,588
2273,1024,587
2274,1024,588
2275,1023,588
2276,1024,587
2277,1024,588
2278,1023,588
2279,1024,587
2280,1024,588
2281,1023,588
2282,1024,587
2283,1024,588
2284,1023,588
2285,1024,587
2286,1024,588
2287,1023,588
2288,1024,587
2289,1024,588
2290,1023,588
2291,1024,587
2292,1024,588
2293,1023,588
2294,1024,587
2295,1024,588
2296,1023,588
2297,1024,587
2298,1024,588
2299,1023,588
2300,1024,587
2301,1024,588
2302,1023,588
2303,1024,587
2304,1024,588
2305,1023,588
2306,1024,587
2307,1024,588
2308,1023,588
2309,1024,587
2310,1024,588
2311,1023,588
2312,1024,587
2313,1024,588
2314,1023,588
2315,1024,587
2316,1024,588
2317,1023,588
2318,1024,587
2319,1023,588
2320,1023,588
2321,1024,587
2322,1023,588
2323,1023,588
2324,1024,587
2325,1023,588
2326,1023,588
2327,1024,587
2328,1023,588
2329,1023,588
2330,1024,587
2331,1023,588
2332,1023,588
2333,1024,587
2334,1023,588
2335,1023,588
2336,1023,587
2337,1023,588
2338,1023,588
2339,1024,587
2340,1023,588
2341,1023,588
2342,1023,588
2343,1023,588
2344,1024,588
2345,1023,587
2346,1023,587
2347,1023,588
2348,1024,588
2349,1023,587
2350,1023,587
2351,1023,588
2352,1024,588
2353,1023,587
2354,1023,587
2355,1023,588
2356,1024,588
2357,1023,587
2358,1023,587
2359,1023,588
2360,1024,588
2361,1023,587
2362,1023,587
2363,1023,588
2364,1024,588
2365,1023,587
2366,1023,587
2367,1023,588
2368,1023,588
2369,1023,587
2370,1023,588
2371,1023,588
2372,1023,587
2373,1023,588
2374,1023,588
2375,1023,587
2376,1023,588
2377,1023,588
2378,1023,587
2379,1023,588
2380,1023,588
2381,1023,587
2382,1023,588
2383,1023,588
2384,1023,587
2385,1023,588
2386,1023,588
2387,1023,587
2388,1023,588
2389,1023,588
2390,1023,587
2391,1023,588
2392,1023,588
2393,1023,587
2394,1023,588
2395,1023,588
2396,1023,588
2397,1023,588
2398,1023,588
2399,1023,588
2400,1023,588
2401,1023,588
2402,1023,588
2403,1023,588
2404,1023,588
2405,1023,588
2406,1023,588
2407,1023,588
2408,1023,588
2409,1023,588
2410,1023,588
2411,1023,588
2412,1023,588
2413,1023,588
2414,1023,588
2415,1023,588
2416,1023,588
2417,1023,588
2418,1023,588
2419,1023,588
2420,1023,588
2421,1023,588
2422,1023,588
2423,1023,588
2424,1023,588
2425,1023,588
2426,1023,588
2427,1023,588
2428,1023,588
2429,1023,588
2430,1023,588
2431,1023,588
2432,1023,588
2433,1023,588
2434,1023,588
2435,1023,587
2436,1023,588
2437,1023,588
2438,1023,588
2439,1023,588
2440,1023,588
2441,1023,588
2442,1023,588
2443,1023,588
2444,1023,588
2445,1023,588
2446,1023,588
2447,1023,588
2448,1023,588
2449,1023,588
2450,1023,588
2451,1023,588
2452,1023,588
2453,1023,588
2454,1023,588
2455,1023,588
2456,1023,588
2457,1023,588
2458,1023,588
2459,1023,588
2460,1023,588
2461,1023,588
2462,1023,588
2463,1023,588
2464,1022,588
2465,1022,588
2466,1023,588
2467,1023,588
2468,1023,588
2469,1022,588
2470,1022,588
2471,1023,588
2472,1023,588
2473,1023,588
2474,1023,588
2475,1023,588
2476,1023,588
2477,1023,588
2478,1023,588
2479,1023,588
2480,1023,588
2481,1023,588
2482,1023,588
2483,1023,588
2484,1023,588
2485,1023,588
2486,1023,588
2487,1023,588
2488,1023,588
2489,1023,588
2490,1023,588
2491,1023,588
2492,1024,588
2493,1023,588
2494,1023,588
2495,1024,588
2496,1024,588
2497,1023,587
2498,1023,588
2499,1024,588
2500,1023,588
2501,1023,588
2502,1024,588
2503,1024,588
2504,1024,588
2505,1025,588
2506,1025,588
2507,1024,588
2508,1025,588
2509,1025,588
2510,1024,588
2511,1025,587
2512,1026,588
2513,1025,588
2514,1025,588
2515,1026,588
2516,1026,587
2517,1027,587
2518,1026,587
2519,1027,587
2520,1027,587
2521,1028,587
2522,1027,587
2523,1027,587
2524,1028,587
2525,1028,587
2526,1028,587
2527,1029,587
2528,1029,587
2529,1029,587
2530,1029,587
2531,1031,587
2532,1030,586
2533,1030,587
2534,1030,587
2535,1032,586
2536,1031,586
2537,1029,582
2538,1025,578
2539,1020,574
2540,1015,570
2541,1013,565
2542,1009,562
2543,1004,557
2544,1002,553
2545,999,550
2546,996,547
2547,994,542
2548,991,540
2549,987,536
2550,985,533
2551,982,530
2552,980,528
2553,978,524
2554,975,522
2555,972,518
2556,971,515
2557,969,513
2558,968,510
2559,965,508
2560,964,505
2561,961,503
2562,959,501
2563,959,499
2564,956,496
2565,955,495
2566,953,493
2567,953,491
2568,951,489
2569,950,487
2570,950,486
2571,953,484
2572,953,482
2573,955,480
2574,957,479
2575,959,478
2576,959,476
2577,961,475
2578,962,475
2579,964,473
2580,966,472
2581,966,471
2582,967,471
2583,968,470
2584,970,469
2585,970,468
2586,972,467
2587,971,465
2588,972,463
2589,975,461
2590,976,461
2591,979,460
2592,979,461
2593,978,461
2594,979,461
2595,982,460
2596,984,459
2597,984,459
2598,986,458
2599,986,459
2600,988,458
2601,988,458
2602,990,458
2603,991,457
2604,993,457
2605,993,457
2606,993,457
2607,995,457
2608,995,456
2609,996,455
2610,997,456
2611,998,455
2612,998,455
2613,999,456
2614,1001,455
2615,1002,456
2616,1001,454
2617,1003,453
2618,1004,453
2619,1004,455
2620,1007,455
2621,1010,456
2622,1009,455
2623,1008,450
2624,1007,438
2625,1005,428
2626,1005,418
2627,1003,410
2628,1001,400
2629,1002,393
2630,1000,384
2631,1000,375
2632,998,368
2633,998,360
2634,997,354
2635,997,349
2636,996,341
2637,997,333
2638,996,329
2639,995,322
2640,995,318
2641,994,311
2642,994,307
2643,995,302
2644,995,298
2645,995,293
2646,995,287
2647,996,280
2648,996,277
2649,996,275
2650,996,270
2651,996,266
2652,997,262
2653,998,259
2654,998,254
2655,998,251
2656,998,247
2657,998,243
2658,1001,239
2659,1000,235
2660,1001,231
2661,1001,227
2662,1001,221
2663,1001,217
2664,1002,213
2665,1002,209
2666,1003,205
2667,1003,202
2668,1006,199
2669,1006,197
2670,1006,194
2671,1007,190
2672,1007,187
2673,1008,186
2674,1009,182
2675,1010,180
2676,1010,176
2677,1011,173
2678,1011,171
2679,1013,168
2680,1013,165
2681,1014,163
2682,1014,161
2683,1016,159
2684,1016,157
2685,1017,156
2686,1017,154
2687,1017,151
2688,1018,149
2689,1019,148
2690,1020,147
2691,1022,144
2692,1022,142
2693,1022,141
2694,1022,140
2695,1024,139
2696,1025,138
2697,1026,137
2698,1027,136
2699,1028,135
2700,1028,134
2701,1029,133
2702,1030,132
2703,1031,131
2704,1031,131
2705,1032,130
2706,1033,129
2707,1034,129
2708,1035,129
2709,1035,129
2710,1036,129
2711,1037,129
2712,1038,129
2713,1039,129
2714,1039,129
2715,1040,129
2716,1041,129
2717,1041,129
2718,1042,130
2719,1043,130
2720,1043,131
2721,1044,131
2722,1045,131
2723,1046,132
2724,1046,133
2725,1048,134
2726,1048,134
2727,1048,135
2728,1049,136
2729,1050,138
2730,1050,139
2731,1050,139
2732,1052,141
2733,1052,141
2734,1053,143
2735,1054,145
2736,1053,146
2737,1053,147
2738,1053,148
2739,1055,150
2740,1055,151
2741,1056,153
2742,1057,155
2743,1057,157
2744,1058,159
2745,1058,160
2746,1058,162
2747,1060,164
2748,1060,166
2749,1060,167
2750,1060,170
2751,1060,172
2752,1060,173
2753,1059,174
2754,1058,174
2755,1056,175
2756,1055,176
2757,1053,178
2758,1050,179
2759,1047,180
2760,1045,181
2761,1043,181
2762,1043,182
2763,1041,181
2764,1039,182
2765,1038,182
2766,1037,182
2767,1035,182
2768,1034,183
2769,1033,183
2770,1033,184
2771,1032,185
2772,1031,185
2773,1030,185
2774,1029,186
2775,1029,186
2776,1028,186
2777,1028,186
2778,1028,186
2779,1028,186
2780,1027,186
2781,1027,186
2782,1026,186
2783,1025,186
2784,1024,185
2785,1022,185
2786,1020,185
2787,1018,185
2788,1017,185
2789,1016,184
2790,1014,183
2791,1013,183
2792,1011,183
2793,1011,183
2794,1010,183
2795,1009,182
2796,1009,182
2797,1008,182
2798,1007,181
2799,1008,181
2800,1008,181
2801,1007,180
2802,1007,180
2803,1007,179
2804,1007,179
2805,1007,180
2806,1007,179
2807,1007,179
2808,1009,179
2809,1010,178
2810,1010,179
2811,1010,178
2812,1011,177
2813,1011,178
2814,1012,178
2815,1013,178
2816,1014,178
2817,1015,178
2818,1016,178
2819,1017,177
2820,1018,177
2821,1019,177
2822,1018,176
2823,1007,175
2824,992,172
2825,976,169
2826,961,167
2827,946,164
2828,933,161
2829,920,159
2830,906,158
2831,894,157
2832,881,155
2833,868,155
2834,857,152
2835,846,152
2836,834,151
2837,824,151
2838,812,150
2839,803,150
2840,791,150
2841,782,150
2842,772,150
2843,761,150
2844,754,151
2845,745,151
2846,736,151
2847,727,151
2848,721,156
2849,715,157
2850,707,159
2851,701,160
2852,694,163
2853,688,164
2854,683,167
2855,678,168
2856,673,169
2857,670,168
2858,669,165
2859,667,163
2860,666,160
2861,664,158
2862,664,157
2863,662,157
2864,661,156
2865,659,155
2866,657,154
2867,656,153
2868,657,152
2869,656,153
2870,655,153
2871,655,152
2872,654,153
2873,654,154
2874,653,154
2875,652,154
2876,653,155
2877,653,156
2878,652,157
2879,652,159
2880,652,159
2881,653,159
2882,654,158
2883,656,156
2884,657,154
2885,659,154
2886,662,152
2887,664,151
2888,665,151
2889,666,151
2890,668,150
2891,670,150
2892,672,150
2893,673,150
2894,674,149
2895,675,149
2896,677,149
2897,679,150
2898,680,150
2899,682,150
2900,684,151
2901,687,151
2902,692,152
2903,695,153
2904,698,153
2905,703,152
2906,707,151
2907,711,149
2908,715,148
2909,719,147
2910,724,146
2911,729,146
2912,733,145
2913,737,145
2914,741,146
2915,745,146
2916,748,147
2917,752,147
2918,756,147
2919,759,147
2920,762,146
2921,765,146
2922,768,146
2923,771,147
2924,773,148
2925,777,148
2926,781,147
2927,784,146
2928,788,144
2929,792,143
2930,796,142
2931,800,141
2932,804,139
2933,807,138
2934,811,137
2935,815,136
2936,822,146
2937,824,145
2938,826,145
2939,829,144
2940,822,145
2941,824,143
2942,828,141
2943,831,139
2944,831,141
2945,833,142
2946,834,142
2947,837,141
2948,838,141
2949,842,142
2950,844,142
2951,845,142
2952,847,143
2953,850,143
2954,851,143
2955,854,142
2956,856,142
2957,858,142
2958,860,142
2959,862,142
2960,864,141
2961,866,141
2962,868,141
2963,870,141
2964,872,140
2965,874,140
2966,876,140
2967,878,140
2968,880,140
2969,882,139
2970,884,140
2971,886,140
2972,888,139
2973,890,139
2974,892,138
2975,894,138
2976,896,138
2977,898,138
2978,900,138
2979,902,138
2980,904,138
2981,906,138
2982,908,138
2983,910,138
2984,913,138
2985,915,138
2986,917,138
2987,920,138
2988,922,138
2989,924,138
2990,926,138
2991,928,137
2992,929,136
2993,932,136
2994,934,136
2995,937,136
2996,939,136
2997,936,135
2998,931,136
2999,925,136
3000,918,137
3001,911,137
3002,905,137
3003,899,138
3004,893,138
3005,887,138
3006,881,138
3007,876,138
3008,870,138
3009,865,139
3010,860,139
3011,855,140
3012,849,141
3013,843,141
3014,839,141
3015,833,142
3016,828,142
3017,823,142
3018,817,143
3019,813,143
3020,808,143
3021,804,143
3022,799,143
3023,794,145
3024,789,145
3025,786,144
3026,781,145
3027,777,144
3028,772,145
3029,768,146
3030,764,146
3031,760,146
3032,756,146
3033,752,146
3034,748,147
3035,744,147
3036,740,146
3037,736,147
3038,732,147
3039,729,147
3040,726,147
3041,722,147
3042,719,147
3043,716,147
3044,713,148
3045,709,147
3046,706,147
3047,703,148
3048,700,148
3049,697,148
3050,694,148
3051,691,148
3052,690,149
3053,687,149
3054,685,149
3055,682,148
3056,679,148
3057,677,148
3058,674,149
3059,671,149
3060,670,149
3061,667,149
3062,665,149
3063,662,149
3064,659,150
3065,657,150
3066,655,150
3067,653,150
3068,650,150
3069,649,150
3070,646,150
3071,644,150
3072,643,150
3073,641,149
3074,639,149
3075,637,149
3076,635,149
3077,633,150
3078,631,150
3079,629,150
3080,628,150
3081,626,150
3082,625,150
3083,623,150
3084,621,150
3085,619,150
3086,618,151
3087,616,150
3088,615,150
3089,615,150
3090,615,150
3091,615,150
3092,615,150
3093,615,150
3094,615,150
3095,615,150
3096,615,150
3097,615,150
3098,615,150
3099,616,150
3100,615,150
3101,615,150
3102,616,150
3103,615,150
3104,615,150
3105,616,150
3106,616,150
3107,617,150
3108,617,150
3109,618,149
3110,618,149
3111,619,149
3112,619,149
3113,620,149
3115,858,105
3116,857,105
3117,857,105
3118,856,105
3119,855,106
3120,856,106
3121,856,106
3122,856,106
3123,856,106
3124,856,106
3125,856,106
3126,856,106
3127,856,106
3128,856,106
3129,856,106
3130,856,106
3131,855,107
3132,854,107
3133,853,107
3134,852,107
3135,851,107
3136,852,106
3137,851,103
3138,851,99
3139,851,95
3140,851,91
3141,852,88
3142,852,85
3143,852,81
3144,853,79
3145,853,78
3146,852,77
3147,852,76
3148,852,75
3149,852,75
3150,853,74
3151,853,75
3152,853,75
3153,853,75
3154,853,75
3155,853,75
3156,854,75
3157,854,75
3158,854,74
3159,854,73
3160,854,72
3161,854,72
3162,855,72
3163,855,74
3164,855,74
3165,856,72
3166,856,73
3167,856,75
3168,856,75
3169,856,75
3170,858,75
3171,857,76
3172,858,77
3173,857,78
3174,858,79
3175,857,79
3176,857,79
3177,856,79
3178,856,79
3179,854,77
3180,852,77
3181,850,77
3182,849,77
3183,847,77
3184,845,77
3185,839,78
3186,838,78
3187,837,78
3188,834,79
3189,833,80
3190,833,80
3191,831,81
3192,829,82
3193,828,83
3194,827,84
3195,828,85
3196,826,87
3197,824,88
3198,823,90
3199,822,92
3200,823,93
3201,822,95
3202,820,96
3203,820,99
3204,819,102
3205,819,103
3206,819,106
3207,818,109
3208,817,112
3209,816,114
3210,815,116
3211,815,119
3212,814,122
3213,814,124
3214,813,127
3215,812,131
3216,812,134
3217,812,136
3218,811,139
3219,811,142
3220,810,147
3221,810,150
3222,809,155
3223,810,158
3224,809,163
3225,809,167
3226,808,171
3227,808,175
3228,807,179
3229,806,183
3230,806,187
3231,808,191
3232,807,196
3233,806,199
3234,806,205
3235,807,209
3236,807,214
3237,807,219
3238,806,223
3239,806,228
3240,807,231
3241,807,237
3242,806,242
3243,806,248
3244,806,253
3245,805,258
3246,807,263
3247,807,269
3248,806,274
3249,809,275
3250,813,276
3251,816,277
3252,819,278
3253,822,279
3254,824,280
3255,826,282
3256,828,284
3257,830,286
3258,831,288
3259,833,290
3260,834,291
3261,835,290
3262,835,290
3263,836,290
3264,836,290
3265,837,289
3266,837,289
3267,837,289
3268,838,290
3269,838,290
3270,838,291
3271,838,291
3272,837,293
3273,838,294
3274,837,295
3275,838,296
3276,838,297
3277,838,299
3278,838,299
3279,838,300
3280,839,301
3281,838,301
3282,838,300
3283,838,301
3284,838,301
3285,838,302
3286,839,302
3287,839,302
3288,841,304
3289,846,306
3290,852,309
3291,858,313
3292,863,316
3293,868,319
3294,872,321
3295,875,326
3296,879,328
3297,882,330
3298,883,333
3299,886,338
3300,888,339
3301,890,344
3302,891,347
3303,892,350
3304,894,356
3305,895,358
3306,895,360
3307,896,365
3308,896,368
3309,897,374
3310,898,376
3311,898,382
3312,898,385
3313,897,388
3314,897,394
3315,897,398
3316,896,400
3317,896,401
3318,895,403
3319,893,404
3320,894,406
3321,893,409
3322,891,412
3323,890,416
3324,889,418
3325,890,420
3326,889,425
3327,887,428
3328,887,431
3329,886,433
3330,885,434
3331,883,437
3332,881,438
3333,881,440
3334,880,443
3335,880,446
3336,878,448
3337,878,449
3338,877,452
3339,877,454
3340,875,457
3341,873,459
3342,873,461
3343,872,464
3344,870,466
3345,869,468
3346,868,470
3347,867,473
3348,865,474
3349,865,476
3350,864,478
3351,863,480
3352,863,482
3353,862,485
3354,860,486
3355,859,488
3356,858,490
3357,858,492
3358,856,494
3359,854,495
3360,852,496
3361,850,497
3362,848,498
3363,846,499
3364,853,505
3365,851,505
3366,849,506
3367,848,507
3368,847,508
3369,845,510
3370,845,513
3371,844,515
3372,844,517
3373,843,518
3374,843,519
3375,844,519
3376,853,513
3377,862,507
3378,872,501
3379,880,494
3380,888,490
3381,894,483
3382,900,479
3383,906,474
3384,912,470
3385,918,467
3386,923,463
3387,928,459
3388,933,456
3389,937,452
3390,941,450
3391,944,447
3392,949,444
3393,952,444
3394,954,440
3395,957,438
3396,960,435
3397,964,435
3398,967,432
3399,970,432
3400,972,430
3401,974,429
3402,976,427
3403,979,426
3404,982,425
3405,983,424
3406,986,423
3407,987,422
3408,988,420
3409,988,417
3410,990,415
3411,991,413
3412,992,411
3413,992,410
3414,993,410
3415,994,408
3416,995,407
3417,995,405
3418,996,405
3419,998,404
3420,998,402
3421,999,402
3422,998,401
3423,1000,399
3424,999,398
3425,999,397
3426,1001,396
3427,1001,395
3428,1001,394
3429,1001,393
3430,1002,392
3431,1001,390
3432,1001,390
3433,1002,389
3434,1001,388
3435,1001,387
3436,1002,386
3437,1002,385
3438,1001,384
3439,1001,384
3440,1002,382
3441,1001,382
3442,1001,380
3443,1000,380
3444,999,378
3445,999,378
3446,999,377
3447,999,377
3448,1000,377
3449,1000,377
3450,999,376
3451,995,377
3452,989,381
3453,985,385
3454,980,389
3455,977,393
3456,973,398
3457,971,402
3458,968,405
3459,965,406
3460,961,409
3461,960,412
3462,958,415
3463,955,417
3464,954,420
3465,953,422
3466,952,425
3467,949,428
3468,949,430
3469,947,433
3470,945,434
3471,944,436
3472,942,439
3473,939,441
3474,938,443
3475,936,445
3476,934,446
3477,934,447
3478,933,449
3479,932,451
3480,930,452
3481,930,454
3482,928,454
3483,936,473
3484,935,477
3485,932,476
3486,929,473
3487,926,472
3488,923,471
3489,919,465
3490,919,463
3491,916,462
3492,913,462
3493,913,459
3494,911,458
3495,908,455
3496,904,454
3497,904,448
3498,902,445
3499,900,443
3500,898,440
3501,897,438
3502,895,436
3503,893,434
3504,892,430
3505,890,429
3506,890,426
3507,888,424
3508,887,423
3509,888,422
3510,886,420
3511,885,419
3512,885,418
3513,885,418
3514,884,417
3515,883,417
3516,883,416
3517,884,416
3518,882,415
3519,881,416
3520,880,418
3521,880,419
3522,879,419
3523,878,421
3524,878,419
3525,879,417
3526,879,414
3527,881,412
3528,883,410
3529,884,409
3530,884,407
3531,884,406
3532,886,405
3533,887,404
3534,887,402
3535,888,402
3536,888,402
3537,888,401
3538,888,401
3539,888,399
3540,887,397
3541,887,396
3542,888,395
3543,890,393
3544,891,391
3545,887,390
3546,886,389
3547,885,389
3548,885,387
3549,885,387
3550,884,386
3551,882,386
3552,881,386
3553,881,385
3554,881,384
3555,880,383
3556,881,382
3557,880,381
3558,879,380
3559,878,379
3560,877,378
3561,879,379
3562,878,377
3563,879,377
3564,878,376
3565,879,376
3566,879,375
3567,879,375
3568,878,374
3569,877,374
3570,875,373
3571,876,372
3572,875,371
3573,874,370
3574,875,370
3575,874,370
3576,875,370
3577,875,370
3578,874,369
3579,873,369
3580,875,367
3581,875,367
3582,874,365
3583,881,367
3584,893,367
3585,904,366
3586,916,364
3587,925,363
3588,935,362
3589,942,360
3590,950,359
3591,959,358
3592,967,356
3593,965,361
3594,972,360
3595,979,360
3596,986,359
3597,982,361
3598,985,361
3599,987,364
3600,989,364
3601,993,364
3602,995,366
3603,997,369
3604,998,368
3605,999,370
3606,998,368
3607,996,367
3608,995,367
3609,993,365
3610,991,365
3611,990,364
3612,989,364
3613,987,363
3614,986,362
3615,985,363
3616,983,362
3617,982,363
3618,980,362
3619,980,362
3620,979,364
3621,977,364
3622,976,366
3623,975,366
3624,974,367
3625,974,367
3626,972,369
3627,969,370
3628,967,372
3629,967,373
3630,961,372
3631,956,370
3632,951,367
3633,947,365
3634,943,364
3635,940,362
3636,938,360
3637,934,359
3638,932,358
3639,928,357
3640,924,355
3641,921,355
3642,920,354
3643,918,353
3644,916,352
3645,914,349
3646,911,349
3647,908,348
3648,906,347
3649,905,346
3650,902,346
3651,899,345
3652,915,358
3653,918,363
3654,924,369
3655,929,375
3656,935,381
3657,941,387
3658,946,392
3659,952,398
3660,957,404
3661,963,410
3663,883,339
3664,881,337
3665,879,337
3666,879,335
3667,879,334
3668,880,333
3669,877,334
3670,875,333
3671,873,333
3672,875,333
3673,873,331
3674,871,331
3675,880,351
3676,874,336
3677,870,329
3678,868,327
3679,866,328
3680,866,327
3681,867,327
3682,867,326
3683,866,325
3684,865,324
3685,865,324
3686,863,323
3687,859,341
3688,861,325
3689,862,322
3690,861,321
3691,859,319
3692,858,321
3693,859,320
3694,860,323
3695,858,321
3696,855,320
3697,851,318
3698,847,318
3699,844,316
3700,840,315
3701,837,314
3702,833,313
3703,830,313
3704,829,312
3705,826,311
3706,825,311
3707,824,310
3708,822,308
3709,821,307
3710,819,307
3711,819,306
3712,817,303
3713,815,301
3714,815,302
3715,814,302
3716,813,302
3717,812,302
3718,811,302
3719,811,302
3720,810,302
3721,811,303
3722,810,303
3723,809,303
3724,809,303
3725,808,303
3726,808,302
3727,809,303
3728,808,303
3729,809,303
3730,808,303
3731,807,303
3732,807,303
3733,806,303
3734,806,303
3735,805,303
3736,804,305
3737,803,305
3738,802,306
3739,801,307
3740,800,308
3741,800,309
3742,799,310
3743,799,311
3744,799,313
3745,798,314
3746,800,316
3747,804,317
3748,808,319
3749,813,320
3750,814,320
3751,815,320
3752,817,320
3753,818,320
3754,819,321
3755,821,321
3756,822,322
3757,823,323
3758,825,323
3759,826,324
3760,829,324
3761,830,325
3762,832,325
3763,833,325
3764,833,325
3765,834,326
3766,836,326
3767,836,326
3768,836,326
3769,835,327
3770,837,327
3771,836,327
3772,835,327
3773,835,328
3774,836,329
3775,835,329
3776,836,329
3777,835,329
3778,835,330
3779,836,330
3780,836,331
3781,837,332
3782,837,332
3783,838,333
3784,840,333
3785,841,334
3786,841,336
3787,840,337
3788,840,338
3789,839,339
3790,839,340
3791,838,336
3792,838,338
3793,837,339
3794,842,334
3795,844,330
3796,843,329
3797,841,328
3798,837,330
3799,837,323
3800,836,318
3801,833,322
3802,835,321
3803,830,324
3804,829,323
3805,825,321
3806,822,320
3807,819,320
3808,816,319
3809,813,318
3810,830,322
3811,832,322
3812,823,311
3813,824,309
3814,824,321
3815,824,328
3816,821,306
3817,824,303
3818,823,302
3819,821,301
3820,823,301
3821,823,301
3822,823,299
3823,823,299
3824,823,299
3825,823,298
3826,824,297
3827,825,296
3828,826,295
3829,826,294
3830,826,294
3831,826,293
3832,826,292
3833,826,292
3834,826,291
3835,826,290
3836,827,290
3837,827,289
3838,828,289
3839,828,288
3840,828,288
3841,830,287
3842,829,287
3843,828,286
3844,829,287
3845,826,286
3846,822,287
3847,818,287
3848,813,288
3849,798,311
3850,799,297
3851,799,292
3852,797,291
3853,795,292
3854,788,295
3855,780,299
3856,773,301
3857,767,304
3858,761,306
3859,755,309
3860,750,311
3861,746,312
3862,742,314
3863,737,316
3864,735,318
3865,732,319
3866,730,321
3867,728,323
3868,726,324
3869,723,326
3870,722,327
3871,721,329
3872,719,331
3873,719,332
3874,717,333
3875,717,334
3876,716,335
3877,716,336
3878,716,338
3879,715,340
3880,715,341
3881,715,343
3882,714,343
3883,715,344
3884,715,346
3885,716,346
3886,716,348
3887,717,349
3888,717,350
3889,717,351
3890,719,352
3891,719,353
3892,719,354
3893,720,356
3894,720,356
3895,722,357
3896,724,358
3897,724,360
3898,724,360
3899,726,361
3900,726,362
3901,728,362
3902,730,363
3903,730,364
3904,730,365
3905,731,366
3906,733,367
3907,734,368
3908,736,368
3909,736,369
3910,738,370
3911,742,370
3912,747,370
3913,751,371
3914,754,369
3915,761,370
3916,770,372
3917,773,373
3918,776,373
3919,781,373
3920,783,373
3921,787,374
3922,792,374
3923,794,376
3924,797,376
3925,801,377
3926,802,379
3927,802,383
3928,803,388
3929,802,392
3930,801,396
3931,801,399
3932,800,402
3933,800,405
3934,801,408
3935,800,410
3936,800,415
3937,799,418
3938,800,421
3939,800,426
3940,799,430
3941,800,433
3942,799,437
3943,800,441
3944,800,446
3945,800,449
3946,800,451
3947,801,453
3948,801,455
3949,802,457
3950,802,461
3951,801,463
3952,803,466
3953,802,468
3954,803,471
3955,803,475
3956,803,479
3957,803,481
3958,804,484
3959,804,485
3960,805,488
3961,804,490
3962,805,492
3963,805,494
3964,806,497
3965,807,500
3966,806,502
3967,807,505
3968,807,507
3969,807,508
3970,808,509
3971,808,511
3972,808,513
3973,808,515
3974,810,517
3975,808,517
3976,805,516
3977,802,515
3978,800,515
3979,801,514
3980,802,513
3981,803,512
3982,803,512
3983,804,511
3984,804,511
3985,805,511
3986,806,511
3987,807,511
3988,807,511
3989,810,510
3990,811,511
3991,811,510
3992,813,511
3993,816,511
3994,817,511
3995,818,511
3996,819,511
3997,822,511
3998,823,511
3999,825,511
4000,826,511
4001,829,511
4002,829,511
4003,833,511
4004,834,512
4005,835,511
4006,838,511
4007,838,511
4008,841,511
4009,841,511
4010,844,511
4011,845,511
4012,848,510
4013,849,511
4014,850,511
4015,853,510
4016,858,510
4017,859,511
4018,863,510
4019,865,512
4020,869,511
4021,870,512
4022,874,512
4023,875,513
4024,877,514
4025,878,515
4026,880,516
4027,884,516
4028,885,517
4029,887,518
4030,888,520
4031,891,520
4032,892,522
4033,895,523
4034,896,525
4035,896,527
4036,899,528
4037,900,529
4038,902,529
4039,903,528
4040,906,527
4041,906,527
4042,908,527
4043,909,527
4044,910,527
4045,912,527
4046,913,527
4047,914,528
4048,915,529
4049,916,529
4050,918,530
4051,914,533
4052,906,536
4053,897,538
4054,889,542
4055,880,545
4056,873,549
4057,866,552
4058,859,556
4059,854,559
4060,849,562
4061,844,565
4062,840,568
4063,835,571
4064,830,574
4065,827,577
4066,824,579
4067,821,580
4068,819,581
4069,818,582
4070,815,584
4071,813,587
4072,812,589
4073,810,590
4074,809,591
4075,807,592
4076,808,593
4077,807,595
4078,805,596
4079,806,597
4080,805,598
4081,806,599
4082,806,600
4083,805,601
4084,805,602
4085,806,603
4086,806,603
4087,807,604
4088,807,604
4089,807,606
4090,809,607
4091,809,607
4092,810,608
4093,811,609
4094,810,610
4095,812,610
4096,813,611
4097,814,611
4098,814,612
4099,815,613
4100,816,613
4101,816,613
4102,817,614
4103,819,615
4104,820,615
4105,821,615
4106,822,616
4107,822,616
4108,824,617
4109,825,617
4110,825,619
4111,827,619
4112,828,619
4113,830,620
4114,830,621
4115,832,620
4116,836,620
4117,847,619
4118,859,617
4119,871,615
4120,883,614
4121,892,613
4122,900,613
4123,908,612
4124,915,612
4125,922,611
4126,928,610
4127,935,610
4128,940,609
4129,944,609
4130,948,609
4131,952,608
4132,956,608
4133,959,608
4134,962,607
4135,966,606
4136,968,606
4137,970,605
4138,972,605
4139,976,605
4140,977,605
4141,979,605
4142,980,604
4143,982,604
4144,983,603
4145,985,603
4146,989,603
4147,998,606
4148,1010,609
4149,1021,610
4150,1030,614
4151,1038,616
4152,1045,618
4153,1052,620
4154,1059,624
4155,1064,625
4156,1070,629
4157,1074,631
4158,1079,634
4159,1083,636
4160,1086,637
4161,1089,638
4162,1093,640
4163,1095,642
4164,1096,643
4165,1099,645
4166,1101,647
4167,1102,648
4168,1103,647
4169,1104,649
4170,1104,650
4171,1104,651
4172,1106,653
4173,1106,654
4174,1107,655
4175,1107,656
4176,1107,656
4177,1108,656
4178,1107,657
4179,1106,658
4180,1106,659
4181,1106,660
4182,1106,661
4183,1105,661
4184,1105,661
4185,1104,662
4186,1104,662
4187,1103,664
4188,1101,664
4189,1101,664
4190,1100,665
4191,1099,665
4192,1098,665
4193,1097,666
4194,1095,666
4195,1095,666
4196,1093,665
4197,1092,666
4198,1091,666
4199,1090,667
4200,1088,667
4201,1087,669
4202,1087,670
4203,1086,673
4204,1084,675
4205,1082,678
4206,1082,680
4207,1081,684
4208,1079,686
4209,1080,689
4210,1073,692
4211,1060,694
4212,1047,696
4213,1038,698
4214,1029,701
4215,1021,703
4216,1015,705
4217,1009,707
4218,1003,710
4219,999,711
4220,994,714
4221,990,715
4222,987,717
4223,985,719
4224,982,722
4225,980,722
4226,979,723
4227,979,724
4228,978,727
4229,977,728
4230,976,730
4231,976,732
4232,975,733
4233,976,736
4234,977,738
4235,976,740
4236,978,741
4237,978,742
4238,980,743
4239,980,746
4240,981,747
4241,982,749
4242,983,751
4243,985,752
4244,985,754
4245,986,756
4246,987,757
4247,990,758
4248,990,760
4249,992,762
4250,994,763
4251,995,764
4252,996,765
4253,998,766
4254,998,768
4255,996,770
4256,994,772
4257,991,774
4258,991,776
4259,990,779
4260,989,781
4261,990,782
4262,990,784
4263,990,786
4264,990,787
4265,991,789
4266,992,791
4267,993,794
4268,994,795
4269,996,797
4270,996,798
4271,998,799
4272,999,802
4273,1000,803
4274,1001,805
4275,1004,806
4276,1005,807
4277,1007,809
4278,1009,811
4279,1011,811
4280,1013,813
4281,1015,814
4282,1017,815
4283,1020,817
4284,1021,818
4285,1023,820
4286,1025,820
4287,1027,821
4288,1029,822
4289,1027,821
4290,1011,817
4291,992,813
4292,974,808
4293,965,806
4294,972,809
4295,985,804
4296,999,797
4297,1009,789
4298,1019,782
4299,1028,778
4300,1036,772
4301,1042,766
4302,1049,762
4303,1055,755
4304,1061,751
4305,1067,744
4306,1071,741
4307,1076,736
4308,1082,731
4309,1088,726
4310,1089,721
4311,1091,719
4312,1094,716
4313,1096,713
4314,1099,710
4315,1102,706
4316,1104,703
4317,1105,698
4318,1108,694
4319,1109,693
4320,1111,691
4321,1112,688
4322,1114,686
4323,1116,683
4324,1116,684
4325,1117,682
4326,1118,678
4327,1118,675
4328,1119,677
4329,1121,675
4330,1122,674
4331,1124,673
4332,1123,674
4333,1123,674
4334,1123,672
4335,1123,671
4336,1123,669
4337,1123,672
4338,1126,672
4339,1127,672
4340,1129,674
4341,1130,675
4342,1132,677
4343,1133,676
4344,1134,677
4345,1135,677
4346,1136,678
4347,1138,682
4348,1139,684
4349,1141,686
4350,1142,688
4351,1143,692
4352,1144,692
4353,1145,695
4354,1146,698
4355,1146,700
4356,1149,702
4357,1149,707
4358,1149,709
4359,1149,711
4360,1152,712
4361,1152,718
4362,1153,722
4363,1154,728
4364,1155,730
4365,1157,732
4366,1156,727
4367,1158,723
4368,1160,720
4369,1150,706
4370,1158,708
4371,1145,699
4372,1139,692
4373,1133,686
4374,1126,679
4375,1120,672
4376,1114,666
4377,1107,659
4378,1089,668
4379,1080,665
4380,1074,659
4381,1067,655
4382,1060,650
4383,1056,644
4384,1049,639
4385,1043,634
4386,1041,634
4387,1036,631
4388,1033,627
4389,1029,625
4390,1027,619
4391,1026,614
4392,1024,609
4393,1023,603
4394,1021,599
4395,1019,593
4396,1017,589
4397,1018,584
4398,1016,582
4399,1015,578
4400,1015,573
4401,1013,572
4402,1012,568
4403,1012,565
4404,1011,566
4405,1010,567
4406,1008,568
4407,1008,568
4408,1009,567
4409,1008,566
4410,1009,565
4411,1010,565
4412,1009,564
4413,1010,564
4414,1010,565
4415,1009,564
4416,1010,564
4417,1010,565
4418,1010,565
4419,1011,565
4420,1010,565
4421,1011,564
4422,1012,565
4423,1011,564
4424,1013,564
4425,1013,565
4426,1012,564
4427,1014,564
4428,1013,564
4429,1014,564
4430,1013,564
4431,1015,564
4432,1015,563
4433,1015,564
4434,1015,564
4435,1017,564
4436,1017,563
4437,1018,564
4438,1018,564
4439,1019,564
4440,1020,565
4441,1019,564
4442,1021,564
4443,1020,564
4444,1021,565
4445,1022,565
4446,1024,565
4447,1023,565
4448,1026,565
4449,1028,566
4450,1031,566
4451,1033,567
4452,1035,566
4453,1037,566
4454,1038,566
4455,1041,566
4456,1042,567
4457,1045,566
4458,1046,567
4459,1050,566
4460,1050,569
4461,1048,570
4462,1048,571
4463,1047,573
4464,1044,577
4465,1046,564
4466,1051,568
4467,1055,568
4468,1059,567
4469,1063,567
4470,1055,570
4471,1056,570
4472,1056,569
4473,1056,570
4474,1057,569
4475,1056,570
4476,1057,570
4477,1057,569
4478,1056,569
4479,1053,570
4480,1055,570
4481,1057,570
4482,1057,571
4483,1056,570
4484,1053,564
4485,1051,560
4486,1049,556
4487,1038,543
4488,1035,539
4489,1030,534
4490,1025,530
4491,1023,523
4492,1020,520
4493,1018,515
4494,1015,510
4495,1012,510
4496,1009,508
4497,1006,505
4498,1005,503
4499,1003,503
4500,1003,502
4501,1001,500
4502,999,498
4503,997,498
4504,997,497
4505,995,496
4506,995,494
4507,993,492
4508,991,490
4509,991,488
4510,991,488
4511,990,487
4512,989,487
4513,989,486
4514,989,486
4515,989,484
4516,988,484
4517,987,482
4518,987,481
4519,987,481
4520,987,481
4521,987,481
4522,986,481
4523,986,480
4524,987,479
4525,986,479
4526,987,478
4527,986,478
4528,987,478
4529,988,478
4530,989,477
4531,989,476
4532,990,476
4533,991,476
4534,991,474
4535,992,474
4536,994,474
4537,995,474
4538,995,473
4539,997,473
4540,997,473
4541,998,473
4542,999,473
4543,999,474
4544,999,474
4545,999,475
4546,1001,475
4547,1001,475
4548,1003,475
4549,1001,479
4550,995,485
4551,987,491
4552,980,496
4553,976,501
4554,970,506
4555,966,511
4556,961,515
4557,958,519
4558,953,522
4559,950,526
4560,948,530
4561,946,533
4562,943,536
4563,941,539
4564,939,543
4565,936,547
4566,936,549
4567,935,550
4568,934,551
4569,934,552
4570,934,554
4571,933,554
4572,933,556
4573,934,558
4574,933,558
4575,934,560
4576,934,563
4577,934,564
4578,935,565
4579,936,564
4580,936,565
4581,938,566
4582,938,566
4583,939,567
4584,939,568
4585,941,569
4586,942,569
4587,944,569
4588,945,570
4589,947,570
4590,948,571
4591,948,571
4592,951,572
4593,951,572
4594,954,572
4595,955,573
4596,957,573
4597,958,573
4598,960,573
4599,962,573
4600,963,573
4601,966,573
4602,967,573
4603,970,573
4604,971,572
4605,973,574
4606,979,571
4607,983,569
4608,976,558
4609,976,552
4610,975,547
4611,974,543
4612,974,540
4613,975,535
4614,975,532
4615,976,529
4616,976,526
4617,977,524
4618,978,521
4619,979,519
4620,979,516
4621,980,515
4622,981,514
4623,982,512
4624,984,510
4625,985,510
4626,985,508
4627,987,507
4628,989,507
4629,989,505
4630,990,503
4631,991,503
4632,993,503
4633,994,501
4634,995,502
4635,998,501
4636,999,501
4637,1000,500
4638,1003,499
4639,1005,498
4640,1006,498
4641,1007,498
4642,1008,498
4643,1009,498
4644,1010,498
4645,1013,497
4646,1014,498
4647,1014,497
4648,1016,497
4649,1015,496
4650,1016,497
4651,1018,498
4652,1020,497
4653,1021,496
4654,1022,495
4655,1023,494
4656,1023,495
4657,1025,495
4658,1026,496
4659,1026,497
4660,1026,496
4661,1029,496
4662,1030,497
4663,1030,496
4664,1032,496
4665,1033,497
4666,1033,496
4667,1034,497
4668,1036,497
4669,1037,496
4670,1038,497
4671,1038,496
4672,1039,497
4673,1041,497
4674,1042,497
4675,1044,496
4676,1045,497
4677,1045,496
4678,1046,497
4679,1048,496
4680,1049,497
4681,1049,496
4682,1050,497
4683,1052,497
4684,1061,497
4685,1078,498
4686,1095,498
4687,1113,497
4688,1127,496
4689,1139,496
4690,1149,496
4691,1159,496
4692,1169,497
4693,1177,496
4694,1185,497
4695,1192,496
4696,1198,496
4697,1204,495
4698,1209,496
4699,1213,494
4700,1217,495
4701,1221,494
4702,1225,495
4703,1227,494
4704,1230,495
4705,1232,494
4706,1233,493
4707,1236,493
4708,1237,494
4709,1237,494
4710,1239,493
4711,1240,492
4712,1240,493
4713,1240,492
4714,1241,491
4715,1241,492
4716,1242,492
4717,1240,492
4718,1240,491
4719,1240,491
4720,1239,492
4721,1238,491
4722,1238,490
4723,1236,490
4724,1235,490
4725,1235,490
4726,1234,490
4727,1234,490
4728,1232,490
4729,1230,489
4730,1230,489
4731,1229,489
4732,1227,490
4733,1224,489
4734,1222,490
4735,1219,490
4736,1212,486
4737,1206,481
4738,1205,475
4739,1199,470
4740,1195,465
4741,1187,473
4742,1181,474
4743,1175,475
4744,1179,447
4745,1177,442
4746,1174,438
4747,1172,434
4748,1170,430
4749,1167,426
4750,1165,423
4751,1165,420
4752,1163,417
4753,1161,412
4754,1159,408
4755,1158,403
4756,1157,401
4757,1155,396
4758,1153,394
4759,1154,390
4760,1152,387
4761,1151,385
4762,1149,382
4763,1148,380
4764,1148,377
4765,1148,375
4766,1146,372
4767,1145,371
4768,1145,369
4769,1144,367
4770,1143,366
4771,1142,364
4772,1143,363
4773,1142,362
4774,1141,359
4775,1139,356
4776,1138,353
4777,1137,349
4778,1137,345
4779,1135,343
4780,1134,340
4781,1133,336
4782,1133,333
4783,1131,332
4784,1130,330
4785,1130,327
4786,1129,326
4787,1128,323
4788,1127,323
4789,1126,320
4790,1125,318
4791,1124,317
4792,1123,316
4793,1123,315
4794,1123,314
4795,1122,312
4796,1122,311
4797,1121,310
4798,1120,310
4799,1120,310
4800,1119,310
4801,1118,309
4802,1117,310
4803,1118,310
4804,1117,310
4805,1116,310
4806,1115,309
4807,1114,306
4808,1112,304
4809,1113,301
4810,1112,299
4811,1111,298
4812,1110,295
4813,1109,293
4814,1107,292
4815,1106,290
4816,1108,294
4817,1112,300
4818,1114,306
4819,1117,310
4820,1119,315
4821,1121,319
4822,1123,324
4823,1125,328
4824,1127,333
4825,1128,336
4826,1131,341
4827,1132,347
4828,1133,351
4829,1133,355
4830,1134,359
4831,1136,363
4832,1137,369
4833,1137,373
4834,1138,378
4835,1139,382
4836,1140,387
4837,1140,390
4838,1141,395
4839,1141,399
4840,1141,404
4841,1141,408
4842,1143,411
4843,1142,413
4844,1143,416
4845,1143,419
4846,1143,421
4847,1143,424
4848,1144,427
4849,1143,429
4850,1143,434
4851,1143,438
4852,1143,441
4853,1144,444
4854,1144,448
4855,1144,451
4856,1144,453
4857,1144,455
4858,1144,458
4859,1144,462
4860,1143,464
4861,1144,466
4862,1143,469
4863,1143,472
4864,1144,474
4865,1142,476
4866,1142,479
4867,1141,481
4868,1141,484
4869,1142,486
4870,1140,489
4871,1139,492
4872,1138,494
4873,1139,496
4874,1137,498
4875,1136,501
4876,1135,503
4877,1135,505
4878,1134,507
4879,1134,508
4880,1132,510
4881,1132,512
4882,1131,515
4883,1129,517
4884,1129,517
4885,1127,518
4886,1126,520
4887,1125,521
4888,1125,521
4889,1121,520
4890,1112,518
4891,1102,515
4892,1094,511
4893,1088,508
4894,1081,506
4895,1077,503
4896,1071,501
4897,1067,499
4898,1062,498
4899,1059,496
4900,1054,495
4901,1052,493
4902,1049,492
4903,1045,491
4904,1043,490
4905,1041,490
4906,1039,490
4907,1036,490
4908,1033,490
4909,1032,490
4910,1031,490
4911,1030,491
4912,1029,490
4913,1028,488
4914,1030,484
4915,1030,482
4916,1030,482
4917,1033,480
4918,1037,475
4919,1039,470
4920,1042,465
4921,1045,461
4922,1048,456
4923,1050,452
4924,1040,478
4925,1040,481
4926,1040,483
4927,1039,486
4928,1039,489
4929,1039,492
4930,1038,495
4931,1038,498
4932,1038,501
4934,1072,407
4935,1072,404
4936,1074,401
4937,1075,397
4938,1076,395
4939,1076,393
4940,1077,390
4941,1078,387
4942,1078,384
4943,1079,383
4944,1079,379
4945,1081,376
4946,1081,373
4947,1080,369
4948,1080,367
4949,1080,365
4950,1081,362
4951,1082,360
4952,1082,359
4953,1081,357
4954,1082,355
4955,1082,352
4956,1083,350
4957,1083,348
4958,1082,345
4959,1082,344
4960,1081,341
4961,1082,339
4962,1082,338
4963,1082,336
4964,1081,333
4965,1081,332
4966,1082,330
4967,1082,328
4968,1081,326
4969,1082,323
4970,1082,322
4971,1081,321
4972,1081,319
4973,1080,317
4974,1080,315
4975,1080,313
4976,1081,311
4977,1080,310
4978,1080,308
4979,1080,307
4980,1079,305
4981,1080,304
4982,1079,302
4983,1079,301
4984,1079,299
4985,1078,298
4986,1078,297
4987,1077,295
4988,1077,293
4989,1078,293
4990,1078,291
4991,1077,290
4992,1077,289
4993,1076,287
4994,1077,286
4995,1077,285
4996,1076,284
4997,1076,283
4998,1075,282
4999,1075,282
5000,1076,280
5001,1075,279
5002,1075,278
5003,1074,277
5004,1071,277
5005,1067,275
5006,1063,274
5007,1060,273
5008,1057,274
5009,1057,273
5010,1054,272
5011,1053,271
5012,1050,271
5013,1048,270
5014,1047,270
5015,1046,269
5016,1044,269
5017,1043,268
5018,1042,267
5019,1041,267
5020,1040,266
5021,1039,266
5022,1038,265
5023,1039,264
5024,1038,264
5025,1037,263
5026,1036,262
5027,1037,262
5028,1036,261
5029,1033,260
5030,1024,258
5031,1013,257
5032,1003,256
5033,993,254
5034,985,252
5035,977,251
5036,972,250
5037,967,248
5038,962,247
5039,957,246
5040,951,245
5041,948,243
5042,944,242
5043,940,241
5044,937,240
5045,934,238
5046,932,237
5047,929,235
5048,926,234
5049,924,233
5050,922,232
5051,920,231
5052,919,230
5053,918,228
5054,916,227
5055,914,226
5056,913,225
5057,913,225
5058,913,224
5059,912,223
5060,912,222
5061,913,221
5062,915,220
5063,916,219
5064,917,218
5065,918,217
5066,920,217
5067,922,216
5068,923,215
5069,924,214
5070,925,213
5071,928,212
5072,930,211
5073,932,209
5074,933,208
5075,935,206
5076,937,205
5077,939,205
5078,940,204
5079,942,204
5080,943,203
5081,944,203
5082,946,203
5083,948,202
5084,949,202
5085,951,202
5086,952,202
5087,954,200
5088,956,199
5089,957,198
5090,960,197
5091,962,195
5092,963,195
5093,965,194
5094,966,193
5095,967,192
5096,972,191
5097,977,191
5098,982,193
5099,986,193
5100,989,192
5101,992,192
5102,994,192
5103,997,192
5104,1000,193
5105,1002,193
5106,1004,193
5107,1006,193
5108,1008,193
5109,1009,191
5110,1013,191
5111,1013,192
5112,1014,192
5113,1018,191
5114,1018,191
5115,1019,191
5116,1022,191
5117,1022,192
5118,1023,191
5119,1025,191
5120,1025,191
5121,1026,191
5122,1028,190
5123,1028,190
5124,1031,191
5125,1031,191
5126,1036,191
5127,1039,191
5128,1044,187
5129,1046,186
5130,1047,188
5131,1050,189
5132,1051,190
5133,1054,190
5134,1054,190
5135,1057,190
5136,1058,189
5137,1060,188
5138,1060,189
5139,1060,190
5140,1062,190
5141,1062,190
5142,1062,190
5143,1063,190
5144,1063,189
5145,1057,173
5146,1056,168
5147,1052,186
5148,1049,189
5149,1046,189
5150,1044,188
5151,1043,187
5152,1041,187
5153,1040,186
5154,1038,186
5155,1037,186
5156,1036,186
5157,1035,185
5158,1035,184
5159,1034,184
5160,1034,184
5161,1033,183
5162,1032,184
5163,1032,184
5164,1033,183
5165,1032,183
5166,1033,182
5167,1033,181
5168,1034,181
5169,1049,159
5170,1052,156
5171,1038,173
5172,1035,179
5173,1035,180
5174,1037,179
5175,1037,178
5176,1038,177
5177,1038,176
5178,1040,176
5179,1040,175
5180,1040,175
5181,1041,174
5182,1041,174
5183,1042,174
5184,1042,174
5185,1043,173
5186,1044,172
5187,1045,172
5188,1045,172
5189,1046,171
5190,1047,170
5191,1047,170
5192,1048,170
5193,1048,170
5194,1051,170
5195,1055,167
5196,1056,166
5197,1057,166
5198,1058,165
5199,1058,157
5200,1056,155
5201,1056,151
5202,1055,148
5203,1067,165
5204,1067,167
5205,1068,169
5206,1069,169
5207,1069,169
5208,1070,169
5209,1070,169
5210,1074,169
5211,1084,170
5212,1094,170
5213,1104,171
5214,1112,172
5215,1120,173
5216,1127,174
5217,1133,174
5218,1138,174
5219,1143,175
5220,1148,176
5221,1152,177
5222,1155,178
5223,1158,179
5224,1161,180
5225,1163,181
5226,1165,182
5227,1167,182
5228,1167,183
5229,1169,185
5230,1170,186
5231,1171,187
5232,1171,188
5233,1172,188
5234,1172,189
5235,1171,190
5236,1170,190
5237,1171,191
5238,1171,191
5239,1170,192
5240,1169,193
5241,1169,193
5242,1168,194
5243,1167,195
5244,1166,195
5245,1165,195
5246,1164,195
5247,1162,196
5248,1161,197
5249,1159,198
5250,1159,199
5251,1159,200
5252,1157,201
5253,1155,202
5254,1154,204
5255,1152,205
5256,1150,204
5257,1148,205
5258,1146,205
5259,1145,206
5260,1143,207
5261,1141,207
5262,1141,208
5263,1139,209
5264,1138,210
5265,1136,210
5266,1134,210
5267,1132,210
5268,1130,210
5269,1128,211
5270,1126,212
5271,1125,214
5272,1123,215
5273,1123,215
5274,1121,215
5275,1118,216
5276,1110,216
5277,1101,217
5278,1092,217
5279,1083,218
5280,1077,218
5281,1070,219
5282,1065,221
5283,1060,222
5284,1054,223
5285,1050,225
5286,1047,225
5287,1045,225
5288,1042,224
5289,1040,224
5290,1038,224
5291,1037,225
5292,1035,225
5293,1033,226
5294,1032,226
5295,1030,226
5296,1027,227
5297,1024,227
5298,1022,229
5299,1019,230
5300,1018,232
5301,1016,233
5302,1014,235
5303,1012,236
5304,1013,237
5305,1012,237
5306,1012,237
5307,1011,238
5308,1011,238
5309,1011,239
5310,1010,239
5311,1010,240
5312,1010,241
5313,1010,241
5314,1010,241
5315,1010,242
5316,1010,242
5317,1010,243
5318,1010,243
5319,1011,244
5320,1012,245
5321,1013,245
5322,1013,246
5323,1013,246
5324,1013,246
5325,1014,246
5326,1014,247
5327,1014,247
5328,1015,248
5329,1015,248
5330,1016,249
5331,1017,249
5332,1017,249
5333,1017,249
5334,1017,250
5335,1017,250
5336,1017,250
5337,1018,251
5338,1018,251
5339,1018,251
5340,1019,252
5341,1019,252
5342,1020,252
5343,1021,251
5344,1021,250
5345,1020,249
5346,1020,245
5347,1019,244
5348,1022,233
5349,1020,240
5350,1020,242
5351,1019,244
5352,1021,231
5353,1020,230
5354,1019,228
5355,1018,226
5356,1017,242
5357,1020,242
5358,1020,241
5359,1020,241
5360,1021,241
5361,1021,241
5362,1019,239
5363,1022,239
5364,1021,238
5365,1021,238
5366,1021,237
5367,1022,236
5368,1022,236
5369,1023,236
5370,1023,236
5371,1024,237
5372,1024,236
5373,1024,236
5374,1024,235
5375,1027,235
5376,1026,235
5377,1023,235
5378,1020,234
5379,1018,233
5380,1017,233
5381,1016,232
5382,1015,232
5383,1015,232
5384,1013,232
5385,1013,231
5386,1012,231
5387,1012,230
5388,1013,230
5389,1012,230
5390,1011,230
5391,1013,229
5392,1012,229
5393,1012,229
5394,1012,228
5395,1012,228
5396,1012,227
5397,1013,227
5398,1014,227
5399,1015,226
5400,1015,226
5401,1016,226
5402,1016,226
5403,1017,226
5404,1017,225
5405,1018,225
5406,1018,225
5407,1017,227
5408,1014,230
5409,1011,232
5410,1008,235
5411,1006,238
5412,1004,241
5413,1001,245
5414,1000,248
5415,998,251
5416,997,254
5417,997,256
5418,996,258
5419,995,260
5420,994,262
5421,994,264
5422,994,267
5423,994,269
5424,994,271
5425,994,272
5426,994,275
5427,994,277
5428,995,278
5429,995,279
5430,995,282
5431,996,283
5432,997,286
5433,998,287
5434,998,289
5435,999,291
5436,999,292
5437,1000,294
5438,1001,295
5439,1002,298
5440,1003,299
5441,1003,301
5442,1004,302
5443,1005,303
5444,1006,304
5445,1007,306
5446,1008,307
5447,1013,310
5448,1015,312
5449,1016,314
5450,1016,315
5451,1015,315
5452,1015,314
5453,1015,315
5454,1018,316
5455,1020,316
5456,1020,317
5457,1029,310
5458,1035,307
5459,1022,322
5460,1020,326
5461,1021,327
5462,1024,327
5463,1026,329
5464,1028,330
5465,1017,325
5466,1012,323
5467,1007,323
5468,1001,321
5469,996,321
5470,992,321
5471,989,321
5472,988,321
5473,987,321
5474,984,320
5475,982,319
5476,979,320
5477,978,320
5478,976,321
5479,973,321
5480,973,321
5481,974,320
5482,974,320
5483,974,320
5484,973,320
5485,974,320
5486,974,321
5487,975,322
5488,976,322
5489,976,321
5490,978,321
5491,978,322
5492,980,322
5493,980,322
5494,981,323
5495,983,323
5496,984,323
5497,986,323
5498,988,324
5499,988,324
5500,990,324
5501,991,324
5502,993,325
5503,996,325
5504,997,326
5505,998,326
5506,1000,326
5507,1002,327
5508,1003,326
5509,1006,327
5510,1007,327
5511,1009,327
5512,1010,328
5513,1011,329
5514,1014,329
5515,1015,329
5516,1018,329
5517,1019,329
5518,1021,328
5519,1022,329
5520,1020,327
5521,1016,324
5522,1014,320
5523,1013,318
5524,1010,316
5525,1008,314
5526,1006,311
5527,1004,309
5528,1002,308
5529,1000,306
5530,1000,305
5531,1000,305
5532,998,303
5533,999,302
5534,998,300
5535,997,298
5536,998,296
5537,998,295
5538,998,294
5539,998,293
5540,998,292
5541,998,292
5542,999,291
5543,1000,290
5544,1001,290
5545,1000,287
5546,1001,286
5547,1001,286
5548,1003,285
5549,1004,284
5550,1004,283
5551,1005,282
5552,1006,282
5553,1007,281
5554,1008,281
5555,1008,279
5556,1010,278
5557,1011,277
5558,1012,276
5559,1013,276
5560,1014,275
5561,1015,275
5562,1016,274
5563,1017,274
5564,1019,273
5565,1020,273
5566,1022,272
5567,1023,271
5568,1023,270
5569,1025,270
5570,1026,270
5571,1027,269
5572,1028,268
5573,1030,268
5574,1032,267
5575,1033,267
5576,1034,267
5577,1036,267
5578,1037,266
5579,1038,265
5580,1039,265
5581,1042,264
5582,1042,263
5583,1042,263
5584,1045,263
5585,1046,262
5586,1047,262
5587,1049,262
5588,1051,261
5589,1051,261
5590,1053,261
5591,1054,261
5592,1055,260
5593,1056,259
5594,1057,259
5595,1058,258
5596,1059,258
5597,1060,258
5598,1063,259
5599,1065,260
5600,1065,261
5601,1068,261
5602,1068,262
5603,1068,262
5604,1069,262
5605,1071,263
5606,1071,264
5607,1072,266
5608,1072,267
5609,1073,269
5610,1074,270
5611,1075,270
5612,1076,271
5613,1077,271
5614,1077,271
5615,1078,271
5616,1079,272
5617,1080,272
5618,1080,274
5619,1081,274
5620,1083,274
5621,1088,274
5622,1095,274
5623,1103,275
5624,1109,275
5625,1115,276
5626,1119,276
5627,1124,277
5628,1127,278
5629,1130,279
5630,1135,280
5631,1138,282
5632,1141,283
5633,1144,284
5634,1146,285
5635,1148,286
5636,1150,287
5637,1152,291
5638,1153,292
5639,1154,293
5640,1155,293
5641,1156,294
5642,1156,294
5643,1159,296
5644,1159,297
5645,1158,298
5646,1158,299
5647,1157,299
5648,1157,299
5649,1157,300
5650,1157,300
5651,1157,301
5652,1157,302
5653,1157,302
5654,1157,303
5655,1156,304
5656,1156,306
5657,1156,307
5658,1155,309
5659,1155,310
5660,1155,310
5661,1154,310
5662,1153,310
5663,1152,310
5664,1151,311
5665,1151,311
5666,1150,312
5667,1150,312
5668,1149,313
5669,1149,314
5670,1148,315
5671,1147,315
5672,1146,315
5673,1146,315
5674,1146,316
5675,1148,318
5676,1140,323
5677,1136,326
5678,1143,319
5679,1123,334
5680,1133,325
5681,1130,321
5682,1123,321
5683,1115,323
5684,1108,324
5685,1103,326
5686,1098,326
5687,1092,328
5688,1089,328
5689,1086,329
5690,1083,330
5691,1079,330
5692,1076,331
5693,1077,330
5694,1074,330
5695,1067,357
5696,1061,341
5697,1062,337
5698,1065,337
5699,1068,338
5700,1067,341
5701,1064,340
5702,1064,341
5703,1063,342
5704,1062,343
5705,1062,343
5706,1059,342
5707,1056,340
5708,1055,338
5709,1053,336
5710,1051,334
5711,1052,315
5712,1035,332
5713,1027,339
5714,1022,341
5715,1019,340
5716,1015,340
5717,1010,339
5718,1006,338
5719,1003,338
5720,999,339
5721,995,339
5722,993,339
5723,989,339
5724,986,339
5725,982,338
5726,979,338
5727,976,339
5728,974,339
5729,970,338
5730,967,339
5731,965,339
5732,962,339
5733,959,339
5734,957,339
5735,954,339
5736,952,339
5737,948,339
5738,946,338
5739,944,339
5740,941,339
5741,939,339
5742,938,339
5743,935,338
5744,932,338
5745,929,338
5746,928,339
5747,926,338
5748,925,338
5749,923,338
5750,921,338
5751,918,338
5752,917,338
5753,916,339
5754,913,338
5755,912,338
5756,911,339
5757,910,338
5758,908,339
5759,907,339
5760,904,339
5761,903,339
5762,901,339
5763,899,339
5764,899,339
5765,899,339
5766,897,339
5767,895,339
5768,895,339
5769,893,338
5770,891,339
5771,891,339
5772,889,339
5773,887,339
5774,887,339
5775,886,339
5776,884,339
5777,884,339
5778,882,339
5779,881,340
5780,881,339
5781,877,339
5782,873,341
5783,869,342
5784,863,343
5785,860,345
5786,857,345
5787,853,347
5788,848,348
5789,845,349
5790,841,350
5791,838,351
5792,835,352
5793,831,352
5794,829,352
5795,825,354
5796,823,354
5797,819,355
5798,816,356
5799,814,357
5800,810,356
5801,809,357
5802,807,357
5803,804,359
5804,802,359
5805,799,359
5806,797,360
5807,794,361
5808,791,362
5809,790,362
5810,788,363
5811,786,363
5812,784,364
5813,781,364
5814,780,364
5815,778,365
5816,775,365
5817,774,365
5818,773,366
5819,770,366
5820,770,366
5821,767,366
5822,765,368
5823,765,369
5824,764,369
5825,762,369
5826,761,369
5827,759,369
5828,758,369
5829,758,370
5830,756,371
5831,755,371
5832,753,371
5833,753,371
5834,751,372
5835,750,372
5836,749,372
5837,748,372
5838,748,372
5839,746,373
5840,746,373
5841,744,373
5842,743,373
5843,742,374
5844,740,374
5845,739,374
5846,739,374
5847,736,374
5848,735,374
5849,734,376
5850,740,380
5851,748,385
5852,755,391
5853,763,396
5854,771,401
5855,778,405
5856,785,410
5857,795,418
5858,803,421
5859,811,426
5860,818,429
5861,826,434
5862,833,438
5863,838,442
5864,844,446
5865,851,450
5866,857,457
5867,865,461
5868,870,466
5869,876,470
5870,882,475
5871,888,479
5872,894,484
5873,901,489
5874,907,493
5875,913,498
5876,919,502
5877,928,513
5878,933,517
5879,941,522
5880,946,527
5881,954,530
5882,959,533
5883,964,536
5884,970,540
5885,976,542
5886,981,545
5887,987,548
5888,995,550
5889,1000,555
5890,1006,559
5891,1013,562
5892,1019,565
5893,1001,561
5894,971,557
5895,939,550
5896,909,542
5897,879,536
5898,853,529
5899,824,522
5900,801,521
5901,775,516
5902,749,512
5903,728,510
5904,706,506
5905,683,503
5906,660,499
5907,637,495
5908,614,491
5909,591,488
5910,583,491
5911,565,487
5912,548,484
5913,531,481
5914,514,480
5915,498,478
5916,481,475
5917,467,473
5918,446,473
5919,426,470
5920,406,467
5921,397,468
5922,387,466
5923,381,467
5924,376,466
5925,372,465
5926,370,466
5927,368,466
5928,368,466
5929,366,467
5930,366,468
5931,368,468
5932,369,468
5933,371,470
5934,371,471
5935,374,471
5936,375,472
5937,377,473
5938,381,473
5939,381,473
5940,383,474
5941,386,474
5942,387,475
5943,389,476
5944,390,478
5945,391,479
5946,394,479
5947,394,480
5948,398,482
5949,399,483
5950,402,484
5951,404,487
5952,404,485
5953,404,483
5954,405,482
5955,408,479
5956,407,478
5957,407,477
5958,407,478
5959,406,477
5960,409,475
5961,409,474
5962,409,473
5963,410,473
5964,410,471
5965,410,471
5966,412,471
5967,414,470
5968,413,470
5969,413,471
5970,414,471
5971,416,471
5972,417,471
5973,417,471
5974,417,472
5975,419,472
5976,420,471
5977,420,470
5978,423,468
5979,424,466
5980,424,464
5981,425,462
5982,425,461
5983,425,460
5984,427,458
5985,428,457
5986,429,458
5987,428,457
5988,429,457
5989,429,458
5990,428,457
5991,429,457
5992,429,458
5993,428,457
5994,429,457
5995,429,458
5996,428,457
5997,429,458
5998,428,457
5999,428,458
6000,428,457
6001,428,458
6002,428,458
6003,428,458
6004,428,458
6005,428,459
6006,428,459
6007,428,459
6008,428,459
6009,428,459
6011,961,502
6012,962,503
6013,961,502
6014,962,502
6015,962,503
6016,961,502
6017,962,503
6018,961,503
6019,962,503
6020,961,502
6021,961,503
6022,961,502
6023,961,503
6024,961,502
6025,962,502
6026,961,502
6027,961,502
6028,961,502
6029,961,503
6030,961,502
6031,961,503
6032,961,502
6033,961,502
6034,961,503
6035,960,502
6036,951,502
6037,937,501
6038,926,502
6039,915,501
6040,906,501
6041,897,502
6042,889,501
6043,883,500
6044,876,501
6045,871,501
6046,867,501
6047,862,500
6048,859,500
6049,855,501
6050,853,500
6051,849,501
6052,847,501
6053,844,500
6054,843,500
6055,842,500
6056,841,501
6057,839,500
6058,839,500
6059,840,500
6060,839,498
6061,840,498
6062,839,497
6063,841,497
6064,841,497
6065,841,496
6066,842,495
6067,843,497
6068,842,496
6069,843,497
6070,844,497
6071,844,499
6072,844,499
6073,845,499
6074,858,500
6075,878,500
6076,898,499
6077,916,500
6078,932,500
6079,946,501
6080,959,501
6081,971,502
6082,981,501
6083,990,500
6084,999,501
6085,1006,500
6086,1012,500
6087,1019,501
6088,1025,500
6089,1030,502
6090,1035,501
6091,1040,503
6092,1044,502
6093,1047,503
6094,1050,502
6095,1052,501
6096,1054,500
6097,1056,501
6098,1057,500
6099,1059,501
6100,1060,500
6101,1061,501
6102,1062,501
6103,1063,503
6104,1063,502
6105,1064,503
6106,1064,502
6107,1063,501
6108,1062,501
6109,1062,501
6110,1061,500
6111,1061,502
6112,1056,500
6113,1045,498
6114,1034,495
6115,1023,492
6116,1015,488
6117,1007,484
6118,999,482
6119,993,479
6120,986,476
6121,981,471
6122,977,466
6123,971,464
6124,967,460
6125,962,454
6126,958,452
6127,957,447
6128,954,445
6129,951,440
6130,948,435
6131,945,431
6132,945,426
6133,943,425
6134,943,425
6135,942,421
6136,941,421
6137,940,418
6138,939,415
6139,937,410
6140,936,408
6141,937,404
6142,934,398
6143,933,394
6144,932,390
6145,932,389
6146,933,386
6147,932,384
6148,932,381
6149,931,379
6150,932,376
6151,931,372
6152,931,371
6153,932,367
6154,931,367
6155,931,367
6156,931,364
6157,932,361
6158,932,362
6159,931,360
6160,933,357
6161,933,358
6162,932,356
6163,934,354
6164,934,356
6165,934,354
6166,934,355
6167,933,354
6168,935,354
6169,935,356
6170,935,354
6171,937,353
6172,936,355
6173,936,355
6174,937,354
6175,936,356
6176,938,356
6177,938,360
6178,938,360
6179,938,362
6180,938,362
6181,939,363
6182,939,366
6183,939,367
6184,940,368
6185,941,372
6186,941,373
6187,941,377
6188,941,378
6189,941,383
6190,942,384
6191,942,388
6192,942,390
6193,943,394
6194,943,396
6195,945,398
6196,944,403
6197,944,406
6198,945,409
6199,946,415
6200,945,418
6201,945,422
6202,944,425
6203,946,433
6204,946,437
6205,946,440
6206,947,447
6207,947,450
6208,947,457
6209,947,461
6210,948,467
6211,948,471
6212,949,477
6213,948,482
6214,948,487
6215,948,495
6216,949,501
6217,949,506
6218,951,511
6219,951,519
6220,950,525
6221,950,531
6222,950,537
6223,952,543
6224,952,553
6225,951,559
6226,953,566
6227,954,573
6228,952,583
6229,952,588
6230,953,595
6231,953,605
6232,954,613
6233,953,620
6234,953,628
6235,954,636
6236,956,640
6237,959,638
6238,961,636
6239,964,635
6240,966,636
6241,966,635
6242,967,637
6243,967,636
6244,970,636
6245,971,638
6246,971,641
6247,972,639
6248,972,636
6249,972,632
6250,972,630
6251,971,627
6252,970,625
6253,971,622
6254,970,619
6255,970,619
6256,969,614
6257,970,611
6258,970,610
6259,969,607
6260,969,605
6261,970,603
6262,971,602
6263,970,602
6264,969,599
6265,970,597
6266,969,598
6267,968,599
6268,967,598
6269,968,597
6270,967,598
6271,965,598
6272,964,600
6273,965,601
6274,964,602
6275,962,602
6276,961,600
6277,960,600
6278,958,598
6279,958,596
6280,954,594
6281,953,594
6282,952,595
6283,952,594
6284,950,593
6285,948,594
6286,948,592
6287,946,590
6288,945,590
6289,944,590
6290,942,590
6291,941,589
6292,939,587
6293,938,584
6294,937,583
6295,935,581
6296,933,579
6297,933,578
6298,930,578
6299,928,576
6300,927,576
6301,925,574
6302,924,574
6303,923,574
6304,921,574
6305,922,574
6306,921,575
6307,919,573
6308,918,574
6309,917,575
6310,916,575
6311,915,576
6312,916,576
6313,914,578
6314,914,579
6315,912,578
6316,910,577
6317,908,575
6318,908,574
6319,907,574
6320,905,573
6321,900,572
6322,889,570
6323,878,567
6324,866,563
6325,857,562
6326,849,560
6327,843,558
6328,835,557
6329,830,555
6330,825,553
6331,821,551
6332,817,550
6333,813,549
6334,809,548
6335,808,547
6336,806,547
6337,803,545
6338,801,545
6339,798,543
6340,795,543
6341,793,542
6342,792,541
6343,791,540
6344,790,540
6345,790,539
6346,788,538
6347,788,538
6348,788,537
6349,787,537
6350,788,536
6351,787,537
6352,787,536
6353,788,535
6354,787,535
6355,788,534
6356,788,535
6357,788,534
6358,789,534
6359,789,534
6360,790,533
6361,790,534
6362,790,533
6363,791,533
6364,792,532
6365,792,531
6366,793,532
6367,794,531
6368,795,532
6369,794,531
6370,796,531
6371,798,530
6372,800,530
6373,814,531
6374,834,529
6375,856,530
6376,877,528
6377,895,527
6378,912,527
6379,926,526
6380,940,527
6381,953,525
6382,965,524
6383,975,525
6384,986,523
6385,995,524
6386,1003,522
6387,1011,523
6388,1019,522
6389,1025,521
6390,1032,523
6391,1038,522
6392,1043,522
6393,1048,523
6394,1053,522
6395,1057,523
6396,1061,522
6397,1064,521
6398,1066,520
6399,1068,519
6400,1070,518
6401,1072,517
6402,1074,517
6403,1075,515
6404,1076,515
6405,1079,514
6406,1079,515
6407,1080,514
6408,1081,514
6409,1082,514
6410,1084,512
6411,1084,513
6412,1086,514
6413,1086,515
6414,1087,516
6415,1087,516
6416,1086,515
6417,1087,514
6418,1086,514
6419,1085,513
6420,1084,512
6421,1081,511
6422,1079,512
6423,1078,511
6424,1077,511
6425,1074,511
6426,1072,512
6427,1070,511
6428,1068,511
6429,1066,511
6430,1063,511
6431,1060,510
6432,1050,513
6433,1036,517
6434,1022,522
6435,1010,525
6436,996,528
6437,985,532
6438,975,535
6439,966,537
6440,955,539
6441,947,542
6442,940,544
6443,933,546
6444,925,547
6445,919,548
6446,914,550
6447,907,551
6448,903,552
6449,899,554
6450,893,554
6451,890,555
6452,886,555
6453,883,556
6454,884,558
6455,882,560
6456,882,561
6457,882,562
6458,880,563
6459,880,564
6460,878,564
6461,878,564
6462,876,565
6463,876,566
6464,876,566
6465,875,568
6466,874,568
6467,873,568
6468,873,568
6469,872,569
6470,870,569
6471,870,569
6472,869,570
6473,868,569
6474,867,569
6475,866,569
6476,866,568
6477,864,568
6478,864,568
6479,862,569
6480,860,569
6481,860,570
6482,860,569
6483,859,569
6484,859,569
6485,858,569
6486,858,570
6487,859,570
6488,861,570
6489,864,571
6490,866,572
6491,867,572
6492,869,573
6493,872,573
6494,872,573
6495,873,574
6496,873,574
6497,873,574
6498,875,575
6499,876,575
6500,875,576
6501,874,576
6502,875,576
6503,874,577
6504,873,577
6505,875,575
6506,878,573
6507,881,571
6508,882,569
6509,883,568
6510,884,566
6511,885,565
6512,885,564
6513,884,563
6514,884,562
6515,886,561
6516,887,560
6517,886,560
6518,885,558
6519,885,557
6520,885,557
6521,883,556
6522,882,556
6523,883,556
6524,882,555
6525,882,555
6526,884,556
6527,892,558
6528,902,562
6529,911,564
6530,919,568
6531,925,570
6532,931,572
6533,935,575
6534,940,578
6535,945,581
6536,948,583
6537,951,587
6538,954,589
6539,956,592
6540,959,595
6541,961,598
6542,962,599
6543,962,599
6544,963,601
6545,963,602
6546,962,604
6547,962,606
6548,963,608
6549,962,609
6550,961,610
6551,961,611
6552,959,612
6553,959,613
6554,957,615
6555,955,615
6556,955,616
6557,952,617
6558,951,617
6559,949,618
6560,946,618
6561,945,619
6562,943,621
6563,941,621
6564,938,621
6565,937,622
6566,935,623
6567,932,624
6568,930,624
6569,929,625
6570,925,625
6571,924,625
6572,921,626
6573,918,626
6574,917,627
6575,915,628
6576,904,626
6577,887,620
6578,870,615
6579,857,610
6580,843,606
6581,832,602
6582,821,598
6583,811,596
6584,802,593
6585,794,592
6586,787,589
6587,782,587
6588,775,586
6589,769,586
6590,763,583
6591,759,582
6592,754,582
6593,752,581
6594,748,582
6595,744,581
6596,742,580
6597,739,582
6598,738,582
6599,736,583
6600,733,583
6601,730,581
6602,727,580
6603,726,579
6604,723,578
6605,720,577
6606,719,575
6607,717,576
6608,716,575
6609,715,576
6610,713,575
6611,713,574
6612,711,575
6613,710,575
6614,710,575
6615,710,576
6616,709,575
6617,707,574
6618,707,573
6619,706,573
6620,704,572
6621,705,571
6622,704,572
6623,704,571
6624,703,572
6625,702,571
6626,701,571
6627,702,571
6628,704,571
6629,703,571
6630,702,570
6631,704,570
6632,704,571
6633,704,570
6634,705,570
6635,705,570
6636,707,569
6637,708,570
6638,708,569
6639,710,569
6640,711,570
6641,711,569
6642,713,569
6643,713,569
6644,715,569
6645,715,567
6646,715,566
6647,716,565
6648,716,564
6649,716,563
6650,741,572
6651,750,574
6652,758,576
6653,763,577
6654,768,577
6655,772,578
6656,776,580
6657,779,581
6658,782,583
6659,787,585
6660,793,584
6661,799,584
6662,804,583
6663,808,584
6664,812,583
6665,815,582
6666,818,583
6667,820,582
6668,822,581
6669,824,582
6670,827,581
6671,829,582
6672,832,582
6673,832,582
6674,833,582
6675,832,581
6676,833,580
6677,833,578
6678,834,577
6679,834,576
6680,835,575
6681,836,575
6682,835,574
6683,836,573
6684,838,572
6685,837,573
6686,837,573
6687,835,572
6688,836,571
6689,834,569
6690,832,568
6691,829,568
6692,826,566
6693,825,566
6694,822,563
6695,823,559
6696,822,559
6697,820,560
6698,819,560
6699,816,561
6700,815,561
6701,813,559
6702,810,559
6703,811,557
6704,810,556
6705,809,558
6706,809,558
6707,808,559
6708,807,559
6709,808,559
6710,809,559
6711,808,558
6712,808,558
6713,808,558
6714,808,558
6715,809,557
6716,809,557
6717,811,555
6718,812,556
6719,815,555
6720,818,553
6721,820,553
6722,823,551
6723,825,551
6724,828,550
6725,829,548
6726,831,548
6727,833,548
6728,834,546
6729,836,546
6730,838,547
6731,840,546
6732,842,546
6733,845,545
6734,845,545
6735,846,546
6736,848,547
6737,851,546
6738,855,545
6739,858,545
6740,862,545
6741,866,545
6742,870,544
6743,872,544
6744,874,544
6745,878,544
6746,880,544
6747,881,544
6748,884,544
6749,886,544
6750,887,544
6751,889,544
6752,890,544
6753,892,544
6754,892,544
6755,893,544
6756,895,544
6757,896,543
6758,897,544
6759,897,543
6760,898,544
6761,900,543
6762,901,544
6763,901,543
6764,902,543
6765,903,542
6766,903,541
6767,886,530
6768,879,525
6769,875,521
6770,870,517
6771,866,514
6772,863,511
6773,860,509
6774,859,507
6775,856,505
6776,852,503
6777,851,502
6778,849,500
6779,849,498
6780,846,497
6781,846,495
6782,845,495
6783,843,494
6784,843,492
6785,842,492
6786,841,490
6787,842,489
6788,841,489
6789,841,489
6790,840,487
6791,840,487
6792,841,487
6793,840,486
6794,840,486
6795,840,486
6796,841,485
6797,841,485
6798,841,485
6799,842,485
6800,842,485
6801,842,485
6802,842,484
6803,843,483
6804,844,483
6805,844,484
6806,846,485
6807,847,487
6808,847,488
6809,851,488
6810,853,489
6811,855,491
6812,856,491
6813,857,491
6814,859,493
6815,863,493
6816,865,493
6817,870,494
6818,877,495
6819,883,496
6820,889,498
6821,894,497
6822,897,497
6823,902,498
6824,906,499
6825,910,500
6826,914,500
6827,916,501
6828,919,501
6829,921,502
6830,923,501
6831,926,501
6832,929,501
6833,931,502
6834,933,503
6835,935,503
6836,938,504
6837,937,505
6838,938,506
6839,941,506
6840,945,507
6841,946,509
6842,946,512
6843,949,514
6844,953,514
6845,953,516
6846,953,517
6847,955,518
6848,957,519
6849,960,520
6850,960,522
6851,960,522
6852,962,522
6853,962,524
6854,962,524
6855,964,525
6856,964,526
6857,964,527
6858,964,529
6859,966,530
6860,966,530
6861,968,530
6862,968,530
6863,969,531
6864,971,531
6865,971,531
6866,972,531
6867,974,532
6868,974,533
6869,976,533
6870,976,533
6871,977,533
6872,979,533
6873,978,533
6874,977,536
6875,976,541
6876,974,546
6877,971,550
6878,968,555
6879,966,560
6880,963,563
6881,961,567
6882,959,570
6883,958,573
6884,955,575
6885,954,578
6886,952,579
6887,950,582
6888,950,585
6889,949,587
6890,948,590
6891,946,591
6892,946,593
6893,945,594
6894,945,596
6895,944,598
6896,943,599
6897,943,601
6898,942,602
6899,942,603
6900,942,605
6901,941,606
6902,941,607
6903,940,608
6904,940,609
6905,939,610
6906,940,611
6907,939,612
6908,940,613
6909,939,614
6910,940,614
6911,939,615
6912,938,616
6913,936,617
6914,938,618
6915,941,617
6916,944,616
6917,946,613
6918,950,611
6919,953,611
6920,958,609
6921,960,609
6922,965,607
6923,967,607
6924,968,606
6925,971,606
6926,974,605
6927,976,603
6928,978,603
6929,980,602
6930,983,602
6931,985,602
6932,986,602
6933,989,601
6934,991,601
6935,992,601
6936,994,601
6937,997,601
6938,998,601
6939,1001,601
6940,1002,601
6941,1003,600
6942,1006,600
6943,1006,600
6944,1008,600
6945,1009,599
6946,1011,600
6947,1014,600
6948,1015,600
6949,1015,600
6950,1018,600
6951,1020,601
6952,1018,601
6953,1013,605
6954,1009,609
6955,1003,613
6956,999,617
6957,993,621
6958,989,624
6959,985,627
6960,981,630
6961,978,633
6962,974,637
6963,971,640
6964,968,644
6965,966,646
6966,963,646
6967,961,648
6968,960,650
6969,958,651
6970,956,653
6971,956,656
6972,954,657
6973,952,660
6974,951,661
6975,951,662
6976,951,663
6977,950,665
6978,948,666
6979,948,667
6980,947,668
6981,947,669
6982,948,670
6983,946,671
6984,946,672
6985,946,672
6986,947,673
6987,946,675
6988,945,675
6989,946,676
6990,946,676
6991,947,677
6992,946,678
6993,947,678
6994,947,678
6995,948,679
6996,948,680
6997,947,680
6998,948,681
6999,949,682
7000,948,682
7001,949,683
7002,950,683
7003,951,685
7004,950,686
7005,950,690
7006,951,694
7007,952,698
7008,952,702
7009,952,707
7010,952,710
7011,954,714
7012,955,718
7013,955,721
7014,956,725
7015,956,729
7016,956,732
7017,957,736
7018,957,739
7019,959,743
7020,959,746
7021,959,750
7022,959,753
7023,961,756
7024,962,759
7025,962,763
7026,962,766
7027,963,769
7028,964,772
7029,965,776
7030,963,776
7031,961,776
7032,958,776
7033,958,776
7034,957,777
7035,956,778
7036,956,779
7037,956,779
7038,957,779
7039,957,779
7040,958,780
7041,958,780
7042,959,780
7043,960,780
7044,963,781
7045,963,782
7046,964,782
7047,966,783
7048,967,783
7049,970,784
7050,971,784
7051,974,784
7052,975,785
7053,977,786
7054,979,786
7055,981,787
7056,983,787
7057,985,787
7058,987,788
7059,989,788
7060,991,789
7061,993,789
7062,996,790
7063,998,790
7064,1000,790
7065,1003,790
7066,1004,791
7067,1005,791
7068,1005,791
7069,1005,792
7070,1005,793
7071,1005,794
7072,1005,794
7073,1005,795
7074,1005,795
7075,1005,795
7076,1006,796
7077,1009,796
7078,1010,796
7079,1010,797
7080,1011,797
7081,1014,797
7082,1015,797
7083,1016,798
7084,1017,798
7085,1020,798
7086,1020,798
7087,1022,798
7088,1022,799
7089,1025,799
7090,1029,798
7091,1035,797
7092,1039,796
7093,1043,795
7094,1047,794
7095,1052,791
7096,1055,789
7097,1057,788
7098,1060,787
7099,1062,786
7100,1065,785
7101,1066,783
7102,1067,782
7103,1070,781
7104,1072,780
7105,1073,779
7106,1075,779
7107,1077,778
7108,1082,776
7109,1082,774
7110,1081,773
7111,1083,773
7112,1085,773
7113,1089,772
7114,1092,771
7115,1095,771
7116,1098,770
7117,1115,769
7118,1119,766
7119,1127,764
7120,1132,763
7121,1136,761
7122,1140,761
7123,1143,758
7124,1146,758
7125,1150,757
7126,1151,756
7127,1153,755
7128,1157,753
7129,1158,753
7130,1159,752
7131,1160,751
7132,1162,750
7133,1163,749
7134,1165,747
7135,1165,747
7136,1165,746
7137,1167,745
7138,1166,745
7139,1166,743
7140,1168,742
7141,1167,742
7142,1166,740
7143,1166,740
7144,1165,738
7145,1165,738
7146,1164,738
7147,1165,737
7148,1165,734
7149,1169,727
7150,1176,719
7151,1181,711
7152,1187,702
7153,1191,695
7154,1194,689
7155,1198,683
7156,1200,675
7157,1202,669
7158,1204,662
7159,1206,657
7160,1207,650
7161,1211,644
7162,1212,639
7163,1212,633
7164,1211,626
7165,1213,620
7166,1213,615
7167,1212,609
7168,1213,604
7169,1214,598
7170,1214,594
7171,1213,589
7172,1213,583
7173,1212,579
7174,1211,573
7175,1210,569
7176,1211,564
7177,1210,560
7178,1210,556
7179,1209,555
7180,1208,554
7181,1208,554
7182,1208,553
7183,1207,553
7184,1206,552
7185,1207,551
7186,1206,551
7187,1205,550
7188,1206,549
7189,1205,550
7190,1204,549
7191,1204,549
7192,1203,548
7193,1203,548
7194,1203,548
7195,1201,547
7196,1201,547
7197,1201,546
7198,1199,546
7199,1199,546
7200,1199,545
7201,1198,545
7202,1197,545
7203,1196,544
7204,1196,545
7205,1196,545
7206,1196,545
7207,1194,544
7208,1193,544
7209,1192,545
7210,1187,544
7211,1180,545
7212,1173,546
7213,1168,547
7214,1163,548
7215,1159,549
7216,1154,550
7217,1150,551
7218,1146,552
7219,1143,552
7220,1141,553
7221,1138,554
7222,1135,554
7223,1134,554
7224,1131,555
7225,1131,555
7226,1130,556
7227,1128,556
7228,1128,556
7229,1126,556
7230,1126,556
7231,1125,557
7232,1124,557
7233,1123,557
7234,1123,557
7235,1121,557
7236,1122,557
7237,1121,558
7238,1121,558
7239,1120,558
7240,1120,558
7241,1119,558
7242,1118,559
7243,1119,559
7244,1118,559
7245,1119,559
7246,1118,559
7247,1119,559
7248,1118,560
7249,1114,558
7250,1102,551
7251,1089,544
7252,1078,538
7253,1069,532
7254,1059,528
7255,1052,522
7256,1044,519
7257,1039,514
7258,1032,511
7259,1028,507
7260,1024,504
7261,1019,501
7262,1014,499
7263,1011,496
7264,1008,494
7265,1005,492
7266,1003,489
7267,1000,487
7268,998,485
7269,996,483
7270,994,481
7271,992,480
7272,991,479
7273,990,478
7274,989,477
7275,988,476
7276,986,474
7277,984,472
7278,985,472
7279,985,471
7280,984,471
7281,983,470
7282,984,469
7283,984,468
7284,983,468
7285,982,467
7286,983,466
7287,982,466
7288,984,465
7289,982,465
7290,982,465
7291,981,464
7292,982,463
7293,983,463
7294,982,462
7295,983,461
7296,983,461
7297,982,461
7298,983,460
7299,983,460
7300,982,460
7301,983,460
7302,984,460
7303,983,458
7304,984,458
7305,985,458
7306,985,456
7307,986,456
7308,987,456
7309,986,455
7310,988,454
7311,987,454
7312,988,454
7313,988,455
7314,988,454
7315,987,455
7316,991,459
7317,996,466
7318,1001,474
7319,1007,480
7320,1010,487
7321,1014,493
7322,1017,499
7323,1021,504
7324,1023,509
7325,1027,514
7326,1030,518
7327,1032,521
7328,1034,524
7329,1036,527
7330,1037,530
7331,1040,533
7332,1041,536
7333,1041,537
7334,1042,539
7335,1044,541
7336,1044,542
7337,1046,544
7338,1047,546
7339,1047,548
7340,1048,549
7341,1048,551
7342,1050,552
7343,1050,553
7344,1050,555
7345,1050,555
7346,1051,557
7347,1051,558
7348,1052,559
7349,1052,560
7350,1053,561
7351,1052,562
7352,1053,562
7353,1054,563
7354,1054,564
7355,1057,564
7356,1058,564
7357,1060,565
7358,1061,565
7359,1062,566
7360,1063,566
7361,1065,567
7362,1066,567
7363,1067,567
7364,1056,569
7365,1054,569
7366,1054,569
7367,1055,569
7368,1055,569
7369,1054,570
7370,1055,570
7371,1056,570
7372,1056,570
7373,1058,570
7374,1061,569
7375,1061,569
7376,1062,570
7377,1062,569
7378,1064,569
7379,1065,569
7380,1067,568
7381,1068,569
7382,1069,569
7383,1068,568
7384,1070,569
7385,1069,569
7386,1069,569
7387,1069,570
7388,1069,570
7389,1069,569
7390,1069,569
7391,1070,569
7392,1070,569
7393,1071,569
7394,1070,569
7395,1071,569
7396,1071,569
7397,1072,569
7398,1072,570
7399,1071,569
7400,1072,569
7401,1072,569
7402,1071,569
7403,1072,569
7404,1072,569
7405,1071,569
7406,1071,570
7407,1072,569
7408,1071,569
7409,1072,569
7410,1069,568
7411,1065,568
7412,1060,568
7413,1056,568
7414,1054,567
7415,1051,567
7416,1048,567
7417,1044,567
7418,1043,566
7419,1042,566
7420,1040,567
7421,1038,566
7422,1037,566
7423,1035,566
7424,1034,566
7425,1034,566
7426,1034,566
7427,1032,566
7428,1032,566
7429,1033,566
7430,1032,566
7431,1032,566
7432,1030,566
7433,1022,564
7434,1011,562
7435,999,560
7436,989,558
7437,979,557
7438,971,554
7439,962,552
7440,956,552
7441,950,551
7442,944,551
7443,938,549
7444,933,548
7445,927,548
7446,922,546
7447,917,548
7448,913,546
7449,909,544
7450,906,542
7451,902,543
7452,898,541
7453,897,539
7454,897,538
7455,896,540
7456,895,539
7457,895,541
7458,894,540
7459,895,539
7460,895,541
7461,895,539
7462,896,538
7463,895,537
7464,895,539
7465,897,539
7466,897,541
7467,897,540
7468,898,542
7469,899,542
7470,899,542
7471,900,542
7472,903,543
7473,904,543
7474,904,547
7475,905,546
7476,905,547
7477,908,547
7478,909,550
7479,909,551
7480,910,552
7481,912,553
7482,913,557
7483,913,558
7484,916,558
7485,916,563
7486,917,563
7487,920,564
7488,921,569
7489,922,570
7490,923,572
7491,924,574
7492,925,577
7493,928,579
7494,941,580
7495,954,583
7496,967,584
7497,979,588
7498,989,590
7499,999,595
7500,1008,597
7501,1015,599
7502,1023,603
7503,1030,602
7504,1036,600
7505,1041,599
7506,1047,598
7507,1052,597
7508,1056,595
7509,1061,596
7510,1066,596
7511,1069,595
7512,1073,596
7513,1076,595
7514,1079,597
7515,1081,596
7516,1084,597
7517,1086,596
7518,1088,598
7519,1089,598
7520,1091,601
7521,1093,602
7522,1094,603
7523,1097,603
7524,1098,605
7525,1098,606
7526,1101,606
7527,1101,605
7528,1101,604
7529,1098,602
7530,1094,600
7531,1091,597
7532,1087,597
7533,1084,596
7534,1082,595
7535,1080,593
7536,1080,591
7537,1078,590
7538,1077,589
7539,1076,588
7540,1075,587
7541,1074,587
7542,1074,587
7543,1074,586
7544,1073,585
7545,1074,584
7546,1074,584
7547,1074,584
7548,1075,583
7549,1075,583
7550,1074,583
7551,1076,582
7552,1076,582
7553,1078,582
7554,1079,581
7555,1079,581
7556,1081,581
7557,1082,581
7558,1082,580
7559,1084,580
7560,1083,580
7561,1084,581
7562,1084,579
7563,1088,578
7564,1090,579
7565,1096,579
7566,1100,580
7567,1103,579
7568,1106,579
7569,1108,578
7570,1112,578
7571,1115,578
7572,1116,578
7573,1117,577
7574,1120,577
7575,1121,577
7576,1126,576
7577,1126,577
7578,1126,578
7579,1131,576
7580,1136,573
7581,1139,573
7582,1140,574
7583,1141,575
7584,1144,574
7585,1145,575
7586,1148,573
7587,1149,573
7588,1151,572
7589,1152,571
7590,1150,570
7591,1152,570
7592,1153,570
7593,1152,568
7594,1152,569
7595,1152,570
7596,1155,569
7597,1154,570
7598,1156,569
7599,1156,569
7600,1155,567
7601,1154,569
7602,1152,567
7603,1148,562
7604,1147,564
7605,1145,564
7606,1129,539
7607,1124,530
7608,1118,524
7609,1112,517
7610,1105,510
7611,1106,507
7612,1102,503
7613,1101,499
7614,1098,496
7615,1094,491
7616,1091,490
7617,1090,486
7618,1088,485
7619,1086,482
7620,1085,478
7621,1083,478
7622,1081,475
7623,1080,473
7624,1079,473
7625,1078,472
7626,1076,471
7627,1075,470
7628,1074,469
7629,1073,469
7630,1071,467
7631,1072,465
7632,1071,464
7633,1071,463
7634,1070,461
7635,1069,461
7636,1069,461
7637,1069,460
7638,1069,459
7639,1069,459
7640,1068,458
7641,1068,458
7642,1068,458
7643,1069,456
7644,1069,456
7645,1069,455
7646,1069,455
7647,1069,455
7648,1068,454
7649,1069,454
7650,1069,454
7651,1068,453
7652,1069,453
7653,1069,452
7654,1069,452
7655,1071,451
7656,1071,452
7657,1071,452
7658,1071,451
7659,1072,451
7660,1073,451
7661,1072,450
7662,1072,451
7663,1074,450
7664,1074,451
7665,1074,450
7666,1075,450
7667,1075,450
7668,1075,449
7669,1077,449
7670,1077,450
7671,1077,449
7672,1078,449
7673,1079,450
7674,1078,449
7675,1079,448
7676,1079,448
7677,1079,446
7678,1079,444
7679,1079,442
7680,1079,441
7681,1080,439
7682,1081,438
7683,1080,436
7684,1082,435
7685,1081,433
7686,1082,432
7687,1081,432
7688,1081,433
7689,1082,433
7690,1082,434
7691,1081,434
7692,1082,433
7693,1083,433
7694,1082,433
7695,1083,433
7696,1084,433
7697,1083,433
7698,1083,434
7699,1084,434
7700,1083,434
7701,1085,433
7702,1084,433
7703,1086,433
7704,1085,433
7705,1087,433
7706,1087,433
7707,1087,432
7708,1088,431
7709,1088,431
7710,1089,431
7711,1086,430
7712,1076,427
7713,1065,422
7714,1055,418
7715,1048,415
7716,1041,413
7717,1036,409
7718,1029,407
7719,1024,405
7720,1019,403
7721,1015,401
7722,1010,398
7723,1008,396
7724,1005,393
7725,1002,391
7726,1000,389
7727,997,386
7728,996,384
7729,994,381
7730,992,379
7731,993,377
7732,992,376
7733,990,373
7734,990,371
7735,990,370
7736,990,368
7737,990,365
7738,989,364
7739,991,362
7740,991,361
7741,992,359
7742,992,358
7743,992,356
7744,994,354
7745,993,352
7746,994,350
7747,995,350
7748,996,348
7749,996,346
7750,999,345
7751,999,344
7752,1000,342
7753,1002,340
7754,1002,339
7755,1003,337
7756,1005,336
7757,1006,335
7758,1007,334
7759,1009,332
7760,1010,332
7761,1011,330
7762,1013,329
7763,1016,326
7764,1016,325
7765,1018,324
7766,1019,323
7767,1021,322
7768,1021,321
7769,1023,320
7770,1023,320
7771,1025,319
7772,1029,319
7773,1032,322
7774,1035,324
7775,1040,326
7776,1042,328
7777,1046,329
7778,1048,332
7779,1049,333
7780,1050,334
7781,1054,336
7782,1057,337
7783,1058,338
7784,1059,341
7785,1062,342
7786,1064,343
7787,1065,344
7788,1068,345
7789,1068,346
7790,1069,348
7791,1071,349
7792,1072,350
7793,1073,351
7794,1074,351
7795,1076,352
7796,1076,353
7797,1078,354
7798,1079,355
7799,1078,356
7800,1076,356
7801,1075,357
7802,1072,357
7803,1072,358
7804,1071,359
7805,1069,359
7806,1069,360
7807,1067,361
7808,1066,362
7809,1064,363
7810,1063,364
7811,1061,364
7812,1060,365
7813,1058,365
7814,1058,366
7815,1057,366
7816,1055,367
7817,1055,367
7818,1053,367
7819,1051,368
7820,1051,369
7821,1051,370
7822,1050,370
7823,1048,370
7824,1048,370
7825,1048,370
7826,1046,371
7827,1046,371
7828,1044,372
7829,1043,372
7830,1041,372
7831,1041,373
7832,1039,373
7833,1039,373
7834,1038,374
7835,1038,374
7836,1037,375
7837,1035,375
7838,1035,375
7839,1034,376
7840,1033,376
7841,1033,376
7842,1032,376
7843,1031,377
7844,1029,377
7845,1019,379
7846,1005,384
7847,992,386
7848,978,387
7849,965,390
7850,951,392
7851,939,394
7852,926,399
7853,912,401
7854,899,402
7855,887,404
7856,874,406
7857,861,408
7858,851,409
7859,839,410
7860,827,412
7861,814,413
7862,802,415
7863,790,416
7864,778,418
7865,766,419
7866,754,421
7868,1091,337
7869,1094,339
7870,1098,338
7871,1101,338
7872,1102,340
7873,1103,341
7874,1105,343
7875,1106,344
7876,1108,345
7877,1108,328
7878,1110,324
7879,1111,320
7880,1112,316
7881,1113,311
7882,1115,307
7883,1116,303
7884,1117,299
7885,1118,295
7887,573,421
7888,562,421
7889,553,421
7890,542,420
7891,532,419
7892,522,418
7893,515,422
7894,505,423
7895,495,423
7896,487,423
7897,471,425
7898,455,426
7899,438,431
7900,420,433
7901,403,435
7902,386,438
7903,369,441
7904,351,444
7905,334,447
7906,317,450
7907,300,452
7908,283,455
7909,265,458
7910,243,459
7911,225,462
7912,207,464
7913,189,467
7914,171,469
7915,153,472
7916,135,474
7917,117,477
7918,99,479
7921,1139,324
7922,1139,324
7923,1139,324
7924,1134,324
7925,1132,324
7926,1130,324
7927,1129,324
7928,1127,324
7929,1125,324
7930,1128,298
7931,1127,293
7932,1125,299
7933,1126,301
7934,1124,302
7935,1122,302
7936,1122,303
7937,1122,304
7938,1122,304
7939,1122,305
7940,1117,301
7941,1115,301
7942,1117,302
7943,1115,301
7944,1114,301
7945,1113,300
7946,1111,300
7947,1110,300
7948,1112,324
7949,1109,304
7950,1106,298
7951,1106,298
7952,1104,297
7953,1103,295
7954,1102,294
7955,1100,292
7956,1099,290
7957,1098,289
7958,1096,287
7959,1098,295
7960,1097,295
7961,1097,295
7962,1096,295
7963,1095,295
7964,1094,295
7965,1093,296
7966,1093,296
7967,1092,296
7973,884,439
7974,884,439
7975,884,439
7976,884,439
7977,884,439
7978,884,439
7979,884,439
7980,884,439
7981,884,439
8022,982,754
8023,982,754
8024,984,753
8025,984,755
8026,984,754
8027,985,754
8028,984,755
8029,984,755
8030,984,755
8031,984,755
8032,983,755
8033,984,755
8034,983,755
8035,984,755
8036,983,755
8037,984,754
8038,985,755
8039,984,755
8040,984,754
8041,984,755
8042,983,754
8043,985,754
8044,984,755
8045,985,754
8046,985,755
8047,984,754
8048,984,755
8049,985,755
8050,985,755
8051,984,754
8052,984,755
8053,985,755
8054,984,754
8055,984,755
8056,983,754
8057,985,754
8058,984,754
8059,983,755
8060,985,754
8061,984,754
8062,985,754
8063,984,755
8064,984,754
8065,985,754
8066,983,753
8067,983,755
8068,985,755
8069,984,754
8070,983,755
8071,985,755
8072,984,754
8073,983,755
8074,985,755
8075,984,754
8076,983,755
8077,985,755
8078,984,754
8079,983,755
8080,985,755
8081,984,754
8082,983,755
8083,983,756
8084,983,756
8085,983,757
8086,982,757
8087,982,758
8088,982,758
8089,981,759
8090,981,759
8092,717,529
8093,716,528
8094,716,528
8095,717,528
8096,716,528
8097,718,528
8098,717,528
8099,717,528
8100,718,528
8101,717,528
8102,717,528
8103,718,528
8104,717,528
8105,717,529
8106,717,529
8107,717,530
8108,717,528
8109,717,530
8110,717,528
8111,717,529
8112,717,529
8113,717,530
8114,717,529
8115,717,528
8116,717,530
8117,717,529
8118,717,530
8119,718,529
8120,718,530
8121,718,529
8122,718,529
8123,718,529
8124,718,529
8125,718,529
8126,717,528
8127,719,528
8128,718,528
8129,729,528
8130,744,527
8131,759,528
8132,772,529
8133,783,528
8134,795,528
8135,804,527
8136,813,527
8137,821,526
8138,829,527
8139,836,528
8140,842,527
8141,846,527
8142,852,527
8143,856,526
8144,861,527
8145,865,526
8146,870,527
8147,874,526
8148,878,527
8149,882,527
8150,885,528
8151,890,528
8152,892,529
8153,893,528
8154,894,527
8155,897,527
8156,898,528
8157,901,527
8158,902,528
8159,903,528
8160,905,529
8161,906,530
8162,907,530
8163,908,530
8164,908,530
8165,910,530
8166,909,530
8167,911,530
8168,911,531
8169,911,531
8170,912,531
8171,912,530
8172,912,531
8173,912,531
8174,914,531
8175,913,530
8176,913,531
8177,914,531
8178,914,531
8179,914,531
8180,914,531
8181,912,531
8182,913,530
8183,913,531
8184,912,531
8185,912,531
8186,913,531
8187,913,532
8188,912,532
8189,912,531
8190,906,533
8191,899,535
8192,891,537
8193,882,537
8194,877,539
8195,871,540
8196,865,543
8197,859,543
8198,855,544
8199,851,545
8200,847,547
8201,843,547
8202,840,548
8203,836,549
8204,833,549
8205,831,550
8206,828,550
8207,825,550
8208,823,551
8209,821,551
8210,820,552
8211,818,551
8212,817,551
8213,815,552
8214,815,552
8215,812,552
8216,811,552
8217,810,553
8218,809,553
8219,807,553
8220,806,553
8221,804,552
8222,803,553
8223,803,553
8224,802,554
8225,801,553
8226,803,555
8227,812,560
8228,824,566
8229,835,572
8230,846,577
8231,855,582
8232,863,586
8233,871,592
8234,878,596
8235,885,601
8236,891,605
8237,896,608
8238,901,611
8239,907,616
8240,911,619
8241,916,623
8242,920,626
8243,924,629
8244,928,633
8245,932,636
8246,935,639
8247,938,642
8248,940,644
8249,942,645
8250,945,648
8251,947,651
8252,949,653
8253,951,655
8254,952,656
8255,955,658
8256,955,660
8257,956,662
8258,957,663
8259,957,664
8260,958,666
8261,960,667
8262,959,668
8263,959,669
8264,959,670
8265,959,671
8266,961,672
8267,961,674
8268,960,675
8269,961,676
8270,960,677
8271,961,678
8272,959,678
8273,960,679
8274,958,680
8275,957,680
8276,956,682
8277,957,683
8278,956,684
8279,955,685
8280,955,686
8281,953,686
8282,952,688
8283,952,689
8284,951,689
8285,951,690
8286,949,690
8287,948,692
8288,946,692
8289,946,693
8290,944,693
8291,945,694
8292,943,694
8293,944,695
8294,943,695
8295,944,696
8296,944,697
8297,943,699
8298,943,704
8299,943,708
8300,941,712
8301,942,716
8302,941,722
8303,940,726
8304,940,731
8305,939,736
8306,939,742
8307,938,747
8308,938,752
8309,941,759
8310,938,764
8311,932,764
8312,927,765
8313,921,766
8314,917,768
8315,913,772
8316,909,775
8317,905,777
8318,901,779
8319,898,781
8320,894,782
8321,891,784
8322,888,786
8323,885,787
8324,882,789
8325,880,791
8326,878,794
8327,875,796
8328,874,798
8329,872,799
8330,870,800
8331,868,802
8332,865,804
8333,865,804
8334,864,805
8335,863,807
8336,862,809
8337,860,812
8338,857,814
8339,854,815
8340,861,812
8341,872,804
8342,884,796
8343,894,788
8344,904,781
8345,912,773
8346,919,767
8347,926,761
8348,931,754
8349,937,748
8350,941,741
8351,946,736
8352,950,729
8353,953,723
8354,957,718
8355,960,712
8356,963,707
8357,965,701
8358,968,696
8359,969,690
8360,971,685
8361,972,679
8362,975,674
8363,976,670
8364,977,664
8365,978,660
8366,978,655
8367,980,650
8368,981,646
8369,981,641
8370,981,637
8371,981,632
8372,982,629
8373,983,624
8374,982,620
8375,982,616
8376,983,612
8377,983,608
8378,983,605
8379,982,601
8380,983,597
8381,982,593
8382,982,590
8383,981,586
8384,982,582
8385,981,579
8386,980,575
8387,980,572
8388,979,572
8389,979,572
8390,980,572
8391,978,570
8392,977,569
8393,973,567
8394,968,563
8395,963,560
8396,963,555
8397,961,551
8398,960,546
8399,958,542
8400,953,544
8401,950,542
8402,949,540
8403,948,537
8404,947,536
8405,945,535
8406,942,532
8407,940,531
8408,939,529
8409,937,528
8410,936,527
8411,934,526
8412,933,525
8413,932,524
8414,931,523
8415,929,522
8416,928,522
8417,928,521
8418,926,519
8419,926,519
8420,924,518
8421,925,518
8422,924,519
8423,923,517
8424,923,516
8425,922,516
8426,920,516
8427,920,515
8428,919,515
8429,918,515
8430,917,514
8431,916,514
8432,916,514
8433,915,513
8434,914,514
8435,913,513
8436,913,513
8437,912,513
8438,912,513
8439,910,512
8440,910,512
8441,910,513
8442,908,512
8443,908,512
8444,907,512
8445,907,512
8446,906,512
8447,905,512
8448,905,512
8449,904,511
8450,903,511
8451,905,510
8452,904,509
8453,902,511
8454,900,512
8455,898,514
8456,898,514
8457,896,515
8458,897,515
8459,896,517
8460,892,517
8461,889,518
8462,891,519
8463,889,519
8464,887,521
8465,887,521
8466,885,523
8467,883,522
8468,882,522
8469,885,520
8470,889,518
8471,894,516
8472,897,514
8473,902,511
8474,904,509
8475,907,507
8476,909,506
8477,912,505
8478,913,504
8479,914,502
8480,915,501
8481,917,499
8482,917,498
8483,917,497
8484,918,497
8485,918,496
8486,919,495
8487,919,495
8488,918,494
8489,918,493
8490,917,493
8491,917,492
8492,917,492
8493,915,491
8494,916,490
8495,915,490
8496,913,490
8497,913,489
8498,912,489
8499,912,489
8500,910,489
8501,910,489
8502,908,489
8503,908,488
8504,906,488
8505,906,488
8506,905,488
8507,902,488
8508,897,488
8509,893,488
8510,889,489
8511,886,489
8512,883,489
8513,881,490
8514,879,490
8515,875,491
8516,873,491
8517,870,492
8518,868,491
8519,867,491
8520,864,492
8521,862,492
8522,861,492
8523,860,493
8524,858,493
8525,857,493
8526,857,493
8527,855,494
8528,855,494
8529,853,493
8530,852,493
8531,852,493
8532,852,493
8533,850,493
8534,849,493
8535,848,493
8536,846,494
8537,848,493
8538,848,494
8539,848,495
8540,850,495
8541,852,495
8542,855,495
8543,856,495
8544,858,495
8545,859,495
8546,861,496
8547,862,495
8548,864,497
8549,866,497
8550,867,498
8551,868,499
8552,868,499
8553,868,499
8554,868,499
8555,869,499
8556,869,499
8557,868,498
8558,868,499
8559,868,500
8560,869,503
8561,869,505
8562,871,507
8563,871,508
8564,870,509
8565,871,509
8566,870,510
8567,870,511
8568,870,512
8569,870,514
8570,869,514
8571,870,515
8572,868,515
8573,868,516
8574,867,516
8575,866,517
8576,865,517
8577,865,517
8578,865,517
8579,864,518
8580,863,519
8581,863,519
8582,861,519
8583,861,519
8584,861,519
8585,859,520
8586,860,520
8587,861,523
8588,862,525
8589,864,527
8590,864,529
8591,865,531
8592,865,532
8593,865,534
8594,866,535
8595,866,537
8596,866,538
8597,867,539
8598,866,540
8599,867,541
8600,866,541
8601,866,542
8602,865,542
8603,865,543
8604,863,543
8605,863,544
8606,863,545
8607,862,546
8608,861,546
8609,860,547
8610,859,547
8611,859,548
8612,858,548
8613,858,548
8614,857,549
8615,856,549
8616,855,549
8617,854,549
8618,854,549
8619,853,550
8620,851,550
8621,851,550
8622,849,550
8623,849,550
8624,848,550
8625,847,550
8626,847,551
8627,845,551
8628,843,550
8629,843,550
8630,842,551
8631,841,551
8632,841,550
8633,840,551
8634,838,551
8635,838,551
8636,836,551
8637,836,551
8638,834,551
8639,833,551
8640,833,551
8641,832,551
8642,831,551
8643,831,550
8644,829,550
8645,829,550
8646,827,550
8647,826,550
8648,825,550
8649,825,550
8650,824,550
8651,824,550
8652,827,548
8653,835,545
8654,846,541
8655,857,538
8656,864,536
8657,872,536
8658,878,533
8659,885,532
8660,889,530
8661,894,530
8662,898,527
8663,902,528
8664,905,526
8665,908,525
8666,911,524
8667,915,522
8668,917,523
8669,919,524
8670,919,524
8671,920,523
8672,920,521
8673,920,519
8674,922,518
8675,922,518
8676,922,517
8677,922,517
8678,923,516
8679,922,517
8680,921,516
8681,922,516
8682,922,517
8683,922,517
8684,922,518
8685,921,518
8686,921,517
8687,919,517
8688,918,517
8689,916,516
8690,916,516
8691,915,516
8692,914,517
8693,912,517
8694,912,516
8695,910,516
8696,908,516
8697,906,515
8698,906,515
8699,905,516
8700,905,516
8701,902,516
8702,902,516
8703,900,516
8704,899,516
8705,897,516
8706,896,516
8707,895,517
8708,893,516
8709,893,516
8710,891,516
8711,890,516
8712,889,517
8713,887,517
8714,885,516
8715,885,516
8716,884,517
8717,882,517
8718,881,517
8719,879,516
8720,879,516
8721,877,517
8722,875,516
8723,875,516
8724,874,517
8725,872,517
8726,873,517
8727,871,517
8728,868,516
8729,868,515
8730,865,512
8731,862,513
8732,857,510
8733,852,511
8734,846,512
8735,841,511
8736,838,510
8737,834,509
8738,832,509
8739,829,509
8740,825,509
8741,824,508
8742,821,507
8743,820,506
8744,818,506
8745,816,505
8746,815,505
8747,816,505
8748,817,504
8749,817,502
8750,819,500
8751,818,497
8752,818,495
8753,818,494
8754,818,493
8755,821,491
8756,821,491
8757,822,491
8758,823,491
8759,821,489
8760,820,489
8761,821,487
8762,819,486
8763,821,485
8764,819,484
8765,820,486
8766,818,485
8767,816,485
8768,820,483
8769,820,481
8770,821,482
8771,821,482
8772,821,483
8773,821,482
8774,821,481
8775,820,482
8776,821,481
8777,821,478
8778,819,477
8779,818,478
8780,815,480
8781,813,481
8782,816,479
8783,817,478
8784,819,477
8785,817,479
8786,815,480
8787,813,480
8788,815,479
8789,816,479
8790,816,480
8791,814,481
8792,813,481
8793,814,481
8794,816,480
8795,816,480
8796,815,480
8797,814,478
8798,815,477
8799,814,477
8800,817,478
8801,821,478
8802,827,479
8803,830,481
8804,832,482
8805,834,482
8806,837,481
8807,838,482
8808,841,482
8809,841,483
8810,842,484
8811,844,484
8812,844,485
8813,846,485
8814,846,485
8815,847,484
8816,847,485
8817,846,485
8818,846,486
8819,848,487
8820,846,487
8821,845,489
8822,843,491
8823,843,491
8824,840,493
8825,837,495
8826,836,496
8827,835,497
8828,832,498
8829,832,499
8830,831,500
8831,829,500
8832,828,502
8833,828,503
8834,826,503
8835,827,504
8836,828,503
8837,827,503
8838,829,503
8839,829,504
8840,831,504
8841,830,504
8842,830,504
8843,830,506
8844,831,506
8845,829,506
8846,829,507
8847,828,506
8848,827,507
8849,828,507
8850,828,507
8851,829,508
8852,830,509
8853,831,509
8854,833,510
8855,835,511
8856,837,510
8857,838,510
8858,840,511
8859,844,511
8860,844,511
8861,846,511
8862,849,512
8863,851,512
8864,854,513
8865,855,513
8866,858,513
8867,861,513
8868,864,514
8869,868,515
8870,871,517
8871,875,518
8872,878,519
8873,881,520
8874,883,521
8875,886,521
8876,889,521
8877,892,522
8878,894,522
8879,896,523
8880,899,523
8881,903,523
8882,905,523
8883,907,524
8884,910,524
8885,912,524
8886,915,524
8887,916,524
8888,920,524
8889,921,525
8890,924,525
8891,925,524
8892,927,525
8893,930,525
8894,932,525
8895,933,525
8896,935,524
8897,937,525
8898,938,524
8899,940,524
8900,942,525
8901,941,525
8902,939,528
8903,935,532
8904,931,537
8905,927,540
8906,922,544
8907,920,546
8908,915,549
8909,911,551
8910,908,554
8911,904,556
8912,900,559
8913,896,562
8914,895,567
8915,892,571
8916,889,571
8917,886,572
8918,882,577
8919,879,579
8920,875,581
8921,872,586
8922,869,590
8923,866,591
8924,864,594
8925,860,599
8926,856,601
8927,853,604
8928,850,607
8929,846,610
8930,844,613
8931,841,613
8932,838,612
8933,835,613
8934,834,614
8935,830,614
8936,827,616
8937,824,616
8938,822,619
8939,820,621
8940,817,621
8941,814,624
8942,813,626
8943,809,627
8944,808,627
8945,805,626
8946,805,626
8947,805,626
8948,805,627
8949,806,628
8950,806,629
8951,806,630
8952,806,632
8953,805,632
8954,805,634
8955,806,636
8956,806,636
8957,807,635
8958,807,636
8959,806,635
8960,806,637
8961,808,637
8962,807,637
8963,806,638
8964,809,638
8965,810,639
8966,812,640
8967,811,643
8968,809,643
8969,811,642
8970,811,643
8971,809,637
8972,804,625
8973,799,612
8974,794,603
8975,789,593
8976,784,582
8977,782,577
8978,778,571
8979,775,564
8980,774,556
8981,771,552
8982,768,549
8983,766,544
8984,764,541
8985,763,537
8986,761,536
8987,759,532
8988,758,529
8989,756,525
8990,755,524
8991,755,522
8992,753,519
8993,752,520
8994,751,518
8995,751,516
8996,751,517
8997,750,516
8998,749,516
8999,749,515
9000,749,514
9001,750,513
9002,751,510
9003,751,508
9004,751,508
9005,753,505
9006,752,505
9007,752,503
9008,752,503
9009,754,502
9010,754,502
9011,753,501
9012,755,501
9013,755,502
9014,754,501
9015,754,502
9016,755,502
9017,755,501
9018,755,502
9019,757,503
9020,756,502
9021,758,501
9022,759,501
9023,760,500
9024,762,499
9025,762,499
9026,763,498
9027,764,498
9028,765,498
9029,764,499
9030,766,499
9031,767,499
9032,767,500
9033,767,500
9034,769,500
9035,771,500
9036,771,499
9037,772,499
9038,774,499
9039,775,499
9040,776,499
9041,777,499
9042,778,500
9043,778,500
9044,780,500
9045,781,500
9046,783,499
9047,784,498
9048,785,499
9049,787,498
9050,788,498
9051,793,500
9052,800,503
9053,807,506
9054,815,509
9055,821,510
9056,828,513
9057,833,515
9058,839,518
9059,844,519
9060,850,522
9061,854,524
9062,858,526
9063,864,528
9064,867,530
9065,871,533
9066,875,535
9067,879,537
9068,882,540
9069,885,541
9070,887,540
9071,889,540
9072,892,540
9073,893,540
9074,894,540
9075,897,540
9076,899,541
9077,901,543
9078,903,543
9079,906,544
9080,908,545
9081,909,546
9082,911,546
9083,912,546
9084,915,545
9085,915,545
9086,916,545
9087,919,545
9088,919,545
9089,920,546
9090,922,546
9091,923,546
9092,926,546
9093,926,546
9094,927,547
9095,928,548
9096,926,553
9097,925,558
9098,922,562
9099,920,567
9100,919,571
9101,917,574
9102,914,578
9103,913,582
9104,911,585
9105,910,588
9106,908,590
9107,908,593
9108,907,595
9109,906,596
9110,905,597
9111,904,599
9112,904,601
9113,902,602
9114,901,605
9115,901,606
9116,900,608
9117,899,611
9118,900,613
9119,899,614
9120,899,616
9121,898,616
9122,899,617
9123,897,618
9124,897,619
9125,896,620
9126,897,621
9127,897,623
9128,896,624
9129,897,625
9130,896,625
9131,897,625
9132,897,627
9133,896,627
9134,897,628
9135,896,628
9136,896,629
9137,897,630
9138,896,630
9139,896,631
9140,895,631
9141,897,631
9142,897,632
9143,896,632
9144,896,633
9145,897,633
9146,897,634
9147,897,634
9148,898,634
9149,898,635
9150,897,635
9151,898,635
9152,898,636
9153,899,636
9154,898,637
9155,899,637
9156,899,637
9157,899,638
9158,900,638
9159,899,638
9160,900,638
9161,900,639
9162,901,639
9163,900,639
9164,901,639
9165,902,639
9166,901,639
9167,901,639
9168,903,637
9169,914,631
9170,926,624
9171,938,617
9172,948,612
9173,957,607
9174,964,601
9175,972,596
9176,978,591
9177,984,587
9178,989,584
9179,994,580
9180,998,577
9181,1003,575
9182,1005,572
9183,1009,570
9184,1011,567
9185,1014,565
9186,1016,563
9187,1018,560
9188,1019,559
9189,1020,557
9190,1021,556
9191,1023,555
9192,1023,554
9193,1025,552
9194,1025,550
9195,1025,550
9196,1026,548
9197,1026,548
9198,1025,546
9199,1025,546
9200,1026,545
9201,1024,545
9202,1025,544
9203,1024,544
9204,1022,543
9205,1023,543
9206,1022,543
9207,1021,542
9208,1020,542
9209,1020,541
9210,1019,541
9211,1017,541
9212,1018,541
9213,1012,542
9214,1005,544
9215,998,548
9216,992,552
9217,988,555
9218,982,557
9219,979,560
9220,974,564
9221,972,566
9222,969,570
9223,965,572
9224,963,574
9225,963,577
9226,961,581
9227,959,582
9228,957,585
9229,957,587
9230,957,587
9231,956,587
9232,957,587
9233,956,588
9234,958,588
9235,958,590
9236,958,589
9237,958,591
9238,958,591
9239,960,591
9240,961,593
9241,961,594
9242,964,595
9243,964,597
9244,964,597
9245,966,597
9246,967,596
9247,970,596
9248,970,596
9249,973,596
9250,974,597
9251,976,597
9252,977,597
9253,978,598
9254,980,598
9255,981,597
9256,983,598
9257,986,597
9258,987,598
9259,988,597
9260,989,598
9261,992,598
9262,980,600
9263,963,603
9264,946,606
9265,928,609
9266,911,612
9267,897,616
9268,884,619
9269,872,622
9270,860,627
9271,849,630
9272,840,632
9273,832,634
9274,825,635
9275,819,636
9276,812,638
9277,807,640
9278,802,641
9279,797,644
9280,793,645
9281,790,645
9282,788,645
9283,784,646
9284,783,646
9285,780,648
9286,777,649
9287,775,651
9288,775,651
9289,776,649
9290,776,647
9291,776,647
9292,777,645
9293,777,646
9294,777,644
9295,776,645
9296,778,645
9297,778,646
9298,779,646
9299,777,645
9300,777,648
9301,777,651
9302,778,652
9303,778,654
9304,777,655
9305,777,657
9306,777,661
9307,778,664
9308,780,663
9309,781,661
9310,784,659
9311,786,660
9312,787,658
9313,789,658
9314,791,657
9315,792,659
9316,793,658
9317,794,660
9318,795,662
9319,796,665
9320,797,669
9321,796,672
9322,797,677
9323,797,680
9324,798,686
9325,801,687
9326,804,689
9327,805,689
9328,807,692
9329,808,694
9330,811,695
9331,811,695
9332,811,698
9333,813,701
9334,814,705
9335,814,707
9336,817,710
9337,817,715
9338,817,718
9339,819,721
9340,820,723
9341,823,725
9342,824,726
9343,825,730
9344,826,731
9345,827,734
9346,832,735
9347,832,731
9348,837,726
9349,840,722
9350,841,710
9351,843,704
9352,847,696
9353,849,691
9354,851,687
9355,854,686
9356,857,688
9357,860,690
9358,864,693
9359,867,694
9360,870,694
9361,873,696
9362,874,697
9363,877,698
9364,878,699
9365,881,700
9366,882,701
9367,885,702
9368,886,702
9369,887,704
9370,888,704
9371,891,705
9372,892,705
9373,894,706
9374,895,706
9375,898,707
9376,899,708
9377,899,708
9378,901,709
9379,901,709
9380,903,710
9381,904,710
9382,905,712
9383,907,712
9384,908,712
9385,908,713
9386,910,713
9387,910,713
9388,912,714
9389,914,715
9390,914,715
9391,915,716
9392,917,716
9393,917,716
9394,919,717
9395,919,717
9396,921,718
9397,921,718
9398,923,719
9399,924,719
9400,925,720
9401,927,720
9402,927,720
9403,928,721
9404,928,721
9405,931,721
9406,931,722
9407,932,722
9408,934,722
9409,936,723
9410,938,724
9411,939,724
9412,942,724
9413,942,724
9414,944,725
9415,947,724
9416,949,725
9417,949,725
9418,952,725
9419,954,727
9420,955,726
9421,957,726
9422,959,728
9423,960,727
9424,963,727
9425,964,727
9426,966,728
9427,968,729
9428,969,729
9429,972,729
9430,974,730
9431,975,730
9432,977,730
9433,978,730
9434,981,730
9435,982,731
9436,983,731
9437,979,730
9438,970,729
9439,961,728
9440,954,726
9441,947,726
9442,942,725
9443,936,725
9444,932,724
9445,927,724
9446,925,723
9447,921,724
9448,919,723
9449,916,724
9450,914,723
9451,913,725
9452,911,724
9453,910,724
9454,910,726
9455,909,726
9456,910,726
9457,912,725
9458,913,723
9459,916,722
9460,918,722
9461,919,720
9462,921,721
9463,925,720
9464,927,721
9465,928,720
9466,930,721
9467,932,719
9468,934,721
9469,935,720
9470,939,721
9471,940,721
9472,944,721
9473,948,720
9474,951,718
9475,954,719
9476,957,717
9477,960,718
9478,963,717
9479,967,717
9480,969,717
9481,971,718
9482,975,717
9483,978,716
9484,981,716
9485,985,715
9486,988,716
9487,990,715
9488,993,715
9489,996,716
9490,1000,715
9491,1002,714
9492,1006,714
9493,1009,714
9494,1011,713
9495,1014,714
9496,1016,713
9497,1020,713
9498,1023,713
9499,1025,712
9500,1029,712
9501,1032,713
9502,1034,712
9503,1038,712
9504,1039,711
9505,1042,712
9506,1044,711
9507,1048,710
9508,1050,711
9509,1052,710
9510,1054,710
9511,1057,711
9512,1059,710
9513,1061,710
9514,1065,710
9515,1067,710
9516,1068,709
9517,1070,709
9518,1072,709
9519,1075,709
9520,1076,709
9521,1077,708
9522,1080,708
9523,1082,709
9524,1083,709
9525,1085,709
9526,1086,708
9527,1089,708
9528,1090,709
9529,1092,708
9530,1094,709
9531,1094,708
9532,1098,707
9533,1101,708
9534,1106,707
9535,1109,708
9536,1111,708
9537,1116,707
9538,1117,707
9539,1117,706
9540,1118,707
9541,1122,705
9542,1124,705
9543,1126,705
9544,1128,705
9545,1114,701
9546,1114,700
9547,1113,699
9548,1114,698
9549,1114,698
9550,1113,696
9551,1113,696
9552,1115,694
9553,1114,694
9554,1114,694
9555,1114,693
9556,1123,691
9557,1125,691
9558,1127,689
9559,1129,687
9560,1132,686
9561,1138,695
9562,1143,698
9563,1147,701
9564,1141,690
9565,1141,686
9566,1143,682
9567,1143,682
9568,1143,680
9569,1145,682
9570,1148,681
9571,1151,683
9572,1154,684
9573,1155,682
9574,1156,681
9575,1159,680
9576,1161,681
9577,1161,680
9578,1163,680
9579,1165,680
9580,1166,680
9581,1166,680
9582,1168,680
9583,1167,679
9584,1169,679
9585,1169,679
9586,1168,678
9587,1168,678
9588,1169,679
9589,1170,679
9590,1170,678
9591,1171,677
9592,1170,677
9593,1170,677
9594,1170,678
9595,1170,677
9596,1169,676
9597,1169,677
9598,1169,676
9599,1168,676
9600,1167,676
9601,1167,676
9602,1165,676
9603,1164,676
9604,1164,675
9605,1163,674
9606,1162,675
9607,1161,674
9608,1159,675
9609,1157,674
9610,1155,675
9611,1156,668
9612,1158,661
9613,1159,652
9614,1162,645
9615,1163,637
9616,1166,628
9617,1166,622
9618,1166,614
9619,1167,608
9620,1167,601
9621,1168,595
9622,1168,590
9623,1168,582
9624,1168,576
9625,1167,569
9626,1167,563
9627,1166,558
9628,1166,554
9629,1165,552
9630,1164,550
9631,1164,549
9632,1163,547
9633,1163,546
9634,1163,545
9635,1161,542
9636,1161,541
9637,1160,541
9638,1159,540
9639,1159,538
9640,1157,537
9641,1156,536
9642,1155,536
9643,1155,535
9644,1154,535
9645,1152,533
9646,1152,533
9647,1152,532
9648,1150,532
9649,1149,531
9650,1148,531
9651,1146,530
9652,1146,529
9653,1145,530
9654,1143,529
9655,1143,528
9656,1142,527
9657,1141,528
9658,1139,527
9659,1140,527
9660,1138,526
9661,1137,527
9662,1137,526
9663,1135,525
9664,1134,526
9665,1134,525
9666,1133,526
9667,1131,525
9668,1131,525
9669,1130,525
9670,1129,525
9671,1129,525
9672,1129,524
9673,1128,528
9674,1132,537
9675,1137,547
9676,1141,557
9677,1147,566
9678,1151,574
9679,1154,581
9680,1157,587
9681,1161,594
9682,1163,599
9683,1166,606
9684,1168,611
9685,1171,616
9686,1172,620
9687,1175,625
9688,1177,630
9689,1179,634
9690,1180,638
9691,1181,641
9692,1183,645
9693,1184,648
9694,1186,651
9695,1187,654
9696,1188,657
9697,1188,659
9698,1190,662
9699,1190,665
9700,1189,667
9701,1191,669
9702,1191,671
9703,1191,673
9704,1191,675
9705,1192,677
9706,1192,679
9707,1191,680
9708,1191,682
9709,1191,684
9710,1190,686
9711,1191,687
9712,1190,688
9713,1190,690
9714,1189,691
9715,1189,692
9716,1188,692
9717,1186,692
9718,1186,692
9719,1184,692
9720,1183,694
9721,1182,694
9722,1183,695
9723,1182,697
9724,1181,698
9725,1180,701
9726,1179,702
9727,1179,704
9728,1179,709
9729,1179,714
9730,1178,718
9731,1178,723
9732,1177,729
9733,1177,734
9734,1176,741
9735,1174,746
9736,1175,752
9737,1175,759
9738,1174,764
9739,1173,770
9740,1172,774
9741,1171,780
9742,1171,786
9743,1169,790
9744,1169,796
9745,1168,801
9746,1168,806
9747,1167,811
9748,1167,816
9749,1166,821
9750,1165,826
9751,1163,831
9752,1162,836
9753,1163,840
9754,1161,845
9755,1158,847
9756,1153,843
9757,1147,838
9758,1140,835
9759,1132,830
9760,1144,814
9761,1132,821
9762,1123,821
9763,1116,819
9764,1112,818
9765,1109,814
9766,1104,812
9767,1100,810
9768,1097,806
9769,1094,803
9770,1091,801
9771,1086,798
9772,1085,797
9773,1083,796
9774,1105,773
9775,1114,761
9776,1122,754
9777,1130,744
9778,1139,734
9779,1138,728
9780,1142,722
9781,1147,715
9782,1149,707
9783,1151,701
9784,1153,692
9785,1155,686
9786,1159,679
9787,1159,671
9788,1161,664
9789,1161,661
9790,1162,654
9791,1163,650
9792,1163,644
9793,1165,638
9794,1165,636
9795,1164,631
9796,1166,626
9797,1168,623
9798,1168,618
9799,1168,612
9800,1167,605
9801,1167,600
9802,1168,594
9803,1168,590
9804,1167,586
9805,1166,580
9806,1167,575
9807,1166,572
9808,1165,567
9809,1165,564
9810,1165,561
9811,1166,558
9812,1166,557
9813,1165,557
9814,1164,556
9815,1165,555
9816,1164,555
9817,1162,554
9818,1163,554
9819,1162,554
9820,1161,554
9821,1161,554
9822,1162,555
9823,1161,554
9824,1159,553
9825,1159,553
9826,1157,552
9827,1158,552
9828,1158,552
9829,1157,552
9830,1157,552
9831,1155,552
9832,1155,552
9833,1153,552
9834,1153,551
9835,1152,551
9836,1152,551
9837,1150,551
9838,1151,551
9839,1150,552
9840,1148,551
9841,1149,551
9842,1147,551
9843,1146,552
9844,1146,552
9845,1145,551
9846,1145,551
9847,1144,553
9848,1145,558
9849,1145,563
9850,1146,568
9851,1145,573
9852,1144,577
9853,1144,581
9854,1143,584
9855,1143,588
9856,1142,590
9857,1142,593
9858,1141,596
9859,1141,598
9860,1139,600
9861,1139,602
9862,1137,603
9863,1137,605
9864,1136,608
9865,1135,609
9866,1133,611
9867,1133,612
9868,1131,613
9869,1130,614
9870,1128,615
9871,1127,616
9872,1124,617
9873,1123,618
9874,1121,618
9875,1120,619
9876,1118,620
9877,1116,621
9878,1114,621
9879,1114,621
9880,1111,621
9881,1109,622
9882,1109,622
9883,1106,623
9884,1105,623
9885,1102,623
9886,1101,623
9887,1099,624
9888,1097,625
9889,1095,625
9890,1093,624
9891,1091,625
9892,1090,625
9893,1087,625
9894,1084,625
9895,1083,625
9896,1080,625
9897,1079,625
9898,1077,626
9899,1075,625
9900,1075,622
9901,1075,620
9902,1076,617
9903,1075,615
9904,1074,613
9905,1074,611
9906,1073,610
9907,1071,608
9908,1070,607
9909,1070,606
9910,1068,604
9911,1067,603
9912,1065,602
9913,1064,601
9914,1062,601
9915,1061,600
9916,1059,600
9917,1056,598
9918,1052,596
9919,1046,594
9920,1043,592
9921,1039,590
9922,1027,591
9923,1023,590
9924,1023,588
9925,1021,587
9926,1020,585
9927,1017,586
9928,1013,585
9929,1011,583
9930,1009,582
9931,1006,582
9932,1001,582
9933,996,581
9934,994,580
9935,993,580
9936,991,580
9937,987,579
9938,987,578
9939,986,577
9940,985,577
9941,983,577
9942,980,576
9943,977,574
9944,974,574
9945,973,574
9946,973,573
9947,971,573
9948,970,572
9949,967,571
9950,964,571
9951,963,570
9952,962,570
9953,960,570
9954,959,570
9955,957,570
9956,954,569
9957,954,569
9958,952,570
9959,951,569
9960,949,570
9961,945,569
9962,945,570
9963,942,569
9964,941,569
9965,942,570
9966,952,571
9967,967,571
9968,981,572
9969,997,572
9970,1009,572
9971,1020,572
9972,1030,574
9973,1039,573
9974,1047,573
9975,1055,575
9976,1062,575
9977,1069,574
9978,1075,576
9979,1080,575
9980,1085,577
9981,1090,576
9982,1094,578
9983,1098,577
9984,1101,579
9985,1104,579
9986,1107,579
9987,1110,582
9988,1112,580
9989,1115,582
9990,1117,582
9991,1119,585
9992,1121,585
9993,1123,586
9994,1125,587
9995,1127,591
9996,1128,591
9997,1129,594
9998,1130,594
9999,1131,596
10000,1132,596
10001,1132,599
10002,1134,600
10003,1133,599
10004,1132,598
10005,1130,597
10006,1130,596
10007,1129,597
10008,1127,596
10009,1128,596
10010,1127,597
10011,1125,597
10012,1126,597
10013,1125,599
10014,1124,599
10015,1124,599
10016,1122,600
10017,1120,599
10018,1118,599
10019,1116,598
10020,1114,598
10021,1114,597
10022,1113,598
10023,1111,597
10024,1109,599
10025,1109,599
10026,1108,601
10027,1106,601
10028,1106,601
10029,1103,600
10030,1100,599
10031,1099,599
10032,1098,600
10033,1095,599
10034,1095,599
10035,1094,600
10036,1091,601
10037,1091,601
10038,1088,601
10039,1087,600
10040,1085,601
10041,1082,600
10042,1080,600
10043,1079,601
10044,1078,601
10045,1076,602
10046,1075,602
10047,1073,601
10048,1071,601
10049,1070,601
10050,1068,601
10051,1067,601
10052,1064,601
10053,1064,601
10054,1062,602
10055,1060,602
10056,1058,602
10057,1058,601
10058,1058,601
10059,1058,601
10060,1060,601
10061,1063,601
10062,1066,601
10063,1068,602
10064,1069,601
10065,1072,601
10066,1074,601
10067,1075,601
10068,1078,601
10069,1080,600
10070,1081,601
10071,1084,601
10072,1086,601
10073,1087,600
10074,1090,600
10075,1091,600
10076,1093,601
10077,1094,600
10078,1096,600
10079,1098,600
10080,1100,600
10081,1100,599
10082,1103,599
10083,1104,599
10084,1106,599
10085,1106,599
10086,1108,599
10087,1109,600
10088,1110,599
10089,1111,599
10090,1113,599
10091,1114,599
10092,1116,599
10093,1117,599
10094,1119,598
10095,1120,599
10096,1121,599
10097,1122,599
10098,1123,599
10099,1125,599
10100,1125,598
10101,1126,599
10102,1128,599
10103,1129,598
10104,1131,598
10105,1132,599
10106,1132,598
10107,1133,598
10108,1135,598
10109,1135,597
10110,1136,598
10111,1138,597
10112,1139,598
10113,1139,597
10114,1140,597
10115,1142,597
10116,1143,597
10117,1144,597
10118,1145,597
10119,1146,597
10120,1147,597
10121,1148,596
10122,1148,597
10123,1149,596
10124,1150,597
10125,1149,596
10126,1151,596
10127,1152,597
10128,1152,596
10129,1154,595
10130,1154,596
10131,1156,596
10132,1157,594
10133,1163,591
10134,1169,589
10135,1175,588
10136,1180,586
10137,1184,583
10138,1188,582
10139,1192,581
10140,1195,579
10141,1199,578
10142,1203,577
10143,1205,575
10144,1209,574
10145,1212,573
10146,1214,572
10147,1217,571
10148,1220,571
10149,1222,569
10150,1225,569
10151,1228,567
10152,1230,566
10153,1233,566
10154,1235,564
10155,1237,564
10156,1239,565
10157,1242,563
10158,1244,563
10159,1245,561
10160,1247,562
10161,1249,561
10162,1251,561
10163,1254,561
10164,1255,561
10165,1256,560
10166,1258,560
10167,1261,559
10168,1262,558
10169,1263,559
10170,1266,558
10171,1267,559
10172,1268,558
10173,1270,558
10174,1272,558
10175,1272,557
10176,1274,558
10177,1275,558
10178,1277,557
10179,1279,558
10180,1280,557
10181,1282,556
10182,1283,557
10183,1285,557
10184,1286,557
10185,1287,557
10186,1289,557
10187,1289,557
10188,1290,557
10189,1293,556
10190,1293,557
10191,1292,557
10192,1293,558
10193,1292,557
10194,1289,554
10195,1276,548
10196,1262,539
10197,1247,531
10198,1235,524
10199,1221,516
10200,1208,511
10201,1197,507
10202,1186,503
10203,1176,499
10204,1165,494
10205,1152,492
10206,1142,489
10207,1133,486
10208,1125,483
10209,1117,480
10210,1109,478
10211,1101,476
10212,1094,474
10213,1087,473
10214,1080,472
10215,1072,470
10216,1066,468
10217,1061,467
10218,1055,466
10219,1049,464
10220,1044,462
10221,1038,462
10222,1033,462
10223,1027,461
10224,1022,461
10225,1018,460
10226,1014,460
10227,1010,459
10228,1021,457
10229,1037,454
10230,1053,450
10231,1069,446
10232,1082,442
10233,1094,441
10234,1106,437
10235,1118,433
10236,1128,427
10237,1139,424
10238,1149,418
10239,1159,414
10240,1169,409
10241,1180,404
10242,1190,399
10243,1200,395
10244,1210,390
10245,1220,385
10246,1231,381
10248,1231,367
10249,1231,367
10250,1231,367
10251,1250,351
10252,1255,349
10253,1260,347
10254,1266,345
10255,1273,335
10256,1278,329
10257,1285,323
10258,1293,318
10259,1299,314
10260,1305,309
10261,1312,304
10262,1318,299
10263,1342,295
10264,1354,291
10265,1362,289
10266,1372,285
10267,1382,281
10268,1392,278
10269,1402,274
10270,1411,270
10271,1421,267
10272,1431,261
10273,1440,256
10274,1450,252
10275,1460,248
10276,1470,244
10277,1479,239
10278,1489,235
10279,1499,231
10280,1509,227
10286,1047,442
10287,1047,442
10288,1047,442
10289,1047,442
10290,1047,442
10291,1047,442
10292,1047,442
10293,1047,442
10294,1047,442
10301,1317,594
10302,1317,594
10303,1317,594
10304,1317,594
10305,1317,594
10306,1317,594
10307,1317,594
10308,1317,594
10309,1317,594
10319,1839,224
10320,1839,224
10321,1839,224
10322,1839,224
10323,1839,224
10324,1839,224
10325,1839,224
10326,1839,224
10327,1839,224
10368,1068,480
10369,1068,480
10370,1068,480
10371,1068,480
10372,1068,480
10373,1068,480
10374,1068,480
10375,1068,480
10376,1068,480
10386,1686,1041
10387,1686,1041
10388,1686,1044
10389,1686,1043
10390,1687,1042
10391,1687,1042
10392,1687,1040
10393,1686,1040
10394,1686,1040
10395,1686,1040
10396,1686,1040
10397,1686,1040
10398,1686,1040
10399,1687,1040
10400,1686,1040
10401,1686,1040
10402,1686,1040
10403,1686,1040
10404,1686,1039
10405,1686,1039
10406,1686,1039
10407,1686,1039
10408,1686,1039
10409,1686,1039
10410,1686,1039
10411,1686,1039
10412,1686,1039
10413,1686,1039
10414,1686,1039
10415,1686,1039
10416,1686,1039
10417,1686,1039
10418,1686,1039
10419,1686,1039
10420,1686,1039
10421,1686,1039
10422,1686,1039
10423,1686,1039
10424,1686,1040
10425,1686,1039
10426,1686,1039
10427,1686,1039
10428,1686,1039
10429,1686,1039
10430,1686,1040
10431,1686,1039
10432,1686,1039
10433,1686,1040
10434,1686,1040
10435,1686,1039
10436,1686,1039
10437,1686,1039
10438,1686,1039
10439,1686,1039
10440,1686,1039
10441,1686,1039
10442,1686,1039
10443,1686,1039
10444,1686,1039
10445,1685,1038
10446,1685,1038
10447,1685,1038
10448,1685,1038
10449,1685,1037
10450,1685,1037
10451,1685,1037
10452,1685,1036
10453,1684,1036
10454,1684,1036
10455,1684,1035
10456,1684,1035
10457,1684,1035
10458,1684,1035
10459,1684,1035
10460,1683,1034
10461,1683,1034
10462,1683,1034
10463,1683,1033
10464,1683,1032
10465,1683,1031
10466,1683,1031
10467,1677,1035
10468,1678,1035
10469,1678,1031
10470,1681,1030
10471,1683,1028
10472,1685,1026
10473,1687,1024
10474,1689,1022
10475,1654,1021
10476,1646,1015
10477,1637,1010
10478,1629,1005
10479,1621,1000
10480,1613,995
10481,1605,991
10482,1597,986
10483,1589,981
10484,1580,976
10494,1259,154
10495,1259,154
10496,1259,154
10497,1259,154
10498,1259,154
10499,1255,150
10500,1255,150
10501,1257,153
10502,1258,155
10503,1259,156
10504,1260,158
10505,1261,159
10506,1262,161
10507,1263,162
10508,1264,164
10509,1265,165
10511,1427,854
10512,1424,850
10513,1422,845
10514,1420,841
10515,1417,836
10516,1416,831
10517,1414,827
10518,1411,822
10519,1409,819
10520,1407,814
10521,1406,811
10522,1404,806
10523,1402,803
10524,1399,799
10525,1399,795
10526,1397,792
10527,1396,789
10528,1394,785
10529,1392,782
10530,1391,779
10531,1390,775
10532,1389,772
10533,1387,769
10534,1385,766
10535,1383,763
10536,1383,760
10537,1381,756
10538,1380,754
10539,1378,751
10540,1378,748
10541,1376,746
10542,1374,742
10543,1373,740
10544,1373,737
10545,1371,735
10546,1369,732
10547,1369,729
10548,1366,726
10549,1366,723
10550,1365,721
10551,1363,719
10552,1361,716
10553,1361,713
10554,1359,711
10555,1359,708
10556,1357,708
10557,1360,705
10558,1365,703
10559,1370,700
10560,1374,698
10561,1378,696
10562,1381,694
10563,1385,692
10564,1388,689
10565,1392,688
10566,1395,686
10567,1398,685
10568,1400,682
10569,1401,680
10570,1408,678
10571,1412,674
10572,1414,673
10573,1416,673
10574,1418,670
10575,1422,668
10576,1424,668
10577,1426,666
10578,1428,666
10579,1430,664
10580,1432,663
10581,1432,661
10582,1428,659
10583,1423,659
10584,1417,659
10585,1410,658
10586,1405,657
10587,1400,657
10588,1394,657
10589,1389,656
10590,1384,656
10591,1379,654
10592,1375,654
10593,1369,653
10594,1365,654
10595,1360,653
10596,1356,652
10597,1352,650
10598,1347,650
10599,1344,650
10600,1339,648
10601,1335,648
10602,1332,647
10603,1328,646
10604,1324,646
10605,1322,645
10606,1318,644
10607,1316,644
10608,1313,644
10609,1310,643
10610,1306,642
10611,1303,642
10612,1299,642
10613,1300,638
10614,1295,637
10615,1297,638
10616,1300,638
10617,1301,638
10618,1300,638
10619,1298,637
10620,1293,636
10621,1284,635
10622,1275,633
10623,1268,634
10624,1261,632
10625,1254,632
10626,1247,631
10627,1235,629
10628,1228,630
10629,1223,630
10630,1216,629
10631,1212,629
10632,1206,628
10633,1202,627
10634,1196,627
10635,1190,626
10636,1186,626
10637,1182,626
10638,1176,625
10639,1173,625
10640,1169,625
10641,1164,624
10642,1160,624
10643,1157,623
10644,1154,623
10645,1150,623
10646,1145,622
10647,1143,621
10648,1139,622
10649,1135,621
10650,1133,621
10651,1131,620
10652,1127,620
10653,1126,620
10654,1122,620
10655,1119,620
10656,1118,619
10657,1115,619
10658,1114,619
10659,1110,619
10660,1103,618
10661,1096,617
10662,1089,616
10663,1084,616
10664,1078,616
10665,1072,616
10666,1066,615
10667,1063,614
10668,1057,613
10669,1051,612
10670,1048,612
10671,1043,612
10672,1038,611
10673,1034,611
10674,1029,612
10675,1026,612
10676,1021,611
10677,1018,611
10678,1013,610
10679,1010,610
10680,1006,610
10681,1004,610
10682,999,609
10683,996,609
10684,994,609
10685,990,610
10686,986,609
10687,984,609
10688,981,608
10689,978,609
10690,975,608
10691,972,607
10692,972,609
10693,969,608
10694,967,609
10695,965,609
10696,963,609
10697,960,608
10698,959,608
10699,957,609
10700,956,609
10701,953,608
10702,951,609
10703,950,608
10704,948,609
10705,945,608
10706,943,609
10707,942,609
10708,940,608
10709,938,608
10710,938,608
10711,936,608
10712,934,609
10713,934,609
10714,931,611
10715,928,613
10716,945,591
10717,954,578
10718,963,565
10719,973,552
10720,982,540
10721,991,527
10722,1001,514
10723,1010,501
10724,1019,488
10726,907,628
10727,906,630
10728,904,630
10729,903,631
10730,902,632
10731,901,634
10732,901,635
10733,901,637
10734,903,638
10735,903,640
10736,904,642
10737,903,643
10738,903,645
10739,902,645
10740,903,646
10741,903,648
10742,902,649
10743,902,650
10744,901,650
10745,902,650
10746,901,651
10747,900,652
10748,900,652
10749,899,652
10750,898,654
10751,897,654
10752,898,654
10753,897,656
10754,896,658
10755,897,659
10756,896,661
10757,896,662
10758,895,664
10759,894,666
10760,894,667
10761,894,669
10762,894,670
10763,893,671
10764,894,672
10765,893,675
10766,892,675
10767,894,675
10768,896,677
10769,898,676
10770,900,677
10771,901,676
10772,902,677
10773,905,677
10774,906,678
10775,906,678
10776,906,679
10777,908,679
10778,909,678
10779,910,679
10780,911,679
10781,911,679
10782,912,679
10783,914,679
10784,914,680
10785,916,679
10786,920,676
10787,923,674
10788,926,672
10789,928,669
10790,930,667
10791,935,666
10792,937,664
10793,939,661
10794,942,659
10795,944,657
10796,947,655
10797,950,653
10798,952,651
10799,952,653
10800,953,651
10801,955,650
10802,958,649
10803,959,648
10804,960,647
10805,961,645
10806,964,644
10807,965,643
10808,965,642
10809,967,641
10810,967,639
10811,968,638
10812,970,638
10813,971,636
10814,972,636
10815,972,634
10816,974,633
10817,975,633
10818,975,631
10819,976,631
10820,978,630
10821,978,629
10822,977,628
10823,980,627
10824,981,626
10825,981,626
10826,981,625
10827,980,624
10828,980,623
10829,978,623
10830,977,621
10831,974,618
10832,970,610
10833,966,609
10834,965,609
10835,963,608
10836,960,603
10837,957,603
10838,957,600
10839,956,600
10840,954,599
10841,952,597
10842,952,595
10843,950,595
10844,948,595
10845,946,596
10846,943,594
10847,941,594
10848,938,591
10849,939,591
10850,938,592
10851,937,592
10852,935,592
10853,936,591
10854,935,592
10855,936,591
10856,937,591
10857,941,597
10858,941,600
10859,940,600
10860,940,598
10861,942,595
10862,942,592
10863,943,589
10864,944,588
10865,943,585
10866,945,583
10867,945,582
10868,945,580
10869,945,578
10870,952,575
10871,955,572
10872,958,570
10873,958,566
10874,953,565
10875,951,564
10876,949,562
10877,954,567
10878,954,567
10879,954,567
10880,955,568
10881,955,568
10882,955,569
10883,956,569
10884,956,570
10885,956,570
10890,933,562
10891,927,560
10892,919,558
10893,910,556
10894,903,553
10895,896,551
10896,888,549
10897,883,547
10898,876,547
10899,871,544
10900,864,544
10901,857,544
10902,853,542
10903,846,540
10904,842,539
10905,837,539
10906,833,538
10907,828,538
10908,823,537
10909,819,536
10910,814,535
10911,811,534
10912,806,534
10913,802,533
10914,798,533
10915,794,533
10916,790,533
10917,787,533
10918,783,532
10919,780,531
10920,777,531
10921,773,531
10922,771,530
10923,767,531
10924,765,530
10925,761,530
10926,759,529
10927,756,530
10928,752,530
10929,750,530
10930,747,530
10931,745,529
10932,742,530
10933,738,529
10934,737,529
10935,735,529
10936,732,529
10937,729,529
10938,728,529
10939,725,529
10940,723,529
10941,721,529
10942,720,529
10943,721,529
10944,722,528
10945,724,527
10946,726,528
10947,730,528
10948,734,527
10949,736,528
10950,740,528
10951,741,528
10952,745,528
10953,745,528
10954,749,528
10955,749,528
10956,752,528
10957,752,528
10958,754,528
10959,754,528
10960,756,528
10961,757,528
10962,759,528
10963,759,529
10964,762,529
10965,761,529
10966,761,529
10967,763,529
10968,763,529
10969,763,528
10970,762,527
10971,765,526
10972,766,527
10973,766,527
10974,769,523
10975,778,515
10976,787,512
10977,790,510
10978,796,507
10979,800,505
10980,804,502
10981,808,499
10982,811,496
10983,814,493
10984,817,490
10985,821,487
10986,824,487
10987,825,485
10988,827,484
10989,830,482
10990,832,481
10991,833,479
10992,834,478
10993,835,477
10994,837,475
10995,838,475
10996,838,473
10997,839,473
10998,840,473
10999,839,471
11000,839,471
11001,840,470
11002,842,470
11003,841,469
11004,841,469
11005,842,468
11006,842,467
11007,841,466
11008,843,466
11009,845,466
11010,847,466
11011,849,465
11012,852,465
11013,853,465
11014,856,465
11015,858,465
11016,861,465
11017,862,465
11018,862,468
11019,862,473
11020,863,477
11021,862,480
11022,862,483
11023,863,486
11024,864,489
11025,863,492
11026,864,494
11027,863,496
11028,863,497
11029,864,499
11030,864,501
11031,863,502
11032,864,503
11033,863,504
11034,863,506
11035,864,508
11036,864,508
11037,863,509
11038,864,509
11039,864,511
11040,863,511
11041,864,512
11042,865,513
11043,865,513
11044,865,514
11045,865,516
11046,866,517
11047,865,518
11048,865,520
11049,864,520
11050,865,521
11051,866,523
11052,865,524
11053,866,525
11054,866,525
11055,867,526
11056,866,526
11057,867,527
11058,867,528
11059,866,528
11060,867,529
11061,866,529
11062,867,529
11063,867,530
11064,868,530
11065,867,530
11066,867,530
11067,868,531
11068,867,531
11069,868,530
11070,868,531
11071,869,530
11072,868,531
11073,868,531
11074,870,530
11075,885,527
11076,904,524
11077,924,521
11078,946,517
11079,966,515
11080,986,513
11081,1007,510
11082,1027,508
11083,1047,505
11084,1067,503
11085,1088,500
11086,1108,497
11087,1128,495
11089,915,484
11090,906,482
11091,896,479
11092,886,477
11093,877,475
11094,867,473
11095,862,473
11096,854,470
11097,845,467
11098,840,468
11099,833,467
11100,826,467
11101,819,469
11102,812,469
11103,807,467
11104,800,469
11105,793,468
11106,789,467
11107,783,470
11108,776,470
11109,772,471
11110,767,473
11111,760,473
11112,757,473
11113,751,475
11114,745,476
11115,741,476
11116,736,479
11117,733,479
11118,729,477
11119,727,476
11120,724,476
11121,720,474
11122,717,473
11123,714,471
11124,712,469
11125,713,467
11126,714,467
11127,715,466
11128,716,464
11129,717,463
11130,720,462
11131,721,462
11132,723,463
11133,726,462
11134,728,463
11135,731,463
11136,731,462
11137,733,462
11138,735,461
11139,737,460
11140,739,460
11141,741,459
11142,742,464
11143,746,464
11144,749,464
11145,749,468
11146,751,471
11147,753,470
11148,755,472
11149,758,473
11150,759,474
11151,763,474
11152,766,472
11153,768,471
11154,773,470
11155,775,469
11156,777,469
11157,779,468
11158,783,467
11159,785,467
11160,787,467
11161,789,467
11162,791,467
11163,795,466
11164,796,467
11165,798,467
11166,800,468
11167,804,468
11168,804,468
11169,798,465
11170,791,462
11171,783,460
11172,776,457
11173,769,454
11174,763,451
11175,759,449
11176,755,447
11177,751,444
11178,748,441
11179,744,437
11180,741,435
11181,739,433
11182,738,431
11183,736,427
11184,736,425
11185,735,423
11186,733,420
11187,732,418
11188,733,416
11189,732,415
11190,731,412
11191,732,410
11192,733,408
11193,733,406
11194,734,403
11195,734,401
11196,734,400
11197,736,398
11198,736,397
11199,736,396
11200,736,394
11201,737,392
11202,739,390
11203,740,389
11204,740,386
11205,741,385
11206,742,384
11207,744,382
11208,745,381
11209,746,380
11210,746,378
11211,749,376
11212,750,376
11213,751,374
11214,753,372
11215,754,371
11216,755,369
11217,757,368
11218,758,367
11219,759,366
11220,761,364
11221,762,363
11222,762,361
11223,765,360
11224,766,359
11225,766,357
11226,769,356
11227,770,355
11228,770,354
11229,773,353
11230,774,353
11231,776,351
11232,776,350
11233,777,350
11234,779,349
11235,779,347
11236,780,348
11237,781,351
11238,781,355
11239,780,360
11240,779,364
11241,780,367
11242,779,370
11243,777,373
11244,778,377
11245,777,382
11246,775,386
11247,775,389
11248,774,392
11249,774,399
11250,773,400
11251,774,403
11252,773,408
11253,772,410
11254,772,415
11255,771,418
11256,770,423
11257,770,429
11258,770,432
11259,769,436
11260,768,439
11261,768,445
11262,767,448
11263,767,452
11264,767,457
11265,766,459
11266,768,459
11267,768,459
11268,768,461
11269,768,461
11270,768,461
11271,768,463
11272,770,463
11273,770,466
11274,770,467
11275,770,469
11276,770,470
11277,770,474
11278,770,477
11279,771,479
11280,772,481
11281,771,485
11282,770,487
11283,770,491
11284,772,493
11285,772,496
11286,771,500
11287,770,503
11288,772,506
11289,772,510
11290,772,514
11291,773,518
11292,774,518
11293,776,518
11294,777,516
11295,779,517
11296,780,517
11297,782,517
11298,783,517
11299,784,518
11300,785,517
11301,787,520
11302,787,519
11303,788,521
11304,789,521
11305,790,521
11306,791,523
11307,793,524
11308,793,525
11309,794,527
11310,794,529
11311,795,530
11312,797,531
11313,797,533
11314,797,534
11315,798,535
11316,800,536
11317,801,537
11318,799,524
11319,800,521
11320,800,517
11321,800,513
11322,800,509
11323,795,502
11324,795,498
11325,796,494
11326,797,491
11327,796,487
11328,796,484
11329,797,483
11330,798,481
11331,798,479
11332,797,476
11333,798,475
11334,799,473
11335,799,471
11336,799,471
11337,800,471
11338,799,469
11339,801,468
11340,802,467
11341,803,464
11342,805,462
11343,805,459
11344,806,458
11345,806,455
11346,809,452
11347,809,451
11348,810,451
11349,810,448
11350,811,447
11351,813,446
11352,814,445
11353,814,445
11354,814,443
11355,816,442
11356,817,440
11357,819,438
11358,820,436
11359,822,434
11360,823,433
11361,824,432
11362,825,431
11363,826,431
11364,826,429
11365,828,428
11366,829,428
11367,830,427
11368,830,427
11369,832,425
11370,833,424
11371,835,422
11372,836,421
11373,838,419
11374,838,418
11375,840,417
11376,840,416
11377,842,415
11378,843,415
11379,842,414
11380,843,414
11381,845,413
11382,845,412
11383,846,413
11384,847,412
11385,848,411
11386,849,409
11387,850,408
11388,851,407
11389,851,406
11390,851,405
11391,853,404
11392,853,404
11393,853,403
11394,855,402
11395,855,401
11396,856,400
11397,858,400
11398,857,399
11399,858,398
11400,858,397
11401,858,397
11402,858,395
11403,860,394
11404,860,394
11405,861,393
11406,861,392
11407,859,392
11408,860,391
11409,861,390
11410,862,390
11411,861,389
11412,862,388
11413,863,387
11414,863,387
11415,864,386
11416,863,384
11417,863,384
11418,863,383
11419,866,383
11420,866,383
11421,869,382
11422,867,383
11423,869,383
11424,869,385
11425,869,386
11426,867,389
11427,868,391
11428,866,392
11429,868,392
11430,867,393
11431,869,393
11432,868,395
11433,870,396
11434,871,397
11435,871,398
11436,871,399
11437,874,399
11438,873,400
11439,875,401
11440,875,402
11441,878,402
11442,877,402
11443,879,403
11444,879,403
11445,879,404
11446,882,404
11447,883,403
11448,886,401
11449,887,399
11450,888,398
11451,892,395
11452,892,395
11453,892,394
11454,894,394
11455,894,392
11456,896,392
11457,897,392
11458,900,390
11459,900,390
11460,900,390
11461,903,388
11462,904,388
11463,907,386
11464,909,388
11465,911,391
11466,913,393
11467,915,385
11468,919,381
11469,922,381
11470,925,380
11471,929,379
11472,930,378
11473,932,379
11474,935,378
11475,936,379
11476,937,378
11477,939,378
11478,941,378
11479,942,378
11480,944,378
11481,944,376
11482,946,376
11483,945,374
11484,946,374
11485,948,374
11486,948,373
11487,950,373
11488,950,373
11489,950,373
11490,952,373
11491,954,373
11492,953,372
11493,953,372
11494,955,372
11495,956,372
11496,956,371
11497,958,371
11498,958,371
11499,960,371
11500,959,370
11501,959,370
11502,960,370
11503,962,369
11504,963,369
11505,960,367
11506,963,369
11507,963,369
11508,964,369
11509,964,368
11510,965,368
11511,965,368
11512,965,367
11513,961,361
11514,955,355
11515,947,350
11516,939,345
11517,933,339
11518,927,335
11519,923,330
11520,918,325
11521,912,323
11522,909,318
11523,905,314
11524,903,310
11525,900,307
11526,896,306
11527,894,302
11528,892,300
11529,889,298
11530,886,294
11531,885,292
11532,883,291
11533,882,288
11534,880,286
11535,879,284
11536,877,284
11537,876,282
11538,875,280
11539,874,278
11540,873,277
11541,872,277
11542,871,276
11543,870,275
11544,869,275
11545,868,275
11546,868,275
11547,867,275
11548,867,275
11549,866,276
11550,865,276
11551,866,276
11552,866,274
11553,868,271
11554,869,268
11555,870,266
11556,870,263
11557,873,260
11558,874,259
11559,875,257
11560,875,255
11561,877,253
11562,877,252
11563,878,250
11564,880,247
11565,879,247
11566,879,246
11567,879,246
11568,879,246
11569,881,244
11570,881,244
11571,882,244
11572,882,243
11573,882,243
11574,883,243
11575,883,243
11576,883,242
11577,884,243
11578,884,243
11579,884,244
11580,886,242
11581,887,239
11582,889,238
11583,891,236
11584,892,235
11585,893,233
11586,895,232
11587,896,231
11588,896,231
11589,897,231
11590,898,229
11591,900,228
11592,900,227
11593,901,226
11594,902,225
11595,903,225
11596,903,225
11597,904,225
11598,909,228
11599,910,228
11600,912,228
11601,914,228
11602,915,228
11603,917,228
11604,919,228
11605,908,219
11606,909,219
11607,909,218
11608,910,217
11609,912,216
11610,912,215
11611,912,214
11612,913,214
11613,913,213
11614,913,213
11615,914,212
11616,914,211
11617,914,212
11618,915,211
11619,915,211
11620,916,211
11621,916,211
11622,917,210
11623,918,209
11624,918,207
11625,918,206
11626,919,205
11627,921,204
11628,922,203
11629,922,203
11630,922,202
11631,923,202
11632,923,202
11633,924,201
11634,924,200
11635,924,200
11636,926,199
11637,926,199
11638,926,199
11639,927,198
11640,928,197
11641,929,195
11642,929,194
11643,930,193
11644,930,193
11645,930,192
11646,930,191
11647,927,192
11648,924,192
11649,923,191
11650,923,189
11651,922,188
11652,921,187
11653,921,186
11654,921,186
11655,921,185
11656,923,184
11657,924,184
11658,924,183
11659,925,183
11660,925,183
11661,927,183
11662,927,183
11663,929,183
11664,931,182
11665,933,181
11666,935,180
11667,937,180
11668,938,179
11669,940,178
11670,942,178
11671,944,178
11672,946,177
11673,948,177
11674,950,177
11675,952,176
11676,953,176
11677,956,175
11678,958,174
11679,960,173
11680,962,172
11681,964,172
11682,966,171
11683,968,171
11684,970,170
11685,972,170
11686,974,170
11687,976,170
11688,978,170
11689,979,169
11690,981,169
11691,984,168
11692,985,167
11693,987,166
11694,988,166
11695,991,165
11696,992,165
11697,994,165
11698,996,164
11699,998,164
11700,999,164
11701,1001,165
11702,1002,165
11703,1003,165
11704,1006,164
11705,1008,163
11706,1010,162
11707,1011,162
11708,1013,161
11709,1014,161
11710,1016,161
11711,1018,161
11712,1020,161
11713,1021,161
11714,1023,161
11715,1024,160
11716,1027,160
11717,1028,159
11718,1031,159
11719,1031,159
11720,1033,159
11721,1034,158
11722,1037,158
11723,1039,157
11724,1040,157
11725,1042,157
11726,1043,157
11727,1044,156
11728,1046,156
11729,1047,155
11730,1048,155
11731,1050,155
11732,1052,155
11733,1054,155
11734,1058,155
11735,1062,155
11736,1065,155
11737,1069,156
11738,1072,156
11739,1075,155
11740,1077,156
11741,1079,155
11742,1086,138
11743,1087,150
11744,1088,155
11745,1087,156
11746,1087,159
11747,1087,161
11748,1087,155
11749,1087,155
11750,1087,155
11751,1087,154
11752,1087,155
11753,1087,155
11754,1087,154
11755,1087,154
11756,1087,154
11757,1087,153
11758,1086,152
11759,1086,151
11760,1085,151
11761,1084,150
11762,1084,151
11763,1085,150
11764,1085,150
11765,1085,150
11766,1085,149
11767,1085,149
11768,1085,148
11769,1085,148
11770,1085,148
11771,1087,148
11772,1087,148
11773,1087,147
11774,1087,147
11775,1087,147
11776,1088,146
11777,1089,146
11778,1089,146
11779,1090,145
11780,1090,145
11781,1090,145
11782,1091,144
11783,1092,144
11784,1092,144
11785,1091,143
11786,1092,143
11787,1092,143
11788,1092,143
11789,1093,142
11790,1093,142
11791,1095,142
11792,1095,141
11793,1095,141
11794,1095,141
11795,1095,141
11796,1095,140
11797,1097,140
11798,1097,140
11799,1097,140
11800,1097,140
11801,1097,139
11802,1097,140
11803,1098,139
11804,1098,139
11805,1099,138
11806,1099,138
11807,1099,138
11808,1100,138
11809,1099,138
11810,1098,138
11811,1098,138
11812,1097,138
11813,1096,137
11814,1095,137
11815,1094,137
11816,1093,137
11817,1092,137
11818,1092,137
11819,1092,137
11820,1090,136
11821,1090,136
11822,1089,135
11823,1089,135
11824,1088,135
11825,1088,135
11826,1087,135
11827,1085,135
11828,1086,135
11829,1085,135
11830,1084,135
11831,1085,135
11832,1084,135
11833,1082,135
11834,1083,135
11835,1081,135
11836,1081,135
11837,1080,134
11838,1079,134
11839,1078,134
11840,1079,134
11841,1078,134
11842,1078,134
11843,1077,134
11844,1076,134
11845,1075,134
11846,1074,134
11847,1075,135
11848,1074,134
11849,1073,134
11850,1072,133
11851,1071,134
11852,1070,133
11853,1069,133
11854,1070,133
11855,1070,133
11856,1069,133
11857,1068,133
11858,1067,133
11859,1067,132
11860,1066,131
11861,1065,131
11862,1069,130
11863,1069,131
11864,1068,130
11865,1067,130
11866,1065,130
11867,1064,130
11868,1063,129
11869,1062,129
11870,1061,129
11871,1060,129
11872,1059,129
11873,1058,128
11874,1057,128
11876,1054,119
11877,1054,116
11878,1053,114
11879,1052,112
11880,1051,110
11881,1050,108
11882,1050,106
11883,1049,105
11884,1049,103
11885,1051,101
11886,1049,100
11887,1046,99
11888,1044,97
11889,1042,94
11890,1043,92
11891,1042,91
11892,1041,89
11893,1040,89
11894,1041,87
11895,1041,85
11896,1040,84
11897,1040,83
11898,1039,82
11899,1039,82
11900,1042,81
11901,1042,81
11902,1044,79
11903,1042,79
11904,1043,78
11905,1044,78
11906,1043,78
11907,1046,77
11908,1045,77
11909,1043,78
11910,1045,77
11911,1044,77
11912,1044,77
11913,1044,77
11914,1044,77
11915,1044,77
11916,1044,77
11917,1043,77
11918,1043,78
11919,1043,78
11921,890,104
11922,889,102
11923,890,102
11924,890,102
11925,888,103
11926,889,103
11927,888,103
11928,889,103
11929,888,103
11930,887,103
11931,887,104
11932,888,104
11933,888,104
11934,887,104
11935,887,104
11936,887,104
11937,887,104
11938,886,105
11939,886,105
11940,886,105
11941,886,105
11942,886,105
11943,886,105
11944,886,105
11945,886,105
11946,886,105
11947,886,105
11948,886,105
11949,886,106
11950,885,106
11951,884,107
11952,883,107
11953,882,107
11954,881,107
11955,880,106
11956,881,106
11957,881,102
11958,881,98
11959,881,94
11960,881,90
11961,882,87
11962,882,83
11963,883,80
11964,883,77
11965,883,76
11966,882,75
11967,882,74
11968,882,74
11969,882,74
11970,884,75
11971,884,75
11972,883,75
11973,883,74
11974,883,74
11975,883,74
11976,883,75
11977,883,74
11978,883,74
11979,883,74
11980,883,74
11981,884,73
11982,884,73
11983,884,73
11984,884,74
11985,884,74
11986,885,74
11987,885,74
11988,885,74
11989,885,74
11990,885,74
11991,885,74
11992,885,73
11993,886,73
11994,887,73
11995,887,73
11996,887,73
11997,887,74
11998,887,74
11999,887,73
12000,887,73
12001,887,73
12002,887,73
12003,888,73
12004,888,73
12005,888,73
12006,888,73
12007,888,73
12008,888,73
12009,888,73
12010,888,73
12011,888,73
12012,888,73
12013,888,73
12014,888,73
12015,888,73
12016,888,73
12017,888,73
12018,888,73
12019,888,73
12020,888,73
12021,889,73
12022,889,73
12023,889,73
12024,889,73
12025,889,73
12026,890,73
12027,890,73
12028,890,73
12029,890,72
12030,890,72
12031,889,72
12032,890,72
12033,891,72
12034,890,72
12035,890,71
12036,890,72
12037,890,71
12038,890,71
12039,890,71
12040,889,71
12041,889,72
12042,890,72
12043,891,72
12044,891,73
12045,892,74
12046,891,76
12047,891,77
12048,890,78
12049,888,78
12050,888,79
12051,887,78
12052,886,76
12053,884,74
12054,881,73
12055,876,73
12056,871,74
12057,867,74
12058,865,76
12059,862,76
12060,859,76
12061,857,77
12062,855,77
12063,853,78
12064,853,78
12065,849,80
12066,847,82
12067,845,84
12068,843,86
12069,843,86
12070,842,87
12071,840,88
12072,841,88
12073,838,91
12074,837,92
12075,836,94
12076,836,95
12077,835,96
12078,833,98
12079,832,102
12080,830,104
12081,830,105
12082,829,109
12083,828,111
12084,826,114
12085,825,118
12086,824,119
12087,824,120
12088,823,125
12089,821,128
12090,821,131
12091,820,134
12092,818,136
12093,817,141
12094,817,144
12095,817,148
12096,815,151
12097,814,156
12098,814,159
12099,813,164
12100,811,167
12101,810,173
12102,810,176
12103,809,181
12104,809,184
12105,807,190
12106,806,195
12107,805,199
12108,805,203
12109,804,207
12110,804,212
12111,804,218
12112,803,222
12113,802,227
12114,802,231
12115,802,235
12116,807,236
12117,812,237
12118,816,238
12119,822,239
12120,825,241
12121,829,242
12122,832,244
12123,834,245
12124,837,246
12125,840,248
12126,843,251
12127,845,252
12128,847,253
12129,848,255
12130,849,258
12131,851,258
12132,851,256
12133,853,255
12134,853,253
12135,853,252
12136,853,251
12137,853,251
12138,853,250
12139,853,250
12140,853,249
12141,855,248
12142,856,248
12143,855,247
12144,859,249
12145,867,252
12146,874,255
12147,881,258
12148,888,261
12149,895,263
12150,901,265
12151,905,268
12152,910,269
12153,915,271
12154,919,275
12155,923,278
12156,926,282
12157,930,285
12158,932,287
12159,935,290
12160,938,290
12161,939,291
12162,941,291
12163,942,291
12164,943,293
12165,944,293
12166,944,294
12167,946,295
12168,947,297
12169,948,299
12170,949,300
12171,949,302
12172,950,305
12173,949,306
12174,949,308
12175,948,309
12176,947,309
12177,945,309
12178,944,310
12179,943,311
12180,943,312
12181,941,313
12182,940,314
12183,939,316
12184,938,318
12185,937,319
12186,936,320
12187,934,320
12188,933,321
12189,931,322
12190,930,323
12191,929,324
12192,928,324
12193,927,326
12194,925,326
12195,924,327
12196,923,328
12197,921,328
12198,920,329
12199,919,330
12200,918,331
12201,916,331
12202,915,330
12203,916,329
12204,913,331
12205,909,331
12206,910,333
12207,909,332
12208,911,328
12209,916,323
12210,920,318
12211,924,314
12212,927,309
12213,929,306
12214,931,302
12215,934,299
12216,936,297
12217,937,294
12218,939,291
12219,941,288
12220,943,285
12221,944,283
12222,945,282
12223,945,279
12224,946,278
12225,948,277
12226,949,276
12227,950,274
12228,950,274
12229,951,273
12230,951,270
12231,951,268
12232,950,266
12233,950,265
12234,949,262
12235,950,260
12236,949,259
12237,949,257
12238,949,255
12239,948,254
12240,947,253
12241,946,253
12242,947,252
12243,946,251
12244,946,251
12245,945,249
12246,944,247
12247,943,246
12248,943,245
12249,941,243
12250,940,242
12251,939,241
12252,939,240
12253,938,240
12254,936,239
12255,935,238
12256,934,236
12257,933,235
12258,932,234
12259,931,233
12260,931,231
12261,929,231
12262,928,230
12263,927,230
12264,926,229
12265,925,227
12266,925,226
12267,926,224
12268,925,223
12269,925,223
12270,924,223
12271,924,222
12272,924,221
12273,924,221
12274,924,221
12275,924,220
12276,924,220
12277,923,218
12278,923,218
12279,922,217
12280,922,217
12281,922,216
12282,921,215
12283,921,216
12284,922,215
12285,921,215
12286,920,215
12287,919,214
12288,917,214
12289,915,217
12290,916,222
12291,915,226
12292,915,229
12293,915,233
12294,915,237
12295,915,239
12296,915,242
12297,915,245
12298,916,248
12299,915,251
12300,915,254
12301,916,256
12302,916,258
12303,915,261
12304,917,263
12305,916,267
12306,916,269
12307,917,271
12308,917,274
12309,918,276
12310,918,279
12311,918,281
12312,918,283
12313,918,285
12314,919,287
12315,920,289
12316,920,291
12317,920,294
12318,919,295
12319,921,297
12320,921,299
12321,921,301
12322,921,303
12323,922,304
12324,922,306
12325,922,307
12326,922,309
12327,921,311
12328,923,312
12329,923,313
12330,923,314
12331,923,315
12332,923,317
12333,924,319
12334,923,321
12335,924,322
12336,924,324
12337,923,325
12338,923,328
12339,922,329
12340,923,331
12341,923,332
12342,922,334
12343,924,335
12344,923,336
12345,921,336
12346,924,337
12347,922,337
12348,921,337
12349,923,341
12350,921,340
12351,919,339
12352,918,338
12353,916,336
12354,915,334
12355,912,333
12356,911,333
12357,911,331
12358,910,331
12359,910,330
12360,911,329
12361,910,329
12362,909,327
12363,909,327
12364,909,327
12365,910,326
12366,910,326
12367,909,326
12368,909,326
12369,910,325
12370,909,325
12371,908,325
12372,907,324
12373,907,324
12374,906,324
12375,906,323
12376,906,323
12377,905,323
12378,905,323
12379,904,323
12380,903,323
12381,904,322
12382,903,322
12383,903,322
12384,902,322
12385,902,322
12386,903,321
12387,902,322
12388,901,321
12389,901,321
12390,902,321
12391,900,321
12392,901,321
12393,900,320
12394,901,321
12395,912,320
12396,925,320
12397,938,320
12398,947,319
12399,958,319
12400,965,319
12401,974,321
12402,981,321
12403,988,320
12404,994,321
12405,1001,322
12406,1006,322
12407,1012,324
12408,1017,324
12409,1022,324
12410,1027,325
12411,1031,329
12412,1034,329
12413,1037,329
12414,1041,332
12415,1043,333
12416,1045,336
12417,1046,337
12418,1046,338
12419,1046,342
12420,1047,344
12421,1047,346
12422,1047,350
12423,1046,352
12424,1046,356
12425,1046,357
12426,1045,362
12427,1045,364
12428,1044,368
12429,1043,370
12430,1042,374
12431,1041,374
12432,1037,374
12433,1033,373
12434,1031,373
12435,1028,373
12436,1025,373
12437,1023,373
12438,1020,375
12439,1017,375
12440,1014,375
12441,1014,374
12442,1011,377
12443,1009,380
12444,1007,381
12445,1006,382
12446,1003,384
12447,1001,386
12448,999,387
12449,997,388
12450,994,389
12451,992,390
12452,993,395
12453,989,396
12454,985,396
12455,983,396
12456,979,396
12457,978,396
12458,974,396
12459,972,396
12460,968,398
12461,964,399
12462,961,400
12463,957,401
12464,958,401
12465,958,403
12466,955,404
12467,954,406
12468,953,408
12469,952,410
12470,949,411
12471,946,411
12472,943,411
12473,941,411
12474,938,412
12475,935,412
12476,934,412
12477,931,413
12478,929,413
12479,927,415
12480,924,415
12481,924,416
12482,921,418
12483,920,419
12484,917,420
12485,915,421
12486,913,421
12487,912,421
12488,910,422
12489,907,422
12490,906,423
12491,904,424
12492,902,424
12493,901,425
12494,900,427
12495,898,427
12496,897,427
12497,895,428
12498,895,428
12499,894,429
12500,894,429
12501,892,430
12502,892,430
12503,890,430
12504,888,431
12505,889,431
12506,887,432
12507,886,433
12508,886,434
12509,886,435
12510,884,435
12511,884,436
12512,882,436
12513,882,436
12514,882,437
12515,880,438
12516,880,439
12517,879,440
12518,879,440
12519,878,440
12520,877,441
12521,876,441
12522,875,442
12523,875,442
12524,874,443
12525,873,443
12526,871,443
12527,871,444
12528,870,444
12529,869,445
12530,869,445
12531,869,445
12532,868,445
12533,868,445
12534,867,446
12535,865,446
12536,866,447
12537,866,448
12538,864,449
12539,864,449
12540,863,449
12541,863,449
12542,862,451
12543,862,451
12544,861,451
12545,859,451
12546,860,451
12547,860,452
12548,859,453
12549,857,453
12550,857,453
12551,856,454
12552,854,454
12553,855,454
12554,854,454
12555,854,454
12556,853,455
12557,861,454
12558,875,454
12559,892,455
12560,905,453
12561,916,452
12562,926,451
12563,935,451
12564,943,450
12565,952,451
12566,958,450
12567,965,452
12568,971,452
12569,977,453
12570,980,453
12571,983,452
12572,987,453
12573,991,452
12574,992,452
12575,993,451
12576,995,452
12577,995,452
12578,997,452
12579,998,453
12580,999,454
12581,999,454
12582,999,455
12583,999,454
12584,999,455
12585,1001,454
12586,1000,455
12587,999,456
12588,997,456
12589,998,455
12590,996,456
12591,997,456
12592,1002,456
12593,1011,457
12594,1019,457
12595,1029,456
12596,1036,457
12597,1044,457
12598,1052,458
12599,1059,458
12600,1067,459
12601,1074,458
12602,1083,458
12603,1091,458
12604,1097,458
12605,1104,458
12606,1112,458
12607,1119,458
12608,1127,458
12609,1133,458
12610,1141,457
12611,1147,457
12612,1153,458
12613,1160,458
12614,1166,458
12615,1174,457
12616,1179,458
12617,1184,458
12618,1190,458
12619,1176,453
12620,1173,450
12621,1170,448
12622,1157,446
12623,1154,444
12624,1150,442
12625,1146,441
12626,1143,439
12627,1138,437
12628,1134,436
12629,1132,435
12630,1130,434
12631,1126,432
12632,1125,431
12633,1122,432
12634,1120,431
12635,1117,430
12636,1116,430
12637,1115,429
12638,1112,429
12639,1110,430
12640,1110,430
12641,1107,429
12642,1105,430
12643,1104,431
12644,1103,432
12645,1101,432
12646,1101,432
12647,1101,431
12648,1102,429
12649,1102,427
12650,1102,427
12651,1101,426
12652,1102,425
12653,1102,425
12654,1101,423
12655,1101,424
12656,1101,425
12657,1105,423
12658,1106,422
12659,1104,420
12660,1104,419
12661,1085,417
12662,1069,414
12663,1054,410
12664,1040,406
12665,1028,402
12666,1015,397
12667,1002,393
12668,989,389
12669,976,385
12670,968,385
12671,956,381
12672,944,378
12673,932,375
12674,920,372
12675,909,369
12676,897,365
12677,885,362
12678,873,359
12682,853,354
12683,853,354
12684,853,354
12685,853,354
12686,853,354
12687,853,354
12688,853,354
12689,853,354
12690,853,354
12693,765,332
12694,759,329
12695,752,327
12696,744,325
12697,737,322
12698,729,323
12699,722,322
12700,716,319
12701,708,317
12702,701,316
12703,694,315
12704,687,315
12705,682,312
12706,675,313
12707,668,311
12708,663,311
12709,660,310
12710,660,309
12711,661,308
12712,661,307
12713,662,307
12714,663,307
12715,664,306
12716,664,304
12717,666,303
12718,666,302
12719,667,302
12720,667,300
12721,670,298
12722,672,295
12723,673,293
12724,675,291
12725,677,289
12726,678,287
12727,679,285
12728,682,284
12729,683,282
12730,684,282
12731,685,279
12732,687,279
12733,688,278
12734,689,278
12735,690,277
12736,691,275
12737,693,273
12738,696,271
12739,698,270
12740,700,269
12741,701,268
12742,703,267
12743,704,266
12744,706,265
12745,708,263
12746,710,262
12747,712,261
12748,713,259
12749,715,258
12750,717,258
12751,718,257
12752,719,256
12753,722,255
12754,729,255
12755,737,255
12756,746,254
12757,754,253
12758,760,253
12759,768,253
12760,775,254
12761,781,254
12762,786,254
12763,791,253
12764,796,253
12765,800,253
12766,805,253
12767,811,253
12768,815,253
12769,819,253
12770,823,253
12771,827,253
12772,830,253
12773,835,252
12774,838,251
12775,841,251
12776,843,251
12777,847,251
12778,849,252
12779,851,253
12780,854,253
12781,857,252
12782,859,252
12783,860,252
12784,857,254
12785,852,257
12786,847,259
12787,842,262
12788,838,264
12789,834,267
12790,832,270
12791,829,272
12792,827,275
12793,824,278
12794,822,280
12795,820,283
12796,818,286
12797,817,288
12798,815,292
12799,813,294
12800,812,297
12801,811,299
12802,810,300
12803,810,302
12804,811,304
12805,810,305
12806,810,307
12807,809,310
12808,810,312
12809,810,315
12810,810,317
12811,810,318
12812,810,321
12813,811,323
12814,811,324
12815,812,325
12816,812,327
12817,813,330
12818,813,331
12819,814,332
12820,815,334
12821,816,336
12822,816,337
12823,818,339
12824,818,340
12825,820,342
12826,820,344
12827,820,345
12828,822,346
12829,822,347
12830,823,349
12831,825,351
12832,825,352
12833,826,354
12834,826,355
12835,828,356
12836,829,357
12837,829,358
12838,830,360
12839,831,362
12840,833,364
12841,839,365
12842,846,368
12843,855,371
12844,863,375
12845,869,379
12846,875,382
12847,880,385
12848,884,388
12849,890,391
12850,893,394
12851,896,397
12852,899,399
12853,902,400
12854,904,401
12855,905,402
12856,907,405
12857,909,407
12858,911,409
12859,916,409
12860,915,413
12861,917,414
12862,916,418
12863,916,420
12864,917,422
12865,918,427
12866,918,430
12867,917,433
12868,919,436
12869,920,441
12870,920,443
12871,919,447
12872,920,450
12873,919,452
12874,918,453
12875,917,453
12876,918,455
12877,917,456
12878,916,459
12879,916,461
12880,916,462
12881,915,464
12882,916,466
12883,915,469
12884,914,471
12885,914,473
12886,914,476
12887,914,479
12888,913,480
12889,911,481
12890,911,482
12891,910,483
12892,910,483
12893,910,485
12894,909,487
12895,908,489
12896,907,490
12897,907,492
12898,907,494
12899,907,497
12900,906,499
12901,905,500
12902,904,500
12903,905,501
12904,905,502
12905,904,503
12906,903,505
12907,904,506
12908,903,508
12909,902,509
12910,902,511
12911,902,513
12912,901,515
12913,901,516
12914,900,516
12915,901,517
12916,900,519
12917,900,520
12918,900,522
12919,900,524
12920,899,525
12921,898,525
12922,899,526
12923,899,527
12924,898,528
12925,898,529
12926,899,530
12927,899,532
12928,898,532
12929,898,533
12930,898,534
12931,898,535
12932,898,536
12933,897,535
12934,896,535
12935,895,534
12936,894,533
12937,893,532
12938,892,532
12939,891,531
12940,890,530
12941,889,530
12942,888,529
12943,887,528
12944,886,527
12945,896,539
12946,895,538
12947,897,538
12948,897,538
12949,896,538
12950,896,538
12951,894,539
12952,891,538
12953,885,537
12954,870,536
12955,856,534
12956,842,535
12957,829,532
12958,818,531
12959,808,530
12960,799,531
12961,791,531
12962,784,530
12963,776,530
12964,770,530
12965,765,530
12966,760,532
12967,755,532
12968,751,533
12969,747,533
12970,744,533
12971,741,535
12972,739,537
12973,735,537
12974,733,538
12975,733,539
12976,732,538
12977,732,539
12978,732,538
12979,731,539
12980,730,540
12981,731,541
12982,731,542
12983,730,542
12984,731,542
12985,733,542
12986,733,541
12987,734,542
12988,735,542
12989,736,543
12990,738,544
12991,738,544
12992,740,545
12993,740,545
12994,742,546
12995,744,546
12996,745,546
12997,747,546
12998,748,546
12999,750,547
13000,753,546
13001,754,547
13002,756,548
13003,757,548
13004,759,547
13005,761,548
13006,763,549
13007,764,549
13008,767,548
13009,769,549
13010,770,549
13011,773,550
13012,773,550
13013,782,549
13014,778,546
13015,776,543
13016,776,539
13017,776,537
13018,777,534
13019,777,533
13020,776,530
13021,776,528
13022,778,526
13023,779,527
13024,778,525
13025,779,525
13026,781,523
13027,781,524
13028,781,523
13029,781,525
13030,781,525
13031,780,524
13032,780,525
13033,780,527
13034,780,527
13035,782,526
13036,782,525
13037,785,524
13038,785,524
13039,786,524
13040,787,523
13041,788,523
13042,788,523
13043,788,523
13044,790,523
13045,791,524
13046,791,524
13047,791,524
13048,792,525
13049,794,525
13050,794,525
13051,796,524
13052,797,525
13053,797,524
13054,799,524
13055,801,524
13056,801,524
13057,802,524
13058,803,525
13059,803,525
13060,804,525
13061,804,525
13062,806,526
13063,806,525
13064,807,526
13065,807,525
13066,808,526
13067,808,525
13068,809,526
13069,811,526
13070,811,526
13071,811,526
13072,811,525
13073,812,525
13074,813,526
13075,813,525
13076,813,526
13077,815,526
13078,814,525
13079,815,525
13080,815,525
13081,815,525
13082,815,525
13083,816,525
13084,817,525
13085,817,526
13086,818,526
13087,817,526
13088,818,526
13089,818,526
13090,819,526
13091,819,526
13092,820,525
13093,820,525
13094,820,525
13095,820,525
13096,820,525
13097,820,525
13098,821,525
13099,822,526
13100,822,526
13101,823,526
13102,822,526
13103,824,526
13104,825,527
13105,826,530
13106,830,534
13107,833,537
13108,836,541
13109,839,543
13110,841,545
13111,845,548
13112,847,550
13113,851,552
13114,852,554
13115,854,555
13116,857,557
13117,859,559
13118,860,560
13119,863,561
13120,865,563
13121,866,563
13122,868,564
13123,871,565
13124,872,566
13125,874,567
13126,875,567
13127,878,568
13128,879,568
13129,880,569
13130,883,570
13131,884,571
13132,885,571
13133,887,572
13134,888,572
13135,891,572
13136,892,572
13137,894,572
13138,895,573
13139,896,573
13140,899,573
13141,901,573
13142,902,574
13143,902,573
13144,905,573
13145,906,574
13146,907,573
13147,909,574
13148,911,574
13149,912,574
13150,914,574
13151,916,574
13152,918,574
13153,919,574
13154,921,574
13155,922,574
13156,924,574
13157,925,574
13158,928,574
13159,929,574
13160,930,574
13161,933,574
13162,935,574
13163,936,574
13164,938,573
13165,940,574
13166,942,573
13167,943,573
13168,945,573
13169,947,574
13170,951,574
13171,954,576
13172,958,577
13173,960,579
13174,962,579
13175,965,581
13176,968,582
13177,971,583
13178,972,583
13179,975,584
13180,977,585
13181,979,586
13182,982,586
13183,983,587
13184,985,588
13185,986,588
13186,988,588
13187,990,589
13188,991,589
13189,993,589
13190,995,590
13191,996,589
13192,997,590
13193,999,590
13194,1000,590
13195,1002,590
13196,1003,590
13197,1005,590
13198,1006,591
13199,1007,591
13200,1006,592
13201,1000,594
13202,992,598
13203,983,601
13204,976,605
13205,967,608
13206,961,611
13207,956,614
13208,951,617
13209,944,620
13210,940,623
13211,936,626
13212,931,629
13213,928,631
13214,926,632
13215,923,632
13216,921,635
13217,918,635
13218,917,636
13219,916,639
13220,914,639
13221,913,640
13222,911,643
13223,910,644
13224,908,647
13225,908,649
13226,907,651
13227,907,652
13228,907,653
13229,907,652
13230,908,652
13231,908,653
13232,908,653
13233,908,655
13234,909,655
13235,909,657
13236,909,657
13237,910,659
13238,909,660
13239,910,662
13240,910,663
13241,912,662
13242,912,661
13243,914,661
13244,915,662
13245,915,661
13246,916,662
13247,917,663
13248,918,664
13249,917,664
13250,918,666
13251,919,667
13252,920,669
13253,920,669
13254,922,668
13255,923,667
13256,924,668
13257,925,668
13258,927,668
13259,928,669
13260,930,669
13261,931,671
13262,933,672
13263,934,673
13264,936,674
13265,937,675
13266,939,676
13267,940,676
13268,933,674
13269,937,692
13270,938,689
13271,939,692
13272,939,692
13273,942,692
13274,941,697
13275,941,698
13276,941,698
13277,943,697
13278,945,697
13279,946,698
13280,947,697
13281,949,698
13282,954,699
13283,958,701
13284,963,703
13285,966,704
13286,970,706
13287,972,707
13288,977,708
13289,979,710
13290,982,711
13291,986,712
13292,989,714
13293,991,715
13294,995,716
13295,998,717
13296,1000,718
13297,1002,720
13298,1004,722
13299,1009,722
13300,1014,722
13301,1018,723
13302,1027,723
13303,1035,722
13304,1044,721
13305,1051,720
13306,1058,720
13307,1064,718
13308,1070,718
13309,1075,716
13310,1080,716
13311,1085,715
13312,1090,715
13313,1094,713
13314,1098,713
13315,1102,713
13316,1104,711
13317,1108,711
13318,1112,709
13319,1114,709
13320,1116,708
13321,1120,708
13322,1122,708
13323,1124,707
13324,1126,707
13325,1129,706
13326,1130,706
13327,1131,706
13328,1132,706
13329,1134,706
13330,1137,705
13331,1138,705
13332,1139,703
13333,1140,704
13334,1143,703
13335,1145,703
13336,1147,701
13337,1147,699
13338,1149,700
13339,1147,696
13340,1144,691
13341,1141,686
13342,1139,681
13343,1136,678
13344,1133,674
13345,1131,669
13346,1128,666
13347,1126,661
13348,1128,656
13349,1135,652
13350,1141,648
13351,1144,643
13352,1149,640
13353,1152,635
13354,1154,631
13355,1157,627
13356,1159,623
13357,1162,619
13358,1163,615
13359,1164,612
13360,1165,608
13361,1167,604
13362,1168,601
13363,1168,596
13364,1168,593
13365,1169,590
13366,1169,587
13367,1168,583
13368,1168,581
13369,1169,580
13370,1169,579
13371,1169,579
13372,1168,578
13373,1169,577
13374,1168,577
13375,1167,576
13376,1167,576
13377,1166,575
13378,1166,575
13379,1167,575
13380,1166,575
13381,1165,574
13382,1165,574
13383,1163,574
13384,1164,573
13385,1163,574
13386,1162,573
13387,1162,573
13388,1161,572
13389,1161,572
13390,1160,572
13391,1160,572
13392,1159,572
13393,1157,571
13394,1157,572
13395,1157,572
13396,1156,572
13397,1155,572
13398,1155,572
13399,1154,572
13400,1153,571
13401,1152,572
13402,1152,572
13403,1151,572
13404,1150,571
13405,1150,571
13406,1150,572
13407,1148,571
13408,1147,572
13409,1146,571
13410,1147,571
13411,1146,572
13412,1144,572
13413,1145,572
13414,1145,572
13415,1143,572
13416,1142,573
13417,1143,573
13418,1142,572
13419,1141,573
13420,1141,573
13421,1140,573
13422,1140,573
13423,1139,573
13424,1139,573
13425,1138,572
13426,1137,573
13427,1138,573
13428,1137,573
13429,1137,573
13430,1136,573
13431,1135,573
13432,1136,573
13433,1135,573
13434,1134,573
13435,1135,573
13436,1134,573
13437,1133,572
13438,1134,572
13439,1133,573
13440,1134,573
13441,1134,573
13442,1136,572
13443,1136,573
13444,1136,572
13445,1137,573
13446,1139,573
13447,1139,572
13448,1140,573
13449,1140,572
13450,1141,573
13451,1143,573
13452,1143,573
13453,1143,573
13454,1144,573
13455,1144,573
13456,1145,573
13457,1147,573
13458,1146,573
13459,1147,573
13460,1148,573
13461,1147,573
13462,1148,573
13463,1148,573
13464,1149,573
13465,1149,573
13466,1149,573
13467,1150,573
13468,1150,572
13469,1150,573
13470,1150,574
13471,1151,573
13472,1152,573
13473,1154,573
13474,1153,572
13475,1147,573
13476,1143,570
13477,1136,570
13478,1130,569
13479,1126,569
13480,1122,568
13481,1117,567
13482,1115,566
13483,1111,566
13484,1110,566
13485,1106,565
13486,1105,564
13487,1104,564
13488,1102,564
13489,1101,563
13490,1099,562
13491,1098,562
13492,1097,562
13493,1097,562
13494,1096,561
13495,1096,561
13496,1096,562
13497,1095,561
13498,1095,562
13499,1096,561
13500,1096,562
13501,1095,561
13502,1096,561
13503,1096,561
13504,1097,561
13505,1097,561
13506,1098,561
13507,1099,562
13508,1098,561
13509,1100,561
13510,1099,561
13511,1101,561
13512,1102,561
13513,1102,561
13514,1103,561
13515,1103,561
13516,1104,561
13517,1105,562
13518,1105,562
13519,1107,561
13520,1107,562
13521,1107,561
13522,1109,561
13523,1109,562
13524,1109,562
13525,1110,562
13526,1111,562
13527,1111,562
13528,1112,562
13529,1112,562
13530,1113,562
13531,1113,561
13532,1113,562
13533,1113,562
13534,1114,562
13535,1115,562
13536,1115,562
13537,1116,562
13538,1116,562
13539,1116,562
13540,1116,562
13541,1117,562
13542,1118,562
13543,1119,563
13544,1118,562
13545,1119,562
13546,1119,562
13547,1120,562
13548,1120,562
13549,1121,562
13550,1121,563
13551,1121,563
13552,1120,562
13553,1122,562
13554,1123,563
13555,1122,562
13556,1124,562
13557,1123,562
13558,1123,563
13559,1122,562
13560,1125,560
13561,1132,555
13562,1140,548
13563,1146,542
13564,1153,536
13565,1156,531
13566,1161,527
13567,1165,522
13568,1168,519
13569,1172,516
13570,1174,513
13571,1176,509
13572,1179,507
13573,1181,504
13574,1182,501
13575,1184,498
13576,1186,496
13577,1187,495
13578,1188,494
13579,1189,491
13580,1190,490
13581,1191,489
13582,1191,487
13583,1191,486
13584,1192,484
13585,1192,483
13586,1191,482
13587,1191,481
13588,1192,480
13589,1192,480
13590,1191,478
13591,1191,478
13592,1191,478
13593,1191,477
13594,1191,475
13595,1190,475
13596,1189,474
13597,1189,473
13598,1189,472
13599,1188,472
13600,1188,473
13601,1187,472
13602,1186,472
13603,1186,472
13604,1185,472
13605,1185,471
13606,1184,471
13607,1184,471
13608,1183,471
13609,1181,470
13610,1181,470
13611,1180,470
13612,1179,470
13613,1179,469
13614,1178,470
13615,1177,469
13616,1177,469
13617,1176,470
13618,1175,469
13619,1175,469
13620,1174,469
13621,1173,469
13622,1173,468
13623,1172,468
13624,1171,468
13625,1171,468
13626,1170,469
13627,1168,468
13628,1167,469
13629,1167,468
13630,1167,470
13631,1169,477
13632,1172,484
13633,1175,491
13634,1177,496
13635,1178,501
13636,1180,504
13637,1182,507
13638,1182,510
13639,1184,515
13640,1185,517
13641,1186,519
13642,1187,523
13643,1188,525
13644,1190,528
13645,1190,532
13646,1191,533
13647,1192,535
13648,1193,539
13649,1193,542
13650,1194,546
13651,1194,549
13652,1196,550
13653,1195,552
13654,1194,553
13655,1194,554
13656,1194,554
13657,1195,555
13658,1194,557
13659,1193,558
13660,1192,558
13661,1192,560
13662,1191,562
13663,1192,563
13664,1192,565
13665,1191,565
13666,1190,565
13667,1190,565
13668,1189,565
13669,1189,565
13670,1188,566
13671,1187,568
13672,1185,568
13673,1185,568
13674,1184,569
13675,1184,569
13676,1177,568
13677,1168,566
13678,1158,564
13679,1148,562
13680,1142,560
13681,1134,559
13682,1126,558
13683,1121,557
13684,1117,556
13685,1112,555
13686,1107,553
13687,1104,552
13688,1101,551
13689,1098,551
13690,1094,550
13691,1093,549
13692,1091,549
13693,1090,548
13694,1089,548
13695,1086,547
13696,1086,546
13697,1086,546
13698,1084,546
13699,1084,545
13700,1085,545
13701,1083,545
13702,1084,545
13703,1083,544
13704,1084,544
13705,1083,544
13706,1083,544
13707,1084,544
13708,1083,543
13709,1084,543
13710,1085,543
13711,1085,543
13712,1085,543
13713,1085,543
13714,1086,542
13715,1083,545
13716,1075,549
13717,1067,553
13718,1061,557
13719,1055,561
13720,1050,565
13721,1044,567
13722,1041,570
13723,1038,573
13724,1034,576
13725,1031,579
13726,1030,581
13727,1028,581
13728,1027,581
13729,1027,581
13730,1026,583
13731,1025,583
13732,1025,585
13733,1024,585
13734,1025,585
13735,1025,588
13736,1024,589
13737,1025,590
13738,1025,593
13739,1024,595
13740,1026,597
13741,1026,598
13742,1026,602
13743,1027,604
13744,1029,607
13745,1029,611
13746,1030,611
13747,1033,610
13748,1034,609
13749,1035,608
13750,1036,609
13751,1038,609
13752,1039,609
13753,1039,609
13754,1040,611
13755,1041,611
13756,1042,613
13757,1042,613
13758,1043,615
13759,1044,615
13760,1044,618
13761,1045,619
13762,1046,621
13763,1047,622
13764,1048,621
13765,1051,620
13766,1052,620
13767,1053,619
13768,1053,620
13769,1056,619
13770,1058,618
13771,1060,617
13772,1062,617
13773,1064,616
13774,1066,615
13775,1068,615
13776,1070,614
13777,1072,613
13779,1067,544
13780,1067,539
13781,1066,535
13782,1068,530
13783,1068,529
13784,1068,528
13785,1068,524
13786,1067,523
13787,1068,520
13788,1068,517
13789,1069,515
13790,1069,513
13791,1068,511
13792,1069,508
13793,1069,507
13794,1068,506
13795,1068,504
13796,1067,503
13797,1068,502
13798,1069,501
13799,1070,500
13800,1067,499
13801,1067,498
13802,1067,497
13803,1066,495
13804,1069,494
13805,1068,493
13806,1068,492
13807,1068,493
13808,1068,493
13809,1068,492
13810,1067,491
13811,1066,491
13812,1068,491
13813,1068,491
13814,1068,491
13815,1070,490
13816,1069,490
13817,1069,491
13818,1070,490
13819,1070,490
13820,1069,489
13821,1069,489
13822,1071,489
13823,1071,490
13824,1070,489
13825,1070,490
13826,1072,489
13827,1072,490
13828,1072,489
13829,1073,489
13830,1073,490
13831,1073,490
13832,1074,490
13833,1074,490
13834,1074,490
13835,1076,490
13836,1075,490
13837,1076,490
13838,1077,489
13839,1077,489
13840,1077,491
13841,1077,492
13842,1077,493
13843,1078,493
13844,1078,494
13845,1079,495
13846,1079,496
13847,1081,497
13848,1081,498
13849,1081,498
13850,1083,499
13851,1083,500
13852,1082,500
13853,1084,500
13854,1084,500
13855,1086,501
13856,1086,501
13857,1089,502
13858,1091,505
13859,1096,506
13860,1097,508
13861,1099,510
13862,1100,511
13863,1102,513
13864,1104,514
13865,1106,515
13866,1107,518
13867,1109,519
13868,1110,521
13869,1111,523
13870,1112,525
13871,1113,526
13872,1114,528
13873,1117,529
13874,1111,532
13875,1105,534
13876,1099,538
13877,1094,542
13878,1090,545
13879,1086,547
13880,1083,549
13881,1080,550
13882,1078,553
13883,1074,554
13884,1073,556
13885,1072,557
13886,1070,559
13887,1068,560
13888,1068,562
13889,1066,563
13890,1066,564
13891,1066,565
13892,1064,566
13893,1064,567
13894,1063,568
13895,1062,569
13896,1062,569
13897,1061,570
13898,1060,571
13899,1063,574
13900,1063,573
13901,1064,573
13902,1064,573
13903,1065,574
13904,1065,575
13905,1066,576
13906,1067,578
13907,1068,578
13908,1068,577
13909,1068,578
13910,1068,579
13911,1067,579
13912,1070,579
13913,1071,578
13914,1073,576
13915,1075,574
13916,1076,574
13917,1078,574
13918,1080,572
13919,1081,572
13920,1082,572
13921,1083,571
13922,1086,571
13923,1086,570
13924,1088,570
13925,1088,570
13926,1089,569
13927,1090,569
13928,1091,569
13929,1091,568
13930,1093,568
13931,1092,568
13932,1089,567
13933,1085,565
13934,1081,563
13935,1078,561
13936,1073,560
13937,1068,558
13938,1065,557
13939,1063,556
13940,1060,555
13941,1055,554
13942,1052,553
13943,1050,552
13944,1047,551
13945,1045,550
13946,1042,550
13947,1039,550
13948,1036,549
13949,1033,548
13950,1032,548
13951,1030,548
13952,1028,548
13953,1027,547
13954,1024,547
13955,1022,547
13956,1021,547
13957,1019,546
13958,1018,546
13959,1015,546
13960,1015,546
13961,1012,546
13962,1011,546
13963,1011,545
13964,1009,545
13965,1006,545
13966,1006,544
13967,1004,544
13968,1003,545
13969,1003,545
13970,1005,545
13971,1009,545
13972,1015,545
13973,1018,545
13974,1023,544
13975,1025,545
13976,1027,543
13977,1033,543
13978,1035,544
13979,1037,545
13980,1040,544
13981,1042,545
13982,1043,544
13983,1045,544
13984,1047,545
13985,1047,545
13986,1041,540
13987,1037,538
13988,1039,539
13989,1037,539
13990,1033,538
13991,1031,537
13992,1028,536
13993,1026,536
13994,1025,534
13995,1022,533
13996,1020,533
13997,1020,533
13998,1017,532
13999,1014,532
14000,1014,532
14001,1012,532
14002,1010,532
14003,1008,531
14004,1008,531
14005,1007,531
14006,1005,530
14007,1005,530
14008,1003,530
14009,1003,529
14010,1001,529
14011,999,529
14012,1000,529
14013,998,530
14014,999,530
14015,996,530
14016,996,529
14017,995,529
14018,995,529
14019,994,530
14020,994,529
14021,993,530
14022,991,529
14023,990,530
14024,991,529
14025,994,531
14026,1001,532
14027,1009,533
14028,1017,534
14029,1025,534
14030,1032,536
14031,1038,537
14032,1043,537
14033,1050,538
14034,1056,538
14035,1062,539
14036,1066,539
14037,1073,539
14038,1078,540
14039,1082,540
14040,1087,541
14041,1090,541
14042,1096,541
14043,1100,542
14044,1104,542
14045,1107,541
14046,1112,541
14047,1115,542
14048,1118,542
14049,1122,543
14050,1125,542
14051,1128,543
14052,1131,543
14053,1135,543
14054,1139,544
14055,1141,544
14056,1143,543
14057,1146,544
14058,1150,544
14059,1152,544
14060,1156,544
14061,1157,543
14062,1158,544
14063,1162,544
14064,1164,545
14065,1165,544
14066,1167,545
14067,1171,545
14068,1172,545
14069,1175,545
14070,1177,545
14071,1179,545
14072,1180,545
14073,1182,545
14074,1184,546
14075,1185,545
14076,1187,545
14077,1188,545
14078,1187,545
14079,1187,545
14080,1186,545
14081,1184,545
14082,1184,544
14083,1183,545
14084,1183,545
14085,1182,545
14086,1180,544
14087,1181,544
14088,1180,545
14089,1179,545
14090,1179,544
14091,1178,545
14092,1178,545
14093,1176,545
14094,1176,544
14095,1176,545
14096,1174,545
14097,1175,544
14098,1173,544
14099,1173,544
14100,1172,544
14101,1171,544
14102,1170,544
14103,1170,544
14104,1169,544
14105,1169,544
14106,1169,544
14107,1168,544
14108,1168,544
14109,1167,544
14110,1167,544
14111,1166,544
14112,1166,544
14113,1165,544
14114,1165,544
14115,1165,544
14116,1164,544
14117,1164,544
14118,1163,544
14119,1163,544
14120,1162,544
14121,1162,544
14122,1161,544
14123,1161,544
14124,1161,545
14125,1162,544
14126,1163,543
14127,1165,541
14128,1167,539
14129,1166,537
14130,1167,537
14131,1168,538
14132,1170,537
14133,1169,536
14134,1170,536
14135,1170,536
14136,1171,535
14137,1170,534
14138,1171,534
14139,1171,534
14140,1170,533
14141,1170,533
14142,1171,533
14143,1170,533
14144,1169,532
14145,1170,532
14146,1169,534
14147,1168,532
14148,1169,532
14149,1169,532
14150,1169,531
14151,1169,531
14152,1169,530
14153,1169,530
14154,1169,530
14155,1169,529
14156,1170,529
14158,1106,490
14159,1106,490
14160,1096,484
14161,1090,481
14162,1087,477
14163,1084,475
14164,1083,471
14165,1079,470
14166,1075,469
14167,1073,467
14168,1070,467
14169,1068,466
14170,1067,464
14171,1066,462
14172,1064,463
14173,1062,463
14174,1061,461
14175,1060,459
14176,1060,457
14177,1060,456
14178,1059,456
14179,1059,454
14180,1059,453
14181,1059,453
14182,1059,452
14183,1058,453
14184,1057,452
14185,1058,452
14186,1058,452
14187,1058,452
14188,1058,453
14189,1061,455
14190,1066,460
14191,1073,466
14192,1076,470
14193,1081,474
14194,1085,479
14195,1088,483
14196,1091,486
14197,1094,490
14198,1097,492
14199,1101,494
14200,1103,495
14201,1105,495
14202,1111,495
14203,1118,498
14204,1125,500
14205,1133,501
14206,1136,502
14207,1142,503
14208,1146,504
14209,1149,504
14210,1152,504
14211,1157,504
14212,1159,505
14213,1161,505
14214,1164,506
14215,1166,507
14216,1167,507
14217,1168,507
14218,1170,509
14219,1170,508
14220,1172,508
14221,1173,509
14222,1172,510
14223,1173,511
14224,1173,510
14225,1174,510
14226,1174,511
14227,1173,511
14228,1174,511
14229,1174,512
14230,1173,512
14231,1173,512
14232,1172,511
14233,1172,511
14234,1171,511
14235,1170,512
14236,1170,512
14237,1169,512
14238,1169,512
14239,1168,512
14240,1168,512
14241,1167,512
14242,1166,512
14243,1166,511
14244,1164,511
14245,1165,511
14246,1163,511
14247,1164,511
14248,1163,512
14249,1162,511
14250,1163,511
14251,1162,511
14252,1161,511
14253,1161,511
14254,1160,511
14255,1159,511
14256,1158,510
14257,1159,510
14258,1159,509
14259,1157,509
14260,1156,509
14261,1156,509
14262,1155,509
14263,1154,508
14264,1153,508
14265,1152,508
14266,1155,506
14267,1155,506
14268,1151,508
14269,1149,509
14270,1149,509
14271,1149,509
14272,1147,510
14273,1144,509
14274,1144,510
14275,1142,510
14276,1141,510
14277,1139,510
14278,1137,510
14279,1137,510
14280,1135,510
14281,1132,509
14282,1130,510
14283,1129,510
14284,1129,510
14285,1126,510
14286,1124,510
14287,1121,509
14288,1122,510
14289,1119,510
14290,1118,510
14291,1118,509
14292,1127,506
14293,1139,501
14294,1152,498
14295,1165,494
14296,1177,490
14297,1185,485
14298,1192,484
14299,1200,480
14300,1207,479
14301,1213,476
14302,1219,473
14303,1224,473
14304,1229,470
14305,1234,469
14306,1238,466
14307,1242,465
14308,1244,462
14309,1248,461
14310,1250,458
14311,1253,457
14312,1255,454
14313,1257,454
14314,1258,451
14315,1260,451
14316,1261,449
14317,1263,449
14318,1264,446
14319,1265,446
14320,1265,445
14321,1267,443
14322,1267,443
14323,1267,442
14324,1267,443
14325,1267,441
14326,1268,441
14327,1268,442
14328,1267,441
14329,1266,440
14330,1265,439
14331,1265,436
14332,1263,435
14333,1261,433
14334,1261,431
14335,1259,430
14336,1259,428
14337,1258,428
14338,1256,427
14339,1257,426
14340,1256,426
14341,1255,426
14342,1254,425
14343,1252,423
14344,1250,421
14345,1248,420
14346,1245,418
14347,1244,417
14348,1242,417
14349,1239,416
14350,1238,415
14351,1236,415
14352,1235,413
14353,1232,413
14354,1230,411
14355,1227,410
14356,1224,410
14357,1223,409
14358,1220,409
14359,1219,408
14360,1217,408
14361,1214,408
14362,1212,406
14363,1210,406
14364,1206,404
14365,1205,403
14366,1203,403
14367,1200,402
14368,1197,400
14369,1194,400
14370,1193,400
14371,1190,398
14372,1184,397
14373,1170,393
14374,1152,390
14375,1135,385
14376,1121,381
14377,1109,379
14378,1098,375
14379,1088,373
14380,1080,368
14381,1072,364
14382,1064,362
14383,1057,359
14384,1050,357
14385,1046,354
14386,1041,351
14387,1037,349
14388,1034,345
14389,1031,342
14390,1028,339
14391,1026,336
14392,1023,333
14393,1020,331
14394,1019,328
14395,1017,326
14396,1015,323
14397,1014,321
14398,1014,319
14399,1013,317
14400,1012,315
14401,1011,314
14402,1011,312
14403,1010,309
14404,1010,307
14405,1011,304
14406,1010,302
14407,1010,300
14408,1010,298
14409,1012,295
14410,1011,294
14411,1012,292
14412,1012,290
14413,1013,288
14414,1014,285
14415,1014,283
14416,1014,282
14417,1015,281
14418,1015,279
14419,1016,277
14420,1017,275
14421,1017,274
14422,1017,271
14423,1019,270
14424,1019,269
14425,1020,267
14426,1020,265
14427,1022,264
14428,1022,262
14429,1022,261
14430,1022,259
14431,1023,257
14432,1025,256
14433,1025,254
14434,1026,253
14435,1026,252
14436,1028,251
14437,1032,250
14438,1039,250
14439,1045,250
14440,1051,251
14441,1056,251
14442,1060,252
14443,1063,252
14444,1066,252
14445,1069,252
14446,1072,253
14447,1074,254
14448,1076,254
14449,1077,255
14450,1078,255
14451,1079,255
14452,1081,256
14453,1082,258
14454,1082,260
14455,1083,260
14456,1083,261
14457,1083,262
14458,1082,263
14459,1083,264
14460,1083,267
14461,1083,268
14462,1082,269
14463,1081,270
14464,1080,269
14465,1078,268
14466,1076,267
14467,1074,267
14468,1072,266
14469,1070,266
14470,1069,266
14471,1068,266
14472,1066,266
14473,1065,267
14474,1063,267
14475,1062,268
14476,1060,268
14477,1059,269
14478,1058,269
14479,1057,269
14480,1055,270
14481,1054,270
14482,1053,271
14483,1051,272
14484,1049,271
14485,1048,271
14486,1045,270
14487,1043,270
14488,1043,270
14489,1041,270
14490,1039,270
14491,1037,270
14492,1036,270
14493,1034,270
14494,1033,270
14495,1032,271
14496,1030,272
14497,1028,273
14498,1027,273
14499,1026,273
14500,1026,272
14501,1023,272
14502,1023,272
14503,1022,272
14504,1020,272
14505,1019,272
14506,1017,273
14507,1016,273
14508,1014,273
14509,1013,273
14510,1012,273
14511,1011,273
14512,1010,273
14513,1009,273
14514,1008,273
14515,1007,273
14516,1005,273
14517,1004,274
14518,1003,274
14519,1002,274
14520,1000,274
14521,999,274
14522,998,274
14523,996,274
14524,995,274
14525,994,273
14526,993,273
14527,992,273
14528,990,273
14529,989,273
14530,988,273
14531,987,273
14532,987,272
14533,995,270
14534,1005,266
14535,1016,262
14536,1026,258
14537,1034,254
14538,1042,252
14539,1048,247
14540,1055,245
14541,1061,242
14542,1066,239
14543,1071,238
14544,1076,236
14545,1080,236
14546,1084,235
14547,1087,231
14548,1090,230
14549,1093,229
14550,1096,228
14551,1099,227
14552,1101,227
14553,1103,226
14554,1105,225
14555,1107,225
14556,1108,223
14557,1111,223
14558,1112,223
14559,1113,225
14560,1114,226
14561,1115,227
14562,1116,227
14563,1117,227
14564,1118,228
14565,1118,229
14566,1119,230
14567,1119,230
14568,1121,231
14569,1120,235
14570,1121,236
14571,1120,236
14572,1117,234
14573,1115,231
14574,1113,229
14575,1111,227
14576,1109,226
14577,1109,224
14578,1107,223
14579,1106,222
14580,1106,222
14581,1104,221
14582,1103,221
14583,1101,220
14584,1100,220
14585,1100,221
14586,1100,221
14587,1099,221
14588,1098,221
14589,1097,221
14590,1096,221
14591,1096,222
14592,1095,222
14593,1094,225
14594,1094,224
14595,1094,227
14596,1093,229
14597,1092,230
14598,1090,229
14599,1088,228
14600,1085,227
14601,1082,226
14602,1082,224
14603,1079,222
14604,1077,221
14605,1076,221
14606,1074,220
14607,1072,220
14608,1070,220
14609,1070,220
14610,1069,220
14611,1068,221
14612,1067,221
14613,1066,221
14614,1065,221
14615,1064,222
14616,1063,222
14617,1063,223
14618,1062,226
14619,1061,227
14620,1060,227
14621,1059,227
14622,1057,226
14623,1056,226
14624,1054,223
14625,1053,222
14626,1053,222
14627,1051,221
14628,1050,220
14629,1049,220
14630,1048,220
14631,1047,220
14632,1046,219
14633,1045,220
14634,1044,220
14635,1045,221
14636,1044,220
14637,1043,220
14638,1043,221
14639,1042,221
14640,1042,222
14641,1041,223
14642,1041,224
14643,1040,225
14644,1039,225
14645,1038,224
14646,1039,223
14647,1038,222
14648,1037,221
14649,1036,221
14650,1035,221
14651,1036,221
14652,1035,221
14653,1034,221
14654,1034,221
14655,1033,221
14656,1034,222
14657,1032,222
14658,1032,223
14659,1030,224
14660,1030,223
14661,1029,223
14662,1027,222
14663,1028,222
14664,1026,222
14665,1025,222
14666,1026,222
14667,1024,222
14668,1024,222
14669,1023,223
14670,1021,222
14671,1022,223
14672,1020,222
14673,1019,222
14674,1019,222
14675,1018,222
14676,1017,222
14677,1016,222
14678,1015,223
14679,1015,223
14680,1014,223
14681,1013,222
14682,1012,222
14683,1012,222
14684,1011,222
14685,1010,222
14686,1009,222
14687,1007,222
14688,1007,222
14689,1006,222
14690,1005,222
14691,1005,222
14692,1003,222
14693,1002,221
14694,1001,221
14695,1001,222
14696,999,222
14697,998,222
14698,997,222
14699,997,222
14700,996,222
14701,995,222
14702,994,222
14703,993,222
14704,992,221
14705,991,221
14706,990,221
14707,989,221
14708,989,221
14709,988,221
14710,987,221
14711,986,221
14712,985,221
14713,985,221
14714,984,221
14715,983,221
14716,983,220
14717,982,221
14718,981,221
14719,980,221
14720,979,221
14721,978,220
14722,977,220
14723,978,220
14724,977,220
14725,976,220
14726,975,220
14727,974,220
14728,975,221
14729,974,221
14730,973,221
14731,972,221
14732,971,221
14733,972,220
14734,971,220
14735,970,220
14736,969,220
14737,968,220
14738,967,220
14739,968,219
14740,967,220
14741,967,220
14742,966,220
14743,965,220
14744,964,219
14745,965,219
14746,965,220
14747,964,219
14748,964,219
14749,963,220
14750,962,220
14751,963,221
14752,962,220
14753,962,220
14754,961,220
14755,960,220
14756,959,221
14757,958,220
14758,959,220
14759,959,220
14760,958,219
14761,957,220
14762,956,220
14763,955,220
14764,957,220
14765,963,220
14766,969,220
14767,973,220
14768,977,220
14769,980,221
14770,982,221
14771,984,221
14772,985,221
14773,986,222
14774,986,222
14775,987,222
14776,987,222
14777,987,223
14778,987,223
14779,986,223
14780,986,223
14781,986,223
14782,984,223
14783,983,223
14784,983,224
14785,981,224
14786,979,224
14787,979,224
14788,977,225
14789,976,226
14790,974,226
14791,972,225
14792,970,225
14793,968,225
14794,966,225
14795,965,226
14796,963,226
14797,961,227
14798,959,227
14799,957,227
14800,955,227
14801,953,227
14802,951,227
14803,949,227
14804,946,227
14805,944,228
14806,942,228
14807,939,228
14808,937,228
14809,935,229
14810,932,228
14811,930,229
14812,928,229
14813,926,229
14814,924,229
14815,922,229
14816,920,230
14817,917,230
14818,915,230
14819,914,230
14820,911,231
14821,908,231
14822,906,230
14823,904,230
14824,902,231
14825,899,230
14826,898,231
14827,897,231
14828,896,231
14829,896,231
14830,895,231
14831,895,231
14832,895,231
14833,894,231
14834,893,231
14835,894,231
14836,893,231
14837,892,232
14838,893,232
14839,892,232
14840,892,232
14841,891,232
14842,891,232
14843,891,233
14844,890,234
14845,890,234
14846,891,234
14847,894,235
14848,897,236
14849,901,237
14850,904,238
14851,906,239
14852,910,240
14853,912,242
14854,915,243
14855,917,245
14856,919,246
14857,923,247
14858,925,250
14859,927,251
14860,929,252
14861,930,252
14862,932,253
14863,934,254
14864,937,255
14865,938,257
14866,940,259
14867,942,260
14868,944,261
14869,945,261
14870,947,262
14871,949,263
14872,951,263
14873,952,265
14874,953,266
14875,954,267
14876,956,267
14877,958,268
14878,959,269
14879,960,270
14880,963,270
14881,964,270
14882,965,270
14883,968,271
14884,969,273
14885,970,274
14886,970,274
14887,972,274
14888,973,275
14889,975,275
14890,976,277
14891,977,277
14892,980,277
14893,981,278
14894,982,278
14895,983,279
14896,985,279
14897,985,279
14898,986,281
14899,987,282
14900,988,282
14901,989,282
14902,990,282
14903,991,283
14904,992,283
14905,994,284
14906,995,284
14907,996,284
14908,997,285
14909,998,285
14910,998,286
14911,999,286
14912,1000,287
14913,1001,287
14914,1001,288
14915,1003,288
14916,1007,289
14917,1013,290
14918,1019,291
14919,1023,293
14920,1029,294
14921,1033,295
14922,1037,298
14923,1041,299
14924,1045,301
14925,1050,302
14926,1054,303
14927,1059,304
14928,1062,305
14929,1065,307
14930,1068,308
14931,1073,310
14932,1076,310
14933,1078,311
14934,1083,312
14935,1086,314
14936,1089,315
14937,1092,316
14938,1094,317
14939,1097,318
14940,1101,319
14941,1103,319
14942,1106,320
14943,1108,320
14944,1110,322
14945,1112,323
14946,1114,324
14947,1118,325
14948,1121,326
14949,1123,327
14950,1124,327
14951,1128,327
14952,1130,329
14953,1131,329
14954,1134,330
14955,1136,332
14956,1138,333
14957,1139,333
14958,1141,332
14959,1144,332
14960,1145,333
14961,1146,333
14962,1149,333
14963,1150,335
14964,1152,336
14965,1154,336
14966,1156,338
14967,1157,338
14968,1160,339
14969,1161,341
14970,1162,341
14971,1163,341
14972,1166,341
14973,1167,342
14974,1168,342
14975,1171,343
14976,1171,344
14977,1174,345
14978,1175,345
14979,1177,345
14980,1178,346
14981,1178,347
14982,1181,348
14983,1184,348
14984,1186,349
14985,1190,349
14986,1192,349
14987,1194,351
14988,1197,351
14989,1199,351
14990,1202,351
14991,1204,351
14992,1207,351
14993,1209,352
14994,1210,353
14995,1213,353
14996,1214,353
14997,1217,353
14998,1219,354
14999,1221,354
15000,1223,355
15001,1225,356
15002,1227,356
15003,1226,355
15004,1226,354
15005,1226,355
15006,1227,355
15007,1226,355
15008,1225,355
15009,1225,356
15010,1224,356
15011,1224,356
15012,1224,357
15013,1224,357
15014,1223,353
15015,1222,354
15016,1224,355
15017,1224,356
15018,1224,355
15019,1225,355
15020,1224,354
15021,1225,353
15022,1226,353
15023,1225,357
15024,1226,360
15025,1226,361
15026,1226,361
15027,1227,361
15028,1226,360
15029,1227,358
15030,1229,358
15031,1232,357
15032,1232,355
15033,1233,355
15034,1236,354
15035,1237,353
15036,1238,352
15037,1237,351
15038,1237,351
15039,1236,351
15040,1234,350
15041,1235,350
15042,1234,351
15043,1232,350
15044,1233,350
15045,1232,350
15046,1231,349
15047,1231,349
15048,1230,349
15049,1231,349
15050,1230,349
15051,1230,349
15052,1229,349
15053,1229,348
15054,1228,348
15055,1227,348
15056,1228,348
15057,1228,348
15058,1227,348
15059,1225,347
15060,1226,347
15061,1225,347
15062,1225,347
15063,1224,347
15064,1224,347
15065,1223,346
15066,1224,346
15067,1223,346
15068,1223,346
15069,1223,346
15070,1223,346
15071,1222,346
15072,1222,346
15073,1221,345
15074,1222,345
15075,1222,346
15076,1221,345
15077,1221,345
15078,1221,346
15079,1220,345
15080,1221,345
15081,1222,345
15082,1220,345
15083,1221,345
15084,1219,344
15085,1220,344
15086,1220,343
15087,1219,345
15088,1219,345
15089,1220,345
15090,1218,345
15091,1219,346
15092,1219,347
15093,1219,349
15094,1220,350
15095,1220,352
15096,1219,353
15097,1221,353
15098,1221,353
15099,1221,355
15100,1222,356
15101,1221,357
15102,1221,358
15103,1222,359
15104,1221,359
15105,1222,360
15106,1221,361
15107,1222,362
15108,1221,362
15109,1222,362
15110,1223,363
15111,1222,363
15112,1223,364
15113,1222,365
15114,1223,365
15115,1222,366
15116,1221,367
15117,1222,367
15118,1222,368
15119,1221,368
15120,1222,368
15121,1222,369
15122,1221,369
15123,1222,369
15124,1222,370
15125,1221,371
15126,1222,371
15127,1221,371
15128,1215,371
15129,1206,371
15130,1194,371
15131,1183,372
15132,1171,373
15133,1161,373
15134,1151,373
15135,1142,372
15136,1131,374
15137,1120,373
15138,1111,373
15139,1102,374
15140,1092,374
15141,1084,374
15142,1074,374
15143,1065,374
15144,1058,375
15145,1049,377
15146,1042,377
15147,1037,378
15148,1032,377
15149,1028,377
15150,1023,378
15151,1017,378
15152,1013,378
15153,1009,379
15154,1004,379
15155,1001,379
15156,998,379
15157,993,378
15158,990,379
15159,987,378
15160,984,379
15161,980,379
15162,977,379
15163,975,379
15164,971,378
15165,967,379
15166,965,379
15167,962,379
15168,959,380
15169,957,380
15170,953,380
15171,951,380
15172,949,380
15173,945,381
15174,944,380
15175,940,379
15176,940,377
15177,941,378
15178,940,376
15179,942,375
15180,942,373
15181,944,372
15182,943,372
15183,941,371
15184,942,370
15185,942,370
15186,944,369
15187,943,368
15188,943,368
15189,943,367
15190,944,367
15191,944,366
15192,943,366
15193,942,366
15194,944,365
15195,943,365
15196,945,364
15197,944,364
15198,945,363
15199,945,363
15200,945,362
15201,946,362
15202,946,361
15203,946,361
15204,948,361
15205,947,360
15206,947,360
15207,947,359
15208,947,359
15209,948,359
15210,948,358
15211,949,358
15212,949,359
15213,948,358
15214,940,355
15215,928,352
15216,916,347
15217,903,343
15218,893,340
15219,882,336
15220,872,333
15221,864,329
15222,855,327
15223,847,323
15224,838,320
15225,829,318
15226,821,315
15227,814,312
15228,805,310
15229,799,308
15230,792,306
15231,784,303
15232,778,301
15233,771,299
15234,764,297
15235,757,295
15236,752,293
15237,746,291
15238,743,288
15239,741,286
15240,741,285
15241,741,284
15242,740,282
15243,740,282
15244,739,279
15245,738,278
15246,739,277
15247,739,276
15248,739,274
15249,738,271
15250,739,270
15251,740,268
15252,740,266
15253,742,263
15254,743,262
15255,743,260
15256,743,258
15257,745,256
15258,746,255
15259,746,254
15260,747,252
15261,748,250
15262,749,249
15263,750,247
15264,752,246
15265,753,244
15266,754,243
15267,755,242
15268,758,239
15269,759,238
15270,760,237
15271,761,236
15272,762,234
15273,764,233
15274,767,231
15275,768,230
15276,769,229
15277,770,228
15278,771,226
15279,773,225
15280,776,224
15281,778,223
15282,779,222
15283,782,221
15284,783,219
15285,784,218
15286,786,218
15287,788,216
15288,797,217
15289,809,220
15290,820,223
15291,830,226
15292,839,230
15293,848,234
15294,855,237
15295,862,239
15296,869,243
15297,875,245
15298,880,248
15299,885,252
15300,890,255
15301,894,259
15302,898,261
15303,902,263
15304,905,267
15305,908,270
15306,911,274
15307,913,277
15308,915,279
15309,917,283
15310,919,287
15311,920,291
15312,922,294
15313,923,299
15314,924,302
15315,925,306
15316,926,308
15317,926,309
15318,927,310
15319,926,311
15320,927,314
15321,927,315
15322,928,317
15323,927,319
15324,928,321
15325,927,322
15326,927,324
15327,927,327
15328,929,329
15329,929,332
15330,929,335
15331,929,338
15332,929,341
15333,929,344
15334,930,347
15335,927,348
15336,928,350
15337,926,351
15338,927,353
15339,926,355
15340,927,357
15341,926,359
15342,927,361
15343,925,363
15344,925,364
15345,925,366
15346,926,367
15347,925,368
15348,923,368
15349,923,367
15350,924,367
15351,923,365
15352,922,365
15353,924,364
15354,926,364
15355,927,364
15356,928,364
15357,928,363
15358,930,362
15359,930,362
15360,932,362
15361,932,362
15362,934,362
15363,935,361
15364,935,361
15365,936,361
15366,938,361
15367,939,361
15368,940,361
15369,942,361
15370,943,360
15371,944,361
15372,946,361
15373,949,360
15374,948,360
15375,950,362
15376,951,365
15377,951,369
15378,952,372
15379,951,374
15380,950,378
15381,951,381
15382,950,384
15383,951,387
15384,950,390
15385,950,394
15386,950,397
15387,949,399
15388,951,402
15389,951,407
15390,950,410
15391,950,413
15392,950,417
15393,950,421
15394,950,424
15395,950,425
15396,949,427
15397,949,429
15398,950,431
15399,950,432
15400,950,435
15401,949,438
15402,949,441
15403,951,443
15404,950,446
15405,951,448
15406,950,450
15407,950,450
15408,950,452
15409,951,455
15410,950,457
15411,950,459
15412,951,461
15413,950,463
15414,951,464
15415,950,466
15416,951,467
15417,951,469
15418,950,471
15419,950,473
15420,951,475
15421,951,477
15422,951,478
15423,951,480
15424,951,481
15425,951,482
15426,951,484
15427,951,485
15428,951,486
15429,952,488
15430,951,489
15431,951,491
15432,952,492
15433,951,493
15434,952,495
15435,951,496
15436,952,497
15437,952,499
15438,951,500
15439,952,500
15440,952,502
15441,951,503
15442,952,504
15443,952,506
15444,951,507
15445,952,508
15446,951,508
15447,952,509
15448,952,510
15449,952,510
15450,950,510
15451,942,503
15452,931,495
15453,921,487
15454,912,480
15455,905,473
15456,897,465
15457,892,458
15458,886,452
15459,881,444
15460,876,439
15461,871,434
15462,868,428
15463,864,424
15464,860,420
15465,857,415
15466,854,413
15467,853,407
15468,850,402
15469,848,397
15470,846,394
15471,844,389
15472,843,384
15473,841,381
15474,840,375
15475,840,370
15476,838,368
15477,836,363
15478,835,361
15479,836,357
15480,834,353
15481,833,351
15482,834,347
15483,833,342
15484,833,340
15485,834,335
15486,833,333
15487,832,330
15488,833,325
15489,832,324
15490,832,320
15491,831,317
15492,831,316
15493,831,314
15494,831,310
15495,831,307
15496,831,306
15497,831,302
15498,831,300
15499,831,298
15500,831,295
15501,832,293
15502,832,292
15503,832,290
15504,832,287
15505,832,284
15506,832,282
15507,832,282
15508,832,278
15509,832,277
15510,834,272
15511,833,270
15512,833,269
15513,833,268
15514,833,267
15515,834,266
15516,834,263
15517,834,261
15518,834,259
15519,834,258
15520,835,256
15521,835,254
15522,835,253
15523,835,252
15524,835,252
15525,835,251
15526,836,248
15527,836,247
15528,836,246
15529,836,245
15530,836,245
15531,836,244
15532,836,242
15533,837,242
15534,838,240
15535,838,239
15536,837,238
15537,838,238
15538,839,236
15539,841,232
15540,842,229
15541,843,226
15542,843,224
15543,844,222
15544,844,220
15545,845,218
15546,847,216
15547,847,214
15548,848,213
15549,848,213
15550,848,211
15551,849,210
15552,850,208
15553,850,207
15554,850,207
15555,852,205
15556,853,202
15557,854,201
15558,855,199
15559,856,197
15560,856,196
15561,857,194
15562,858,193
15563,858,192
15564,858,191
15565,859,191
15566,860,190
15567,861,189
15568,862,186
15569,864,184
15570,865,182
15571,866,180
15572,867,178
15573,869,176
15574,870,174
15575,871,172
15576,871,171
15577,872,169
15578,872,168
15579,872,169
15580,871,170
15581,871,171
15582,871,172
15583,873,173
15584,874,172
15585,875,172
15586,876,171
15587,877,171
15588,878,171
15589,879,172
15590,880,172
15591,883,173
15592,884,173
15593,885,174
15594,886,174
15595,888,174
15596,890,173
15597,891,173
15598,893,174
15599,895,174
15600,896,174
15601,898,175
15602,900,174
15603,901,174
15604,903,174
15605,905,174
15606,906,174
15607,908,174
15608,910,174
15609,912,174
15610,914,174
15611,915,174
15612,917,174
15613,920,174
15614,922,174
15615,923,174
15616,926,175
15617,928,175
15618,929,175
15619,931,175
15620,933,174
15621,934,174
15622,937,174
15623,939,174
15624,940,174
15625,943,174
15626,944,174
15627,946,174
15628,948,174
15629,950,174
15630,951,174
15631,953,174
15632,956,175
15633,957,175
15634,959,174
15635,961,174
15636,963,174
15637,964,174
15638,966,175
15639,968,175
15640,969,175
15641,971,175
15642,973,175
15643,975,175
15644,976,175
15645,976,175
15646,973,175
15647,970,176
15648,968,177
15649,965,178
15650,963,178
15651,961,179
15652,961,181
15653,959,182
15654,959,183
15655,958,185
15656,957,187
15657,956,188
15658,956,190
15659,957,191
15660,957,192
15661,958,192
15662,959,193
15663,960,194
15664,961,195
15665,962,196
15666,963,197
15667,965,199
15668,966,199
15669,967,202
15670,969,202
15671,971,203
15672,973,203
15673,975,205
15674,977,206
15675,978,207
15676,981,207
15677,982,207
15678,985,208
15679,987,208
15680,989,209
15681,991,209
15682,993,210
15683,995,211
15684,997,211
15685,999,213
15686,1001,214
15687,1003,215
15688,1005,215
15689,1007,215
15690,1010,216
15691,1011,215
15692,1014,216
15693,1015,217
15694,1017,219
15695,1018,220
15696,1020,221
15697,1022,222
15698,1024,222
15699,1025,222
15700,1027,223
15701,1029,223
15702,1032,224
15703,1033,225
15704,1034,225
15705,1035,226
15706,1037,226
15707,1038,226
15708,1040,227
15709,1041,227
15710,1043,228
15711,1044,228
15712,1046,228
15713,1047,229
15714,1048,229
15715,1050,230
15716,1052,230
15717,1053,230
15718,1054,230
15719,1055,230
15720,1056,230
15721,1058,231
15722,1059,231
15723,1059,231
15724,1061,232
15725,1062,233
15726,1063,234
15727,1064,234
15728,1065,234
15729,1066,234
15730,1067,234
15731,1068,235
15732,1069,235
15733,1070,236
15734,1071,236
15735,1071,236
15736,1072,236
15737,1074,237
15738,1074,237
15739,1075,238
15740,1076,238
15741,1076,238
15742,1076,239
15743,1077,239
15744,1078,239
15745,1079,239
15746,1079,239
15747,1079,239
15748,1081,240
15749,1081,240
15750,1083,239
15751,1083,239
15752,1083,239
15753,1084,240
15754,1085,241
15755,1084,241
15756,1080,242
15757,1075,243
15758,1071,245
15759,1068,246
15760,1064,246
15761,1063,247
15762,1060,250
15763,1058,252
15764,1056,253
15765,1054,255
15766,1053,257
15767,1051,258
15768,1049,259
15769,1048,262
15770,1048,263
15771,1047,264
15772,1047,264
15773,1047,266
15774,1046,267
15775,1046,268
15776,1046,269
15777,1046,271
15778,1047,271
15779,1048,272
15780,1048,273
15781,1048,274
15782,1049,274
15783,1049,275
15784,1049,276
15785,1050,277
15786,1050,278
15787,1050,279
15788,1052,279
15789,1052,280
15790,1053,281
15791,1054,282
15792,1055,284
15793,1056,285
15794,1057,286
15795,1057,286
15796,1059,287
15797,1060,287
15798,1060,287
15799,1061,289
15800,1062,289
15801,1063,290
15802,1064,290
15803,1065,290
15804,1066,291
15805,1067,292
15806,1068,293
15807,1069,294
15808,1070,294
15809,1071,294
15810,1072,295
15811,1072,295
15812,1074,295
15813,1074,296
15814,1073,297
15815,1071,298
15816,1069,299
15817,1067,300
15818,1065,301
15819,1065,300
15820,1062,301
15821,1061,301
15822,1059,302
15823,1057,302
15824,1056,302
15825,1055,303
15826,1053,303
15827,1051,303
15828,1051,303
15829,1049,304
15830,1049,304
15831,1047,304
15832,1046,304
15833,1045,305
15834,1044,305
15835,1043,305
15836,1041,305
15837,1040,306
15838,1039,306
15839,1038,306
15840,1036,306
15841,1035,306
15842,1034,307
15843,1033,308
15844,1032,308
15845,1031,308
15846,1030,309
15847,1027,309
15848,1022,311
15849,1016,312
15850,1010,314
15851,1005,316
15852,1001,318
15853,995,319
15854,990,319
15855,987,320
15856,982,322
15857,979,324
15858,974,324
15859,971,325
15860,967,327
15861,963,328
15862,959,328
15863,956,330
15864,951,331
15865,948,332
15866,946,333
15867,942,334
15868,939,335
15869,935,335
15870,933,336
15871,930,338
15872,926,339
15873,924,340
15874,922,340
15875,918,341
15876,915,342
15877,912,343
15878,910,343
15879,909,344
15880,906,345
15881,903,346
15882,900,347
15883,898,347
15884,897,348
15885,894,349
15886,892,349
15887,889,349
15888,888,350
15889,885,351
15890,883,352
15891,881,352
15892,879,353
15893,878,353
15894,876,354
15895,874,354
15896,871,355
15897,870,356
15898,869,356
15899,866,356
15900,865,356
15901,863,357
15902,861,358
15903,861,359
15904,859,358
15905,858,359
15906,856,360
15907,855,360
15908,853,361
15909,851,362
15910,851,362
15911,849,362
15912,849,362
15913,851,362
15914,853,363
15915,854,364
15916,857,364
15917,859,366
15918,862,368
15919,865,370
15920,869,370
15921,871,370
15922,873,370
15923,875,370
15924,876,371
15925,880,374
15926,882,375
15927,884,376
15928,886,378
15929,888,381
15930,890,381
15931,892,384
15932,894,384
15933,895,385
15934,897,388
15935,899,389
15936,900,392
15937,902,393
15938,903,397
15939,905,398
15940,908,399
15941,910,401
15942,911,406
15943,912,409
15944,914,413
15945,916,414
15946,917,418
15947,919,419
15948,920,423
15949,922,426
15950,925,428
15951,926,430
15952,925,429
15953,922,426
15954,919,424
15955,915,420
15956,913,417
15957,910,415
15958,907,413
15959,905,412
15960,902,410
15961,901,407
15962,899,407
15963,896,404
15964,893,402
15965,891,403
15966,889,402
15967,887,401
15968,885,400
15969,885,401
15970,882,400
15971,879,399
15972,879,398
15973,877,399
15974,875,399
15975,875,399
15976,873,400
15977,871,400
15978,868,400
15979,866,401
15980,865,402
15981,866,404
15982,864,405
15983,866,408
15984,869,411
15985,871,415
15986,874,419
15987,876,424
15988,878,428
15989,880,433
15990,881,436
15991,883,442
15992,887,446
15993,888,452
15994,889,456
15995,891,462
15996,892,465
15997,894,467
15998,894,465
15999,895,462
16000,895,459
16001,896,458
16002,897,454
16003,897,453
16004,897,450
16005,898,448
16006,898,447
16007,900,445
16008,900,443
16009,900,442
16010,900,440
16011,901,439
16012,902,438
16013,875,446
16014,859,451
16015,870,446
16016,871,444
16017,871,443
16018,870,442
16019,869,441
16020,869,440
16021,868,439
16022,882,442
16023,883,440
16024,887,435
16025,886,432
16026,884,433
16027,883,432
16028,881,431
16029,880,431
16030,884,444
16031,884,447
16032,869,439
16033,866,441
16034,865,443
16035,863,446
16036,865,446
16037,863,446
16038,859,450
16039,855,454
16040,854,456
16041,852,458
16042,852,462
16043,851,464
16044,850,467
16045,850,470
16046,849,473
16047,859,465
16048,863,465
16049,866,465
16050,867,466
16051,868,467
16052,871,467
16053,873,468
16054,875,468
16055,875,469
16056,875,471
16057,874,471
16058,875,471
16059,873,472
16060,872,474
16061,873,475
16062,872,475
16063,872,477
16064,871,477
16065,871,478
16066,871,479
16067,870,479
16068,873,479
16069,875,479
16070,879,478
16071,880,477
16072,882,477
16073,883,477
16074,885,477
16075,886,477
16076,886,477
16077,887,477
16078,889,477
16079,891,477
16080,890,477
16081,892,477
16082,893,477
16083,896,476
16084,898,477
16085,901,477
16086,903,478
16087,906,478
16088,908,479
16089,911,479
16090,912,480
16091,914,480
16092,917,481
16093,919,483
16094,921,484
16095,924,485
16096,926,487
16097,927,488
16098,931,489
16099,932,492
16100,934,493
16101,936,495
16102,938,496
16103,939,498
16104,943,499
16105,946,500
16106,949,501
16107,950,500
16108,951,503
16109,951,503
16110,951,502
16111,952,502
16112,953,502
16113,953,502
16114,954,502
16115,954,502
16116,955,501
16117,955,501
16118,956,501
16120,965,508
16121,965,508
16122,968,509
16123,967,511
16124,970,511
16125,970,512
16126,968,513
16127,967,512
16128,968,511
16129,971,510
16130,972,510
16131,973,510
16132,975,511
16133,976,511
16134,978,512
16135,977,512
16136,978,513
16137,980,513
16138,982,514
16139,982,514
16140,984,513
16141,984,514
16142,981,513
16143,969,508
16144,958,504
16145,955,503
16146,958,500
16147,960,501
16148,963,499
16149,964,500
16150,965,498
16151,966,498
16152,969,497
16153,971,496
16154,971,493
16155,972,491
16156,973,490
16157,974,489
16158,977,488
16159,977,487
16160,978,487
16161,979,487
16162,979,486
16163,981,486
16164,982,486
16165,983,486
16166,983,486
16167,983,487
16168,984,487
16169,985,488
16170,985,489
16171,986,488
16172,987,487
16173,988,486
16174,988,485
16175,989,485
16176,989,484
16177,992,483
16178,991,482
16179,991,482
16180,993,482
16181,993,482
16182,995,482
16183,995,482
16184,995,482
16185,1001,484
16186,1010,487
16187,1017,490
16188,1029,494
16189,1036,496
16190,1043,500
16191,1052,503
16192,1060,506
16193,1067,507
16194,1074,509
16195,1081,511
16196,1088,513
16197,1094,514
16198,1101,517
16199,1107,518
16200,1114,522
16201,1119,524
16202,1127,526
16203,1133,528
16204,1138,529
16205,1145,530
16206,1151,532
16207,1156,532
16208,1163,533
16209,1167,534
16210,1172,534
16211,1178,534
16212,1183,535
16213,1188,536
16214,1194,536
16215,1198,536
16216,1203,537
16217,1209,538
16218,1213,538
16219,1219,538
16220,1223,537
16221,1227,538
16222,1231,539
16223,1233,538
16224,1234,539
16225,1233,539
16226,1232,539
16227,1231,539
16228,1232,539
16229,1231,538
16230,1229,539
16231,1228,540
16232,1226,540
16233,1226,540
16234,1225,540
16235,1225,540
16236,1223,540
16237,1223,540
16238,1222,540
16239,1221,540
16240,1219,539
16241,1218,539
16242,1217,539
16243,1214,540
16244,1210,540
16245,1209,540
16246,1206,541
16247,1202,541
16248,1200,541
16249,1197,540
16250,1196,540
16251,1194,541
16252,1191,541
16253,1190,541
16254,1187,541
16255,1185,541
16256,1182,541
16257,1180,541
16258,1179,541
16259,1176,541
16260,1175,541
16261,1172,541
16262,1170,541
16263,1167,541
16264,1165,541
16265,1163,541
16266,1160,541
16267,1159,541
16268,1156,540
16269,1154,541
16270,1151,540
16271,1149,541
16272,1148,541
16273,1147,540
16274,1143,540
16275,1140,540
16276,1138,541
16277,1137,541
16278,1134,540
16279,1132,541
16280,1131,540
16281,1128,540
16282,1127,540
16283,1125,541
16284,1122,540
16285,1121,540
16286,1119,540
16287,1118,540
16288,1115,541
16289,1114,540
16290,1112,541
16291,1108,540
16292,1108,539
16293,1106,540
16294,1107,543
16295,1112,548
16296,1121,555
16297,1129,562
16298,1137,568
16299,1143,573
16300,1150,578
16301,1155,583
16302,1162,588
16303,1167,592
16304,1173,597
16305,1177,602
16306,1181,605
16307,1184,608
16308,1189,612
16309,1192,615
16310,1195,619
16311,1198,622
16312,1202,625
16313,1204,627
16314,1206,629
16315,1209,632
16316,1212,635
16317,1213,637
16318,1216,639
16319,1217,641
16320,1219,644
16321,1220,645
16322,1222,647
16323,1223,649
16324,1223,649
16325,1224,651
16326,1226,652
16327,1226,655
16328,1226,656
16329,1228,658
16330,1227,658
16331,1229,659
16332,1228,660
16333,1228,660
16334,1230,661
16335,1230,663
16336,1229,664
16337,1230,667
16338,1231,669
16339,1231,669
16340,1230,670
16341,1231,671
16342,1240,677
16343,1251,684
16344,1264,692
16345,1276,699
16346,1287,706
16347,1297,712
16348,1308,719
16349,1321,726
16350,1332,734
16351,1343,741
16352,1356,747
16353,1366,753
16354,1377,759
16355,1388,765
16356,1401,773
16357,1412,780
16358,1423,788
16359,1434,795
16360,1446,803
16361,1458,809
16362,1468,815
16363,1481,822
16364,1492,829
16365,1503,836
16366,1514,844
16367,1525,851
16368,1536,858
16369,1546,865
16370,1557,873
16371,1568,880
16372,1579,887
16373,1590,894
16375,935,351
16376,936,351
16377,936,351
16378,939,350
16379,941,349
16380,942,346
16381,945,345
16382,948,345
16383,953,344
16384,958,343
16385,963,342
16386,967,341
16387,972,340
16388,977,339
16389,981,338
16390,981,351
16391,984,352
16392,988,354
16393,1002,358
16394,1003,370
16395,1007,378
16396,1010,386
16397,1013,393
16398,1017,401
16399,1020,409
16400,1023,417
16401,1027,425
16402,1030,433
16410,1046,374
16411,1050,366
16412,1052,362
16413,1051,372
16414,1053,373
16415,1055,375
16416,1054,374
16417,1055,375
16418,1055,376
16419,1056,377
16420,1056,377
16421,1057,378
16422,1057,379
16423,1058,380
16424,1058,380
16427,1907,780
16428,1907,780
16429,1907,780
16430,1907,780
16431,1907,780
16432,1907,780
16433,1907,780
16434,1907,780
16435,1907,780
16437,1067,378
16438,1067,378
16439,1067,378
16440,1067,378
16441,1067,378
16442,1069,377
16443,1069,376
16444,1070,376
16445,1074,374
16446,1076,373
16447,1074,375
16448,1074,375
16449,1074,376
16450,1074,376
16451,1074,376
16452,1074,376
16453,1074,377
16454,1075,377
16455,1075,377
16457,705,499
16458,705,499
16459,705,499
16460,705,499
16461,705,499
16462,705,499
16463,705,499
16464,705,499
16465,705,499
16467,1083,378
16468,1083,378
16469,1083,378
16470,1083,378
16471,1083,378
16472,1083,378
16473,1083,378
16474,1083,378
16475,1083,378
16480,770,721
16481,770,721
16482,770,721
16483,770,721
16484,770,721
16485,770,721
16486,770,721
16487,770,721
16488,770,721
16490,844,752
16491,844,752
16492,844,752
16493,844,752
16494,844,752
16495,844,752
16496,844,752
16497,844,752
16498,844,752
16500,839,494
16501,839,494
16502,839,494
16503,839,494
16504,839,494
16505,839,494
16506,839,494
16507,839,494
16508,839,494
16510,794,537
16511,794,537
16512,794,537
16513,794,537
16514,794,537
16515,794,537
16516,794,537
16517,794,537
16518,794,537
16520,821,472
16521,821,472
16522,821,472
16523,821,472
16524,821,472
16525,821,472
16526,821,472
16527,821,472
16528,821,472
16530,851,744
16531,851,744
16532,851,744
16533,851,744
16534,851,744
16535,851,744
16536,851,744
16537,851,744
16538,851,744
16540,851,744
16541,851,744
16542,851,744
16543,851,744
16544,851,744
16545,851,744
16546,851,744
16547,851,744
16548,851,744
16550,851,744
16551,851,744
16552,851,744
16553,851,744
16554,851,744
16555,851,744
16556,851,744
16557,851,744
16558,851,744
16560,851,744
16561,851,744
16562,851,744
16563,851,744
16564,851,744
16565,851,744
16566,851,744
16567,851,744
16568,851,744
16570,851,744
16571,851,744
16572,851,744
16573,851,744
16574,851,744
16575,851,744
16576,851,744
16577,851,744
16578,851,744
16580,1644,455
16581,1643,453
16582,1642,452
16583,1643,454
16584,1643,453
16585,1643,453
16586,1642,452
16587,1643,454
16588,1643,453
16589,1642,453
16590,1642,452
16591,1643,454
16592,1643,453
16593,1643,453
16594,1643,453
16595,1643,453
16596,1643,454
16597,1644,454
16598,1644,454
16599,1644,454
16600,1644,454
16680,690,952
16681,690,952
16682,690,952
16683,690,952
16684,690,952
16685,690,952
16686,690,952
16687,690,952
16688,690,952
16690,1862,447
16691,1862,448
16692,1862,448
16693,1862,448
16694,1862,448
16695,1862,448
16696,1862,448
16697,1862,448
16698,1862,448
16699,1862,448
16700,1862,448
16701,1862,447
16708,170,407
16709,170,407
16710,170,407
16711,170,407
16712,170,407
16713,170,407
16714,170,407
16715,170,407
16716,170,407
16769,244,444
16770,243,444
16771,243,444
16772,243,444
16773,243,444
16774,243,444
16775,243,444
16776,243,444
16777,243,444
16778,243,444
16779,243,444
16836,652,963
16837,652,963
16838,652,963
16839,652,963
16840,652,963
16841,652,963
16842,652,963
16843,652,963
16844,652,963
16846,404,127
16847,404,127
16848,404,127
16849,404,127
16850,404,127
16851,404,127
16852,404,127
16853,404,127
16854,404,127
16862,151,90
16863,151,90
16864,151,90
16865,151,90
16866,151,90
16867,150,91
16868,150,91
16869,149,91
16870,149,91
16871,149,91
16872,148,91
16873,148,91
16874,148,92
16875,147,92
16876,147,92
16877,147,92
16881,1636,431
16882,1636,431
16883,1636,431
16884,1636,431
16885,1636,431
16886,1636,431
16887,1636,431
16888,1636,431
16889,1636,431
16894,961,501
16895,961,502
16896,960,502
16897,961,502
16898,961,501
16899,961,501
16900,961,502
16901,961,502
16902,961,502
16903,961,501
16904,961,502
16905,961,502
16906,961,502
16907,961,501
16908,961,501
16909,961,502
16910,961,502
16911,961,501
16912,961,501
16913,961,502
16914,961,502
16915,961,502
16916,961,501
16917,961,501
16918,961,502
16919,961,502
16920,961,502
16921,961,501
16922,961,501
16923,961,501
16924,961,502
16925,961,502
16926,961,501
16927,961,501
16928,961,501
16929,961,502
16930,961,502
16931,961,501
16932,961,501
16933,961,501
16934,961,502
16935,961,502
16936,961,501
16937,961,501
16938,961,501
16939,961,502
16940,961,501
16941,961,501
16942,961,501
16943,961,501
16944,961,501
16945,961,501
16946,961,501
16947,961,501
16948,961,501
16949,961,501
16950,961,501
16951,961,501
16952,961,501
16953,961,501
16954,961,501
16955,961,501
16956,961,501
16957,961,501
16958,961,501
16959,961,501
16960,961,501
16961,961,501
16962,961,501
16963,961,501
16964,961,501
16965,961,501
16966,961,501
16967,961,501
16968,961,501
16969,961,501
16970,961,501
16971,961,501
16972,961,501
16973,961,501
16974,961,501
16975,961,501
16976,961,501
16977,961,501
16978,961,501
16979,961,501
16980,961,501
16981,961,501
16982,961,501
16983,961,501
16984,961,501
16985,961,501
16986,961,501
16987,961,501
16988,961,501
16989,962,501
16990,961,502
16991,962,501
16992,961,502
16993,962,501
16994,961,502
16995,962,501
16996,961,502
16997,962,501
16998,961,502
16999,962,501
17000,961,502
17001,961,502
17002,961,502
17003,961,502
17004,962,501
17005,961,502
17006,961,502
17007,961,502
17008,961,502
17009,961,502
17010,962,501
17011,961,502
17012,961,502
17013,961,502
17014,957,502
17015,944,501
17016,932,501
17017,921,502
17018,911,501
17019,902,501
17020,894,500
17021,886,500
17022,881,500
17023,874,501
17024,870,501
17025,866,501
17026,862,502
17027,858,501
17028,854,500
17029,850,501
17030,849,501
17031,847,501
17032,844,500
17033,843,500
17034,842,500
17035,841,501
17036,840,501
17037,839,501
17038,839,500
17039,840,498
17040,841,499
17041,840,497
17042,841,496
17043,841,497
17044,841,495
17045,841,495
17046,843,494
17047,843,495
17048,843,495
17049,843,496
17050,844,495
17051,844,497
17052,845,497
17053,846,498
17054,846,500
17055,845,500
17056,847,501
17057,848,502
17058,850,501
17059,857,501
17060,867,501
17061,877,502
17062,887,503
17063,894,505
17064,901,505
17065,907,505
17066,914,507
17067,919,507
17068,924,509
17069,928,510
17070,934,511
17071,937,512
17072,940,514
17073,943,515
17074,947,516
17075,949,519
17076,950,518
17077,951,518
17078,952,517
17079,953,517
17080,953,517
17081,953,518
17082,954,518
17083,953,518
17084,953,519
17085,954,519
17086,952,520
17087,953,521
17088,952,521
17089,950,521
17090,950,520
17091,947,520
17092,944,520
17093,941,520
17094,936,520
17095,933,521
17096,929,520
17097,927,521
17098,925,522
17099,921,522
17100,919,523
17101,918,524
17102,915,525
17103,913,526
17104,912,527
17105,910,529
17106,907,529
17107,907,528
17108,904,528
17109,903,528
17110,900,529
17111,891,532
17112,882,535
17113,876,538
17114,870,541
17115,863,544
17116,859,546
17117,855,548
17118,851,550
17119,846,551
17120,844,552
17121,841,554
17122,838,555
17123,836,556
17124,833,558
17125,830,559
17126,829,560
17127,828,561
17128,826,562
17129,824,563
17130,823,563
17131,822,565
17132,821,565
17133,820,566
17134,820,567
17135,819,568
17136,818,568
17137,818,568
17138,818,569
17139,817,569
17140,817,570
17141,818,571
17142,817,571
17143,818,571
17144,819,572
17145,818,572
17146,819,572
17147,819,573
17148,819,573
17149,819,574
17150,820,574
17151,833,569
17152,851,564
17153,869,559
17154,884,554
17155,899,550
17156,911,547
17157,922,544
17158,932,540
17159,941,538
17160,950,536
17161,957,533
17162,963,530
17163,972,528
17164,977,526
17165,981,525
17166,987,523
17167,991,520
17168,994,519
17169,997,517
17170,1001,516
17171,1004,515
17172,1006,515
17173,1007,513
17174,1010,513
17175,1012,513
17176,1013,511
17177,1015,510
17178,1016,510
17179,1016,509
17180,1017,509
17181,1018,509
17182,1017,508
17183,1018,508
17184,1018,508
17185,1018,508
17186,1020,507
17187,1016,509
17188,1011,511
17189,1007,514
17190,1002,516
17191,999,518
17192,994,521
17193,990,522
17194,985,524
17195,982,525
17196,978,527
17197,975,528
17198,971,529
17199,968,531
17200,964,531
17201,962,532
17202,958,533
17203,956,534
17204,954,534
17205,950,535
17206,948,535
17207,945,536
17208,943,536
17209,940,537
17210,938,537
17211,936,538
17212,933,538
17213,932,538
17214,931,538
17215,928,539
17216,925,539
17217,924,539
17218,924,541
17219,925,546
17220,925,552
17221,927,556
17222,929,563
17223,930,567
17224,932,571
17225,933,575
17226,935,579
17227,937,582
17228,938,587
17229,938,591
17230,939,595
17231,940,598
17232,942,601
17233,941,606
17234,942,609
17235,943,612
17236,943,617
17237,943,619
17238,943,620
17239,944,621
17240,943,621
17241,943,622
17242,943,623
17243,943,624
17244,943,627
17245,942,628
17246,943,629
17247,943,633
17248,942,634
17249,943,636
17250,942,640
17251,941,642
17252,942,645
17253,942,649
17254,941,650
17255,941,650
17256,940,649
17257,941,649
17258,940,650
17259,939,649
17260,940,648
17261,939,650
17262,938,653
17263,937,653
17264,938,654
17265,937,657
17266,936,658
17267,937,659
17268,937,662
17269,936,664
17270,936,666
17271,935,666
17272,934,665
17273,935,665
17274,934,667
17275,933,667
17276,933,667
17277,933,669
17278,932,669
17279,932,671
17280,932,672
17281,931,673
17282,930,671
17283,918,671
17284,899,670
17285,882,669
17286,866,669
17287,853,669
17288,839,669
17289,830,670
17290,820,670
17291,811,669
17292,802,670
17293,795,670
17294,788,671
17295,782,671
17296,777,672
17297,771,673
17298,766,674
17299,762,674
17300,758,674
17301,755,675
17302,750,676
17303,748,676
17304,746,677
17305,744,678
17306,741,678
17307,739,679
17308,738,681
17309,736,685
17310,734,689
17311,734,693
17312,733,697
17313,731,702
17314,729,705
17315,728,710
17316,728,714
17317,729,717
17318,728,721
17319,727,724
17320,727,729
17321,726,734
17322,725,738
17323,726,739
17324,726,743
17325,726,746
17326,726,750
17327,727,754
17328,727,759
17329,726,763
17330,725,766
17331,726,770
17332,727,774
17333,728,779
17334,728,782
17335,728,786
17336,729,790
17337,729,794
17338,729,798
17339,730,802
17340,731,805
17341,731,809
17342,732,813
17343,734,816
17344,734,820
17345,736,823
17346,748,823
17347,764,822
17348,776,821
17349,788,820
17350,798,819
17351,807,819
17352,815,819
17353,822,818
17354,829,819
17355,835,819
17356,839,818
17357,843,818
17358,847,818
17359,850,818
17360,853,818
17361,855,818
17362,858,817
17363,860,817
17364,861,817
17365,861,816
17366,862,815
17367,861,816
17368,862,816
17369,862,816
17370,862,816
17371,860,813
17372,858,810
17373,855,806
17374,853,802
17375,852,799
17376,850,796
17377,848,794
17378,845,790
17379,843,787
17380,843,784
17381,841,782
17382,839,780
17383,837,777
17384,836,775
17385,834,772
17386,833,770
17387,833,767
17388,831,765
17389,830,763
17390,828,761
17391,828,759
17392,827,757
17393,825,756
17394,825,753
17395,823,750
17396,821,749
17397,820,748
17398,819,749
17399,817,750
17400,815,752
17401,812,752
17402,811,753
17403,810,755
17404,809,755
17405,807,755
17406,805,757
17407,805,757
17408,802,757
17409,801,759
17410,801,760
17411,800,761
17412,799,762
17413,798,762
17414,797,763
17415,796,763
17416,795,764
17417,794,764
17418,793,765
17419,794,766
17420,793,766
17421,791,766
17422,792,766
17423,791,767
17424,791,768
17425,791,769
17426,790,770
17427,790,770
17428,789,771
17429,789,771
17430,789,771
17431,789,772
17432,789,772
17433,788,773
17434,788,773
17435,789,773
17436,788,774
17437,788,774
17438,787,775
17439,788,775
17440,787,775
17441,788,775
17442,793,774
17443,808,767
17444,824,760
17445,841,752
17446,857,745
17447,873,737
17448,889,730
17449,905,723
17450,921,716
17451,909,713
17452,919,707
17453,929,701
17454,939,695
17455,949,688
17456,959,682
17457,951,681
17458,957,676
17459,963,670
17460,969,665
17461,972,659
17462,975,656
17463,979,653
17464,982,648
17465,986,645
17466,989,640
17467,992,635
17468,995,634
17469,997,630
17470,999,625
17471,1001,623
17472,1003,620
17473,1006,615
17474,1008,611
17475,1010,607
17476,1012,607
17477,1014,601
17478,1017,597
17479,1018,595
17480,1019,594
17481,1020,589
17482,1021,588
17483,1022,586
17484,1023,583
17485,1026,580
17486,1027,578
17487,1027,576
17488,1028,576
17489,1029,574
17490,1030,572
17491,1032,569
17492,1033,569
17493,1034,566
17494,1035,566
17495,1035,563
17496,1036,561
17497,1036,559
17498,1037,562
17499,1038,564
17500,1039,565
17501,1037,565
17502,1035,568
17503,1033,569
17504,1032,573
17505,1031,574
17506,1030,575
17507,1027,575
17508,1023,574
17509,1018,572
17510,1013,569
17511,1009,569
17512,1007,567
17513,1003,565
17514,1000,565
17515,998,564
17516,994,562
17517,991,563
17518,990,563
17519,984,562
17520,963,561
17521,939,558
17522,917,555
17523,898,552
17524,882,548
17525,866,548
17526,853,546
17527,839,544
17528,830,546
17529,820,544
17530,811,543
17531,802,544
17532,795,543
17533,789,542
17534,782,543
17535,776,543
17536,772,543
17537,766,542
17538,764,542
17539,760,543
17540,758,543
17541,756,541
17542,756,540
17543,755,539
17544,755,537
17545,754,535
17546,754,535
17547,754,534
17548,755,533
17549,755,533
17550,755,532
17551,756,531
17552,756,532
17553,757,531
17554,757,532
17555,758,532
17556,759,532
17557,760,533
17558,763,533
17559,765,531
17560,766,529
17561,770,528
17562,772,528
17563,773,525
17564,775,525
17565,776,524
17566,779,522
17567,781,523
17568,781,522
17569,784,521
17570,785,523
17571,786,522
17572,788,521
17573,789,523
17574,789,523
17575,789,524
17576,789,524
17577,790,526
17578,789,526
17579,790,527
17580,790,527
17581,792,527
17582,792,527
17583,795,526
17584,795,526
17585,795,524
17586,797,523
17587,797,524
17588,798,525
17589,798,524
17590,800,524
17591,800,525
17592,806,525
17593,814,526
17594,822,527
17595,830,528
17596,836,528
17597,842,529
17598,849,530
17599,853,531
17600,858,533
17601,859,533
17602,861,532
17603,865,532
17604,867,532
17605,869,532
17606,871,531
17607,874,531
17608,878,531
17609,880,532
17610,881,532
17611,883,532
17612,883,532
17613,883,531
17614,884,531
17615,883,530
17616,885,529
17617,884,529
17618,883,529
17619,884,528
17620,884,529
17621,886,530
17622,885,529
17623,885,524
17624,884,519
17625,885,513
17626,886,510
17627,887,502
17628,887,498
17629,887,495
17630,887,492
17631,887,489
17632,887,486
17633,887,485
17634,887,483
17635,889,481
17636,888,481
17637,887,479
17638,887,478
17639,889,477
17640,888,474
17641,887,473
17642,887,472
17643,888,470
17644,888,470
17645,887,469
17646,888,468
17647,888,468
17648,887,468
17649,888,467
17650,887,466
17651,887,466
17652,887,466
17653,888,465
17654,887,464
17655,886,464
17656,887,463
17657,887,464
17658,886,463
17659,886,463
17660,887,462
17661,887,462
17662,887,462
17663,885,461
17664,885,461
17665,886,461
17666,886,461
17667,886,460
17668,885,460
17669,887,460
17670,886,460
17671,886,461
17672,885,460
17673,886,460
17674,886,459
17675,885,460
17676,887,460
17677,886,460
17678,885,459
17679,885,460
17680,886,460
17681,886,459
17682,886,458
17683,885,457
17684,885,457
17685,886,455
17686,885,453
17687,885,453
17688,884,451
17689,885,450
17690,886,449
17691,885,447
17692,886,446
17693,886,445
17694,885,444
17695,886,443
17696,886,442
17697,885,440
17698,886,439
17699,886,438
17700,886,437
17701,885,436
17702,886,435
17703,885,434
17704,885,433
17705,885,433
17706,884,431
17707,885,430
17708,887,429
17709,888,429
17710,891,428
17711,893,428
17712,893,427
17713,895,426
17714,896,425
17715,897,425
17716,900,425
17717,900,424
17718,902,424
17719,902,423
17720,903,423
17721,900,422
17722,899,422
17723,895,419
17724,894,418
17725,895,417
17726,895,418
17727,895,418
17728,896,417
17729,896,416
17730,899,413
17731,897,410
17732,890,424
17733,894,415
17734,895,413
17735,896,410
17736,894,412
17737,891,409
17738,892,409
17739,892,409
17740,892,408
17741,892,408
17742,891,409
17743,891,408
17744,890,409
17745,891,408
17746,889,407
17747,888,407
17748,887,408
17749,888,406
17750,888,406
17751,886,404
17752,887,405
17753,887,406
17754,885,403
17755,880,391
17756,877,386
17757,875,386
17758,870,381
17759,864,376
17760,859,372
17761,856,367
17762,854,363
17763,850,357
17764,847,353
17765,845,348
17766,842,347
17767,839,343
17768,838,339
17769,836,335
17770,833,334
17771,833,330
17772,830,327
17773,829,324
17774,828,323
17775,826,320
17776,825,318
17777,824,316
17778,823,314
17779,821,311
17780,820,310
17781,819,308
17782,818,306
17783,819,304
17784,818,303
17785,817,301
17786,816,299
17787,815,297
17788,816,294
17789,815,291
17790,816,288
17791,816,286
17792,815,284
17793,815,282
17794,815,278
17795,814,276
17796,814,274
17797,814,273
17798,813,271
17799,813,270
17800,814,269
17801,814,267
17802,814,265
17803,813,263
17804,814,261
17805,814,259
17806,814,257
17807,813,255
17808,814,253
17809,814,252
17810,814,250
17811,815,249
17812,814,247
17813,815,245
17814,815,244
17815,815,243
17816,815,242
17817,817,240
17818,816,238
17819,817,236
17820,817,235
17821,817,234
17822,817,231
17823,818,230
17824,818,229
17825,818,228
17826,818,226
17827,819,224
17828,819,224
17829,820,223
17830,820,222
17831,821,222
17832,827,222
17833,835,223
17834,842,225
17835,849,226
17836,855,227
17837,861,228
17838,865,229
17839,869,229
17840,873,230
17841,876,231
17842,879,231
17843,883,233
17844,886,234
17845,889,234
17846,891,235
17847,893,235
17848,895,236
17849,897,237
17850,898,237
17851,900,238
17852,901,238
17853,901,239
17854,903,239
17855,903,240
17856,905,240
17857,905,240
17858,906,240
17859,906,241
17860,906,241
17861,906,241
17862,906,242
17863,906,242
17864,906,242
17865,907,242
17866,907,243
17867,907,243
17868,907,243
17869,907,244
17870,906,244
17871,906,245
17872,906,245
17873,905,245
17874,905,246
17875,906,246
17876,906,247
17877,909,247
17878,909,247
17879,909,247
17880,912,248
17881,911,248
17882,913,248
17883,912,248
17884,913,249
17885,913,250
17886,913,250
17887,914,250
17888,914,250
17889,914,250
17890,914,251
17891,914,251
17892,914,251
17893,914,251
17894,913,252
17895,913,252
17896,913,252
17897,913,252
17898,913,253
17899,912,253
17900,912,253
17901,911,254
17902,910,254
17903,910,254
17904,910,255
17905,910,255
17906,909,255
17907,910,255
17908,909,255
17909,909,256
17910,910,256
17911,908,255
17912,908,256
17913,909,256
17914,908,255
17915,908,256
17916,914,255
17917,922,253
17918,931,252
17919,938,252
17920,944,251
17921,950,251
17922,955,250
17923,960,250
17924,964,247
17925,968,247
17926,973,246
17927,983,267
17928,982,249
17929,982,243
17930,986,243
17931,988,243
17932,991,243
17933,994,244
17934,997,243
17935,1000,244
17936,1002,244
17937,1003,244
17938,1004,244
17939,1004,244
17940,1004,244
17941,1004,245
17942,1004,245
17943,1004,245
17944,1004,246
17945,1003,246
17946,1003,246
17947,1003,247
17948,1002,247
17949,1002,250
17950,1001,252
17951,1000,252
17952,999,252
17953,1000,253
17954,1000,254
17955,999,255
17956,998,257
17957,997,259
17958,995,259
17959,996,259
17960,996,260
17961,997,260
17962,994,266
17963,989,266
17964,981,266
17965,973,264
17966,967,262
17967,960,261
17968,955,260
17969,949,260
17970,945,259
17971,942,259
17972,938,259
17973,933,259
17974,929,259
17975,927,258
17976,924,257
17977,923,258
17978,920,258
17979,917,259
17980,915,260
17981,912,260
17982,911,262
17983,908,262
17984,907,263
17985,906,265
17986,904,267
17987,903,269
17988,901,270
17989,901,272
17990,900,275
17991,899,276
17992,897,278
17993,897,279
17994,896,282
17995,895,284
17996,893,285
17997,891,286
17998,890,286
17999,888,286
18000,885,286
18001,885,287
18002,884,288
18003,882,288
18004,880,289
18005,879,290
18006,878,291
18007,877,292
18008,877,293
18009,877,293
18010,876,293
18011,874,294
18012,876,295
18013,880,297
18014,885,301
18015,890,304
18016,893,307
18017,896,311
18018,899,314
18019,902,317
18020,904,322
18021,906,325
18022,907,328
18023,910,331
18024,911,335
18025,912,337
18026,912,340
18027,914,342
18028,914,345
18029,913,348
18030,914,351
18031,914,354
18032,913,356
18033,914,358
18034,913,361
18035,913,364
18036,912,366
18037,911,369
18038,910,371
18039,911,373
18040,910,376
18041,908,378
18042,908,380
18043,906,383
18044,906,385
18045,904,386
18046,903,389
18047,903,391
18048,901,393
18049,900,394
18050,898,396
18051,898,398
18052,897,401
18053,894,403
18054,894,404
18055,892,405
18056,890,408
18057,886,409
18058,879,409
18059,869,409
18060,859,408
18061,852,407
18062,845,407
18063,840,407
18064,835,407
18065,829,407
18066,824,407
18067,821,407
18068,819,407
18069,814,407
18070,812,407
18071,808,406
18072,804,406
18073,805,407
18074,803,408
18075,804,406
18076,807,403
18077,811,400
18078,813,397
18079,816,395
18080,818,393
18081,820,390
18082,821,389
18083,823,387
18084,824,386
18085,828,383
18086,829,382
18087,830,380
18088,830,381
18089,833,379
18090,833,379
18091,832,379
18092,835,378
18093,834,377
18094,833,378
18095,832,380
18096,834,379
18097,834,380
18098,834,379
18099,833,377
18100,833,376
18101,835,372
18102,834,373
18103,834,373
18104,835,372
18105,834,371
18106,835,369
18107,834,369
18108,835,367
18109,834,368
18110,834,366
18111,834,366
18112,833,364
18113,832,365
18114,833,364
18115,834,363
18116,834,363
18117,833,361
18118,833,361
18119,832,360
18120,834,359
18121,834,359
18122,833,359
18123,831,358
18124,833,358
18125,832,358
18126,831,358
18127,832,358
18128,832,357
18129,832,355
18130,834,353
18131,838,353
18132,843,352
18133,850,350
18134,857,348
18135,863,345
18136,870,343
18137,875,342
18138,879,339
18139,885,337
18140,887,334
18141,890,333
18142,893,332
18143,895,330
18144,898,328
18145,899,326
18146,901,325
18147,903,323
18148,903,321
18149,904,320
18150,905,318
18151,906,316
18152,906,315
18153,906,314
18154,907,313
18155,907,311
18156,907,309
18157,907,308
18158,907,307
18159,907,305
18160,906,303
18161,906,302
18162,905,302
18163,903,302
18164,900,302
18165,896,302
18166,892,302
18167,890,301
18168,887,300
18169,888,301
18170,886,303
18171,883,305
18172,880,306
18173,879,307
18174,877,306
18175,877,307
18176,875,308
18177,869,306
18178,861,305
18179,851,303
18180,846,304
18181,841,303
18182,838,303
18183,831,301
18184,828,300
18185,824,299
18186,821,298
18187,820,297
18188,817,296
18189,815,295
18190,814,294
18191,812,293
18192,810,293
18193,809,292
18194,808,291
18195,807,291
18196,807,291
18197,807,290
18198,808,289
18199,809,288
18200,809,287
18201,809,286
18202,811,286
18203,811,285
18204,811,285
18205,813,284
18206,814,283
18207,814,283
18208,815,282
18209,816,282
18210,818,282
18211,819,281
18212,820,280
18213,823,279
18214,823,279
18215,824,278
18216,826,278
18217,827,278
18218,829,277
18219,830,277
18220,831,277
18221,833,276
18222,834,276
18223,836,275
18224,837,274
18225,839,274
18226,840,274
18227,842,273
18228,843,273
18229,845,273
18230,846,273
18231,847,272
18232,848,271
18233,849,271
18234,849,270
18235,852,270
18236,854,269
18237,855,269
18238,856,270
18239,858,270
18240,859,270
18241,861,270
18242,862,269
18243,864,269
18244,865,268
18245,857,269
18246,850,271
18247,842,272
18248,835,272
18249,828,273
18250,823,274
18251,817,274
18252,813,275
18253,808,276
18254,804,278
18255,801,279
18256,799,279
18257,796,279
18258,793,281
18259,792,282
18260,791,282
18261,789,283
18262,788,284
18263,787,285
18264,787,285
18265,786,286
18266,786,286
18267,785,286
18268,784,287
18269,785,286
18270,786,286
18271,774,271
18272,775,267
18273,773,262
18274,771,257
18275,798,276
18276,803,276
18277,807,276
18278,810,275
18279,812,273
18280,814,270
18281,818,270
18282,820,269
18283,822,267
18284,827,267
18285,829,268
18286,832,272
18287,837,259
18288,841,252
18289,845,245
18290,844,269
18291,846,273
18292,849,277
18293,856,276
18294,848,263
18295,848,258
18296,850,257
18297,852,257
18298,854,257
18299,858,256
18300,860,256
18301,861,255
18302,863,255
18303,866,255
18304,868,254
18305,870,253
18306,872,252
18307,874,251
18308,876,251
18309,878,251
18310,880,251
18311,882,250
18312,884,250
18313,886,249
18314,888,249
18315,890,249
18316,891,248
18317,894,248
18318,895,247
18319,897,246
18320,898,246
18321,901,246
18322,903,245
18323,903,245
18324,904,245
18325,905,244
18326,908,244
18327,912,243
18328,914,243
18329,916,243
18330,918,242
18331,919,242
18332,920,242
18333,921,241
18334,920,240
18335,919,238
18336,918,236
18337,917,234
18338,917,233
18339,917,231
18340,916,230
18341,917,229
18342,918,227
18343,918,226
18344,919,224
18345,919,223
18346,919,222
18347,920,221
18348,921,220
18349,921,219
18350,922,218
18351,923,217
18352,923,215
18353,925,214
18354,927,213
18355,928,212
18356,928,211
18357,929,210
18358,930,209
18359,932,208
18360,933,207
18361,933,207
18362,936,206
18363,936,206
18364,936,206
18365,937,205
18366,938,204
18367,939,203
18368,941,202
18369,942,201
18370,944,201
18371,945,199
18372,947,199
18373,948,198
18374,949,198
18375,950,197
18376,951,196
18377,952,194
18378,954,193
18379,956,192
18380,957,191
18381,956,201
18382,954,203
18383,953,206
18384,951,210
18385,950,213
18386,949,217
18387,948,220
18388,947,223
18389,946,227
18390,945,230
18392,971,183
18393,969,182
18394,971,182
18395,972,182
18396,973,181
18397,975,181
18398,976,180
18399,976,180
18400,974,181
18401,954,198
18402,958,188
18403,960,185
18404,961,183
18405,962,181
18406,962,178
18407,963,176
18408,963,174
18409,951,152
18410,951,144
18411,949,135
18412,947,125
18413,948,117
18414,947,108
18415,947,100
18416,946,91
18417,946,84
18418,945,76
18419,945,67
18420,944,59
18421,944,51
18422,944,43
18423,943,35
18424,943,27
18425,942,18
18426,942,10
18428,1012,63
18429,1012,63
18430,1012,63
18431,1012,63
18432,1012,63
18433,1012,63
18434,1012,63
18435,1012,63
18436,1012,63
18438,239,349
18439,238,348
18440,238,347
18441,244,350
18442,247,351
18443,250,352
18444,253,353
18445,256,354
18446,259,355
18447,261,357
18448,264,358
18449,267,359
18451,1015,171
18452,1018,171
18453,1019,171
18454,1021,172
18455,1023,172
18456,1024,172
18457,1026,173
18458,1028,173
18459,1029,173
18460,1031,174
18466,1068,165
18467,1068,165
18468,1068,165
18469,1068,165
18470,1068,165
18471,1068,165
18472,1068,165
18473,1068,165
18474,1068,165
18489,1182,145
18490,1182,145
18491,1182,145
18492,1182,145
18493,1182,145
18494,1182,145
18495,1182,145
18496,1182,145
18497,1182,145
18557,612,34
18558,612,34
18559,607,44
18560,607,44
18561,607,46
18562,607,47
18563,607,48
18564,606,45
18565,608,45
18566,607,45
18567,607,45
18568,606,44
18569,607,44
18570,607,45
18571,607,45
18572,607,45
18573,607,45
18574,607,45
18575,607,45
18576,607,45
18577,607,45
18578,607,45
18579,607,45
18580,607,45
18581,607,45
18582,607,46
18583,607,46
18584,607,46
18585,607,46
18587,1034,105
18588,1033,105
18589,1032,105
18590,1034,106
18591,1033,106
18592,1033,106
18593,1033,106
18594,1034,106
18595,1033,106
18596,1033,106
18597,1034,106
18598,1033,106
18599,1032,106
18600,1032,106
18601,1033,106
18602,1032,106
18603,1031,107
18604,1030,107
18605,1029,108
18606,1028,107
18607,1028,107
18608,1029,105
18609,1029,102
18610,1028,97
18611,1030,94
18612,1029,90
18613,1030,86
18614,1030,82
18615,1030,79
18616,1031,76
18617,1031,75
18618,1031,73
18619,1031,72
18620,1032,72
18621,1031,71
18622,1032,72
18623,1031,72
18624,1032,72
18625,1032,72
18626,1032,72
18627,1032,72
18628,1032,72
18629,1033,72
18630,1033,71
18631,1034,72
18632,1034,71
18633,1035,72
18634,1035,72
18635,1034,71
18636,1035,72
18637,1034,71
18638,1034,72
18639,1033,71
18640,1034,71
18641,1033,71
18642,1032,71
18643,1033,71
18644,1032,71
18645,1033,71
18646,1033,71
18647,1032,71
18648,1033,71
18649,1033,71
18650,1034,71
18651,1033,71
18652,1034,71
18653,1033,71
18654,1034,71
18655,1033,71
18656,1033,71
18657,1034,71
18658,1033,71
18659,1034,71
18660,1035,70
18661,1036,71
18662,1036,70
18663,1036,70
18664,1036,70
18665,1036,70
18666,1036,69
18667,1036,69
18668,1036,69
18669,1037,70
18670,1038,70
18671,1038,70
18672,1039,73
18673,1042,75
18674,1040,76
18675,1039,77
18676,1040,79
18677,1038,79
18678,1035,78
18679,1035,78
18680,1032,76
18681,1029,72
18682,1024,70
18683,1020,68
18684,1007,70
18685,1002,70
18686,996,70
18687,989,71
18688,993,70
18689,987,69
18690,985,69
18691,983,68
18692,979,68
18693,978,68
18694,976,67
18695,974,67
18696,973,67
18697,973,71
18698,970,71
18699,969,71
18700,969,72
18701,969,72
18702,968,72
18703,967,74
18704,966,75
18705,967,75
18706,966,76
18707,966,78
18708,966,79
18709,967,80
18710,966,81
18711,966,83
18712,966,84
18713,968,85
18714,967,87
18715,967,89
18716,967,92
18717,969,94
18718,969,95
18719,969,98
18720,969,101
18721,970,103
18722,971,104
18723,971,108
18724,972,110
18725,972,114
18726,973,117
18727,973,119
18728,975,120
18729,975,125
18730,975,128
18731,976,133
18732,977,135
18733,978,138
18734,979,140
18735,979,145
18736,979,148
18737,981,152
18738,982,156
18739,982,159
18740,983,164
18741,984,168
18742,985,172
18743,986,176
18744,984,179
18745,982,186
18746,981,192
18747,997,189
18748,1008,188
18749,1019,184
18750,1029,182
18751,1037,183
18752,1045,183
18753,1051,182
18754,1058,182
18755,1063,182
18756,1068,182
18757,1073,182
18758,1077,182
18759,1080,182
18760,1086,183
18761,1089,183
18762,1091,183
18763,1094,185
18764,1096,187
18765,1098,188
18766,1100,188
18767,1102,190
18768,1103,191
18769,1105,193
18770,1107,195
18771,1108,196
18772,1109,197
18773,1109,199
18774,1110,202
18775,1111,204
18776,1111,206
18777,1112,207
18778,1112,211
18779,1113,213
18780,1112,215
18781,1112,219
18782,1112,220
18783,1113,223
18784,1112,223
18785,1110,220
18786,1109,218
18787,1107,215
18788,1105,213
18789,1103,211
18790,1102,210
18791,1102,207
18792,1100,205
18793,1099,204
18794,1097,203
18795,1096,202
18796,1095,202
18797,1093,199
18798,1092,198
18799,1090,197
18800,1090,196
18801,1089,195
18802,1088,195
18803,1086,195
18804,1085,195
18805,1084,194
18806,1083,194
18807,1081,194
18808,1080,194
18809,1079,195
18810,1078,194
18811,1076,195
18812,1075,195
18813,1074,195
18814,1072,196
18815,1071,197
18816,1070,198
18817,1070,199
18818,1068,200
18819,1067,202
18820,1066,204
18821,1065,205
18822,1064,206
18823,1062,207
18824,1062,208
18825,1061,212
18826,1060,214
18827,1058,215
18828,1058,216
18829,1056,219
18830,1055,220
18831,1054,219
18832,1054,216
18833,1052,214
18834,1051,212
18835,1049,211
18836,1048,210
18837,1048,208
18838,1046,206
18839,1045,205
18840,1044,204
18841,1042,203
18842,1041,203
18843,1040,202
18844,1039,202
18845,1040,201
18846,1045,202
18847,1051,202
18848,1056,203
18849,1061,203
18850,1066,204
18851,1071,205
18852,1075,205
18853,1078,207
18854,1081,207
18855,1084,208
18856,1087,210
18857,1089,212
18858,1091,213
18859,1092,213
18860,1094,214
18861,1096,215
18862,1097,218
18863,1097,219
18864,1095,216
18865,1093,215
18866,1092,214
18867,1091,212
18868,1089,211
18869,1088,211
18870,1084,210
18871,1078,210
18872,1071,210
18873,1065,211
18874,1059,211
18875,1053,211
18876,1049,212
18877,1044,213
18878,1041,214
18879,1036,214
18880,1034,215
18881,1030,217
18882,1026,219
18883,1023,219
18884,1020,221
18885,1017,223
18886,1015,224
18887,1013,226
18888,1011,228
18889,1008,230
18890,1006,231
18891,1002,235
18892,998,238
18893,994,242
18894,990,246
18895,988,251
18896,986,255
18897,983,259
18898,982,263
18899,980,267
18900,978,271
18901,976,275
18902,976,278
18903,975,282
18904,974,286
18905,974,288
18906,974,289
18907,973,292
18908,973,294
18909,973,296
18910,973,299
18911,973,302
18912,972,304
18913,972,307
18914,972,310
18915,972,313
18916,972,316
18917,973,320
18918,973,323
18919,973,325
18920,974,326
18921,974,328
18922,974,330
18923,974,332
18924,975,335
18925,975,337
18926,976,340
18927,976,342
18928,976,345
18929,977,348
18930,977,350
18931,978,352
18932,978,354
18933,979,356
18934,979,358
18935,979,361
18936,979,363
18937,980,365
18938,980,366
18939,980,368
18940,981,370
18941,982,371
18942,982,373
18943,983,375
18944,983,377
18945,983,378
18946,983,380
18947,984,382
18948,984,383
18949,985,385
18950,984,386
18951,985,388
18952,985,390
18953,988,389
18954,992,386
18955,994,383
18956,996,381
18957,997,379
18958,998,378
18959,1000,377
18960,1000,375
18961,1001,374
18962,1002,373
18963,1001,372
18964,1001,371
18965,1002,370
18966,1001,369
18967,1001,368
18968,1001,368
18969,1001,367
18970,1000,367
18971,999,366
18972,999,365
18973,997,363
18974,998,363
18975,996,362
18976,994,361
18977,993,362
18978,992,361
18979,992,361
18980,991,361
18981,991,361
18982,988,361
18983,986,360
18984,986,359
18985,985,359
18986,984,359
18987,984,358
18988,983,358
18989,981,357
18990,981,357
18991,979,355
18992,977,351
18993,977,346
18994,978,341
18995,977,335
18996,979,330
18997,979,326
18998,979,322
18999,978,318
19000,978,315
19001,977,311
19002,977,308
19003,977,305
19004,977,302
19005,976,299
19006,976,297
19007,975,294
19008,975,291
19009,974,290
19010,975,287
19011,975,285
19012,974,283
19013,974,280
19014,973,276
19015,972,273
19016,970,271
19017,971,269
19018,970,266
19019,969,263
19020,969,261
19021,969,259
19022,968,258
19023,967,255
19024,967,254
19025,968,252
19026,967,251
19027,967,249
19028,965,247
19029,965,245
19030,964,242
19031,965,240
19032,964,238
19033,964,236
19034,963,234
19035,963,233
19036,964,232
19037,963,231
19038,962,229
19039,961,227
19040,961,225
19041,962,224
19042,961,222
19043,961,221
19044,961,219
19045,961,217
19046,960,216
19047,960,214
19048,960,213
19049,961,212
19050,960,210
19051,960,209
19052,959,207
19053,959,205
19054,960,203
19055,960,201
19056,960,200
19057,960,199
19058,960,197
19059,960,196
19060,960,195
19061,960,194
19062,960,194
19063,960,193
19064,960,193
19065,959,192
19066,960,190
19067,960,189
19068,960,187
19069,960,185
19070,961,184
19071,961,182
19072,959,181
19073,967,180
19074,980,179
19075,995,178
19076,1007,178
19077,1018,175
19078,1028,173
19079,1038,173
19080,1046,173
19081,1054,172
19082,1061,172
19083,1068,171
19084,1073,171
19085,1079,170
19086,1084,170
19087,1089,169
19088,1092,168
19089,1095,169
19090,1099,170
19091,1103,170
19092,1107,171
19093,1109,171
19094,1111,172
19095,1114,172
19096,1115,173
19097,1117,173
19098,1118,174
19099,1119,175
19100,1120,175
19101,1122,177
19102,1123,179
19103,1124,179
19104,1125,179
19105,1125,181
19106,1124,179
19107,1123,177
19108,1122,176
19109,1120,174
19110,1119,173
19111,1117,171
19112,1116,171
19113,1115,170
19114,1115,168
19115,1114,167
19116,1112,167
19117,1111,166
19118,1111,167
19119,1110,166
19120,1109,166
19121,1109,166
19122,1108,167
19123,1107,167
19124,1107,167
19125,1106,167
19126,1106,170
19127,1106,170
19128,1105,170
19129,1102,169
19130,1100,167
19131,1097,166
19132,1095,164
19133,1093,162
19134,1092,161
19135,1091,161
19136,1090,159
19137,1088,158
19138,1086,158
19139,1085,158
19140,1084,158
19141,1083,157
19142,1082,157
19143,1081,157
19144,1080,157
19145,1079,158
19146,1078,158
19147,1078,159
19148,1077,159
19149,1075,159
19150,1078,159
19151,1076,158
19152,1075,156
19153,1080,169
19154,1082,177
19155,1069,157
19156,1068,155
19157,1068,156
19158,1068,156
19159,1067,156
19160,1067,156
19161,1067,155
19162,1066,155
19163,1055,151
19164,1053,151
19165,1053,152
19166,1053,153
19167,1052,153
19168,1051,153
19169,1051,152
19170,1049,151
19171,1049,151
19172,1047,150
19173,1047,150
19174,1047,149
19175,1047,149
19176,1046,148
19177,1045,148
19178,1044,148
19179,1043,148
19180,1042,148
19181,1041,149
19182,1040,149
19183,1039,147
19184,1038,147
19185,1037,146
19186,1036,146
19187,1035,146
19188,1034,146
19189,1033,145
19190,1032,145
19191,1031,145
19192,1030,145
19193,1029,145
19194,1029,145
19195,1028,144
19196,1027,144
19197,1027,144
19198,1024,144
19199,1024,143
19200,1022,143
19201,1022,143
19202,1020,143
19203,1020,143
19204,1019,142
19205,1018,142
19206,1016,142
19207,1016,141
19208,1014,141
19209,1013,140
19210,1012,140
19211,1011,140
19212,1010,140
19213,1009,140
19214,1008,139
19215,1007,139
19216,1006,139
19217,1005,138
19218,1004,138
19219,1002,138
19220,1001,137
19221,1000,137
19222,999,137
19223,998,137
19224,997,137
19225,996,137
19226,995,137
19227,994,137
19228,993,137
19229,992,137
19230,991,137
19231,990,137
19232,992,137
19233,996,137
19234,1001,137
19235,1005,137
19236,1007,137
19237,1008,138
19238,1009,138
19239,1010,139
19240,1011,140
19241,1011,140
19242,1011,141
19243,1011,142
19244,1011,142
19245,1010,142
19246,1009,143
19247,1008,143
19248,1007,143
19249,1007,143
19250,1005,144
19251,1004,145
19252,1002,146
19253,1001,145
19254,999,146
19255,998,146
19256,996,146
19257,994,146
19258,992,147
19259,990,148
19260,988,148
19261,986,149
19262,984,150
19263,982,150
19264,980,150
19265,977,150
19266,975,151
19267,973,151
19268,970,151
19269,969,151
19270,966,152
19271,964,152
19272,963,152
19273,960,152
19274,958,152
19275,956,153
19276,953,153
19277,951,153
19278,949,154
19279,947,154
19280,944,154
19281,942,154
19282,940,155
19283,938,155
19284,935,155
19285,933,155
19286,931,156
19287,928,156
19288,926,157
19289,924,157
19290,922,157
19291,919,157
19292,917,157
19293,915,158
19294,913,158
19295,911,158
19296,908,158
19297,906,159
19298,904,159
19299,903,159
19300,902,159
19301,901,159
19302,902,159
19303,901,159
19304,900,159
19305,901,160
19306,901,160
19307,901,160
19308,900,160
19309,900,161
19310,900,161
19311,900,161
19312,899,161
19313,899,161
19314,899,161
19315,899,161
19316,899,161
19317,898,162
19318,898,162
19319,898,162
19320,898,162
19321,898,162
19322,898,162
19323,898,162
19324,897,162
19325,897,162
19326,897,163
19327,897,163
19328,897,163
19329,897,163
19330,897,163
19331,897,163
19332,897,164
19333,899,164
19334,898,163
19335,898,164
19336,898,164
19337,898,164
19338,898,164
19339,898,164
19340,898,164
19341,899,165
19342,900,164
19343,902,163
19344,903,162
19345,906,161
19346,908,161
19347,910,161
19348,912,161
19349,914,161
19350,916,161
19351,919,161
19352,922,160
19353,923,162
19354,925,163
19355,927,163
19356,928,163
19357,930,163
19358,932,164
19359,934,165
19360,935,166
19361,936,167
19362,939,167
19363,941,169
19364,942,170
19365,943,172
19366,944,174
19367,945,174
19368,946,174
19369,949,174
19370,949,175
19371,949,178
19372,950,179
19373,951,179
19374,952,180
19375,953,181
19376,953,182
19377,953,182
19378,954,185
19379,955,188
19380,955,189
19381,956,189
19382,958,191
19383,957,192
19384,958,195
19385,958,198
19386,959,199
19387,960,203
19388,960,205
19389,959,207
19390,961,208
19391,960,212
19392,960,215
19393,960,218
19394,960,221
19395,960,223
19396,960,225
19397,961,229
19398,961,234
19399,961,238
19400,961,242
19401,961,245
19402,960,249
19403,960,254
19404,961,256
19405,960,262
19406,960,267
19407,959,271
19408,958,275
19409,957,279
19410,956,285
19411,956,290
19412,956,294
19413,956,300
19414,955,305
19415,954,309
19416,953,315
19417,953,320
19418,951,325
19419,950,332
19420,949,337
19421,947,342
19422,946,351
19423,947,356
19424,945,361
19425,944,370
19426,943,377
19427,943,382
19428,943,389
19429,943,395
19430,939,404
19431,937,412
19432,935,419
19433,934,426
19434,932,434
19435,930,441
19436,929,451
19437,927,457
19438,925,466
19439,925,472
19440,930,482
19441,933,491
19442,949,504
19443,956,517
19444,962,515
19445,968,508
19446,973,497
19447,978,489
19448,984,482
19449,989,474
19450,995,466
19451,1000,458
19452,1005,450
19453,1008,446
19454,1011,438
19455,1013,433
19456,1014,426
19457,1017,418
19458,1017,410
19459,1019,404
19460,1022,398
19461,1023,393
19462,1024,385
19463,1026,379
19464,1027,373
19465,1029,369
19466,1030,363
19467,1032,358
19468,1033,353
19469,1034,351
19470,1035,345
19471,1036,339
19472,1037,337
19473,1040,333
19474,1042,329
19475,1044,325
19476,1044,325
19477,1044,320
19478,1045,317
19479,1046,315
19480,1049,311
19481,1050,308
19482,1051,307
19483,1052,305
19484,1053,302
19485,1054,300
19486,1055,299
19487,1056,297
19488,1057,296
19489,1060,294
19490,1060,293
19491,1061,292
19492,1062,291
19493,1063,290
19494,1064,290
19495,1067,287
19496,1067,287
19497,1067,286
19498,1067,286
19499,1068,286
19500,1070,287
19501,1071,289
19502,1072,290
19503,1072,290
19504,1073,291
19505,1074,291
19506,1075,292
19507,1076,292
19508,1077,293
19509,1078,294
19510,1079,294
19511,1081,296
19512,1082,300
19513,1083,302
19514,1083,303
19515,1085,303
19516,1086,307
19517,1086,309
19518,1087,310
19519,1089,312
19520,1089,315
19521,1090,318
19522,1090,320
19523,1092,322
19524,1093,326
19525,1094,328
19526,1095,330
19527,1095,333
19528,1096,335
19529,1099,341
19530,1099,344
19531,1099,349
19532,1100,352
19533,1100,357
19534,1102,360
19535,1104,363
19536,1108,368
19537,1113,372
19538,1112,367
19539,1109,360
19540,1106,352
19541,1106,345
19542,1104,338
19543,1103,333
19544,1103,326
19545,1103,320
19546,1103,314
19547,1097,310
19548,1095,306
19549,1093,301
19550,1091,296
19551,1088,291
19552,1088,286
19553,1086,282
19554,1084,277
19555,1083,274
19556,1081,269
19557,1079,266
19558,1078,263
19559,1076,259
19560,1074,255
19561,1072,252
19562,1070,249
19563,1070,246
19564,1068,243
19565,1067,241
19566,1066,237
19567,1064,235
19568,1063,233
19569,1061,231
19570,1060,229
19571,1059,227
19572,1058,226
19573,1058,223
19574,1057,221
19575,1056,220
19576,1054,218
19577,1053,217
19578,1052,216
19579,1051,214
19580,1051,214
19581,1050,213
19582,1048,212
19583,1047,212
19584,1045,211
19585,1044,211
19586,1043,211
19587,1042,211
19588,1041,211
19589,1041,211
19590,1040,212
19591,1039,212
19592,1038,213
19593,1037,214
19594,1037,214
19595,1035,215
19596,1034,217
19597,1034,218
19598,1033,219
19599,1032,220
19600,1031,221
19601,1029,222
19602,1030,223
19603,1029,225
19604,1028,227
19605,1027,228
19606,1026,230
19607,1025,233
19608,1025,235
19609,1024,238
19610,1024,240
19611,1023,243
19612,1022,245
19613,1021,247
19614,1020,250
19615,1020,253
19616,1019,255
19617,1019,257
19618,1020,261
19619,1018,263
19620,1017,268
19621,1016,270
19622,1015,275
19623,1014,277
19624,1014,279
19625,1013,283
19626,1012,286
19627,1011,288
19628,1010,293
19629,1009,297
19630,1008,301
19631,1008,304
19632,1008,301
19633,1009,296
19634,1009,293
19635,1008,287
19636,1010,285
19637,1011,282
19638,1011,277
19639,1011,273
19640,1012,269
19641,1012,266
19642,1012,263
19643,1012,260
19644,1013,257
19645,1015,254
19646,1014,252
19647,1015,249
19648,1015,246
19649,1016,245
19650,1016,243
19651,1017,242
19652,1016,239
19653,1016,237
19654,1016,235
19655,1018,232
19656,1018,231
19657,1019,230
19658,1019,229
19659,1020,228
19660,1020,226
19661,1020,225
19662,1021,224
19663,1020,224
19664,1021,224
19665,1020,224
19666,1021,224
19667,1020,223
19668,1021,224
19669,1020,224
19670,1021,224
19671,1020,224
19672,1021,224
19673,1020,224
19674,1021,224
19675,1021,225
19676,1021,225
19677,1022,224
19678,1023,224
19679,1023,223
19680,1020,224
19681,1022,224
19682,1022,224
19683,1022,224
19684,1023,224
19685,1023,224
19686,1024,224
19687,1024,224
19688,1025,224
19689,1025,224
19691,1053,445
19692,1052,444
19693,1054,445
19694,1053,445
19695,1052,444
19696,1052,445
19697,1054,445
19698,1053,444
19699,1053,445
19700,1052,444
19701,1054,444
19702,1053,445
19703,1053,444
19704,1053,445
19705,1054,445
19706,1053,444
19707,1053,445
19708,1054,445
19709,1054,445
19710,1053,445
19711,1053,445
19712,1054,445
19713,1053,445
19714,1054,445
19715,1054,445
19716,1054,445
19717,1054,445
19718,1055,445
19719,1054,445
19720,1055,445
19721,1054,445
19722,1055,445
19723,1055,445
19724,1055,445
19725,1055,445
19726,1056,445
19727,1055,445
19728,1056,445
19729,1056,445
19730,1055,445
19731,1056,445
19732,1056,444
19733,1056,445
19734,1057,445
19735,1057,445
19736,1057,445
19737,1058,445
19738,1058,445
19739,1058,445
19740,1058,444
19741,1058,445
19742,1053,444
19743,1040,443
19744,1024,441
19745,1010,439
19746,997,436
19747,983,436
19748,969,433
19749,955,432
19750,944,430
19751,933,428
19752,921,427
19753,908,425
19754,896,424
19755,886,422
19756,873,420
19757,861,420
19758,852,418
19759,842,416
19760,832,415
19761,821,414
19762,810,413
19763,801,411
19764,791,411
19765,780,410
19766,770,409
19767,762,408
19768,754,407
19769,744,404
19770,737,404
19771,729,404
19772,720,402
19773,712,402
19774,706,400
19775,698,400
19776,689,398
19777,682,397
19778,677,396
19779,669,397
19780,662,396
19781,657,394
19782,651,394
19783,644,393
19784,640,391
19785,634,391
19786,629,389
19787,624,390
19788,621,387
19789,615,387
19790,612,385
19791,607,385
19792,604,384
19793,599,383
19794,596,382
19795,593,382
19796,590,381
19797,586,381
19798,584,380
19799,581,380
19800,579,379
19801,576,379
19802,575,378
19803,572,377
19804,571,376
19805,569,376
19806,568,376
19807,567,376
19808,567,377
19809,569,378
19810,571,378
19811,572,379
19812,574,379
19813,576,381
19814,577,381
19815,580,381
19816,582,382
19817,583,383
19818,586,383
19819,588,384
19820,589,384
19821,592,384
19822,594,385
19823,597,385
19824,600,386
19825,602,386
19826,605,387
19827,607,387
19828,610,387
19829,612,388
19830,616,388
19831,618,388
19832,620,389
19833,624,389
19834,626,390
19835,628,390
19836,632,390
19837,636,390
19838,638,390
19839,642,390
19840,644,391
19841,647,392
19842,651,393
19843,654,393
19844,656,393
19845,660,393
19846,664,394
19847,668,398
19848,674,403
19849,679,409
19850,685,414
19851,689,419
19852,694,424
19853,698,429
19854,703,434
19855,709,439
19856,713,444
19857,719,448
19858,723,453
19859,729,457
19860,733,462
19861,737,466
19862,743,469
19863,748,474
19864,753,479
19865,758,483
19866,764,487
19867,768,491
19868,772,495
19869,778,499
19870,783,502
19871,788,507
19872,792,511
19873,798,515
19874,803,519
19875,807,523
19876,813,526
19877,817,529
19878,823,533
19879,827,537
19880,831,540
19881,837,543
19882,841,547
19883,846,550
19884,851,554
19885,856,557
19886,861,559
19887,865,563
19888,869,566
19889,874,569
19890,879,573
19891,883,575
19892,887,577
19893,893,579
19894,897,580
19895,902,581
19896,907,583
19897,910,584
19898,915,586
19899,919,586
19900,925,587
19901,928,588
19902,932,588
19903,936,588
19904,940,588
19905,945,589
19906,949,589
19907,954,590
19908,957,590
19909,961,592
19910,964,593
19911,965,590
19912,963,586
19913,962,581
19914,962,576
19915,961,573
19916,962,569
19917,962,566
19918,962,564
19919,964,561
19920,963,558
19921,966,556
19922,967,556
19923,969,557
19924,972,557
19925,974,558
19926,975,557
19927,977,556
19928,981,556
19929,983,556
19930,986,555
19931,988,555
19932,990,554
19933,994,554
19934,996,554
19935,1000,553
19936,1002,553
19937,1005,552
19938,1008,552
19939,1011,551
19940,1014,551
19941,1016,550
19942,1020,550
19943,1024,550
19944,1026,549
19945,1029,549
19946,1032,548
19947,1035,548
19948,1039,547
19949,1041,547
19950,1045,546
19951,1047,546
19952,1050,545
19953,1052,545
19954,1056,544
19955,1058,544
19956,1061,544
19957,1064,543
19958,1066,544
19959,1070,543
19960,1071,542
19961,1074,541
19962,1076,542
19963,1078,542
19964,1079,541
19965,1083,540
19966,1083,541
19967,1075,542
19968,1065,545
19969,1055,547
19970,1047,548
19971,1038,551
19972,1032,553
19973,1026,554
19974,1022,554
19975,1019,554
19976,1016,553
19977,1013,554
19978,1010,556
19979,1007,555
19980,1005,555
19981,1003,557
19982,1002,558
19983,999,558
19984,997,561
19985,995,562
19986,994,563
19987,992,564
19988,992,566
19989,990,569
19990,990,571
19991,989,571
19992,991,570
19993,993,569
19994,993,567
19995,994,567
19996,995,565
19997,995,566
19998,997,565
19999,996,566
20000,997,567
20001,1002,569
20002,1009,570
20003,1016,570
20004,1023,572
20005,1028,573
20006,1034,576
20007,1038,576
20008,1043,578
20009,1047,580
20010,1051,579
20011,1055,578
20012,1059,577
20013,1062,576
20014,1065,576
20015,1068,575
20016,1071,575
20017,1073,574
20018,1076,575
20019,1078,574
20020,1080,576
20021,1081,575
20022,1083,576
20023,1084,577
20024,1086,577
20025,1088,579
20026,1089,580
20027,1090,581
20028,1091,580
20029,1091,579
20030,1093,579
20031,1094,579
20032,1094,578
20033,1094,579
20034,1096,579
20035,1097,580
20036,1096,580
20037,1097,581
20038,1097,581
20039,1098,582
20040,1099,583
20041,1098,583
20042,1098,582
20043,1100,582
20044,1100,583
20045,1100,583
20046,1101,583
20047,1101,584
20048,1101,585
20049,1101,585
20050,1101,584
20051,1101,585
20052,1101,585
20053,1102,585
20054,1102,586
20055,1102,586
20056,1102,585
20057,1093,580
20058,1081,572
20059,1069,565
20060,1059,560
20061,1050,555
20062,1041,551
20063,1035,546
20064,1028,543
20065,1023,539
20066,1017,536
20067,1012,532
20068,1007,530
20069,1003,528
20070,1003,540
20071,994,528
20072,990,522
20073,986,520
20074,982,518
20075,980,516
20076,979,514
20077,976,513
20078,975,511
20079,972,510
20080,971,508
20081,969,508
20082,967,506
20083,966,506
20084,966,505
20085,965,503
20086,964,502
20087,964,501
20088,963,501
20089,963,500
20090,962,500
20091,961,499
20092,962,498
20093,962,498
20094,962,497
20095,961,497
20096,961,496
20097,961,495
20098,960,495
20099,959,495
20100,961,494
20101,960,494
20102,961,493
20103,961,493
20104,961,492
20105,962,492
20106,962,492
20107,961,491
20108,962,490
20109,963,490
20110,963,490
20111,963,491
20112,963,490
20113,964,489
20114,965,489
20115,965,489
20116,965,489
20117,965,489
20118,966,488
20119,966,488
20120,966,488
20121,968,488
20122,967,487
20123,967,488
20124,969,488
20125,969,488
20126,970,488
20127,970,487
20128,970,488
20129,971,488
20130,971,487
20131,971,488
20132,972,488
20133,973,488
20134,972,488
20135,973,488
20136,973,488
20137,973,488
20138,973,489
20139,974,488
20140,974,485
20141,974,486
20142,974,488
20143,973,489
20144,972,489
20145,973,490
20146,972,490
20147,972,490
20148,973,489
20149,973,490
20150,972,490
20151,973,490
20152,974,490
20153,974,491
20154,974,491
20155,976,491
20156,977,491
20157,979,492
20158,979,491
20159,981,491
20160,982,491
20161,983,491
20162,986,491
20163,986,491
20164,988,491
20165,989,492
20166,989,492
20167,991,492
20168,993,492
20169,995,492
20170,995,491
20171,995,491
20172,998,491
20173,1001,492
20174,1001,491
20175,1003,491
20176,1005,490
20177,1007,490
20178,1009,489
20179,1005,489
20180,1008,490
20181,1007,487
20182,1007,488
20183,1010,483
20184,1012,480
20185,1014,476
20186,1016,473
20187,1018,470
20188,1012,486
20189,1013,487
20190,1015,487
20191,1015,487
20192,1032,500
20193,1042,509
20194,1053,517
20195,1063,525
20196,1074,534
20197,1084,542
20198,1095,550
20199,1105,558
20200,1116,567
20202,1040,489
20203,1045,491
20204,1050,492
20205,1052,492
20206,1054,491
20207,1056,493
20208,1063,493
20209,1066,495
20210,1067,493
20211,1070,493
20212,1073,492
20213,1075,490
20214,1077,486
20215,1079,483
20216,1079,481
20217,1083,477
20218,1083,476
20219,1085,475
20220,1086,473
20221,1087,471
20222,1079,476
20223,1078,476
20224,1077,476
20225,1090,463
20226,1091,461
20227,1090,459
20228,1089,458
20229,1090,455
20230,1088,456
20231,1090,454
20232,1090,452
20233,1090,451
20234,1091,450
20235,1089,449
20236,1090,448
20237,1086,447
20238,1081,447
20239,1076,446
20240,1073,445
20241,1069,445
20242,1066,445
20243,1064,444
20244,1060,444
20245,1058,444
20246,1055,443
20247,1054,442
20248,1052,443
20249,1049,442
20250,1049,441
20251,1047,440
20252,1049,441
20253,1052,440
20254,1056,439
20255,1059,438
20256,1062,436
20257,1064,436
20258,1066,436
20259,1067,435
20260,1069,434
20261,1071,434
20262,1071,434
20263,1071,433
20264,1072,431
20265,1071,429
20266,1071,429
20267,1071,429
20268,1074,429
20269,1074,430
20270,1074,429
20271,1075,429
20272,1075,430
20273,1075,431
20274,1074,431
20275,1074,431
20276,1074,432
20277,1073,433
20278,1074,434
20279,1073,435
20280,1072,436
20281,1071,436
20282,1069,435
20283,1068,434
20284,1067,433
20285,1066,433
20286,1064,433
20287,1062,433
20288,1060,433
20289,1058,433
20290,1058,433
20291,1057,434
20292,1055,434
20293,1054,434
20294,1053,435
20295,1052,434
20296,1052,434
20297,1060,434
20298,1068,433
20299,1077,433
20300,1085,433
20301,1091,433
20302,1098,434
20303,1104,434
20304,1109,434
20305,1115,435
20306,1119,435
20307,1123,435
20308,1128,436
20309,1132,436
20310,1135,438
20311,1138,438
20312,1141,438
20313,1144,441
20314,1146,441
20315,1147,440
20316,1148,439
20317,1149,440
20318,1149,439
20319,1151,438
20320,1151,438
20321,1151,439
20322,1153,439
20323,1154,440
20324,1156,439
20325,1155,439
20326,1155,440
20327,1156,442
20328,1155,442
20329,1157,442
20330,1158,444
20331,1158,445
20332,1158,447
20333,1158,446
20334,1157,445
20335,1156,446
20336,1155,445
20337,1154,446
20338,1155,445
20339,1154,446
20340,1154,447
20341,1154,447
20342,1153,448
20343,1152,448
20344,1153,449
20345,1152,449
20346,1150,449
20347,1150,449
20348,1149,449
20349,1149,449
20350,1148,450
20351,1147,451
20352,1145,451
20353,1146,452
20354,1144,451
20355,1144,451
20356,1143,452
20357,1143,452
20358,1143,453
20359,1141,452
20360,1141,452
20361,1140,453
20362,1138,452
20363,1137,453
20364,1138,453
20365,1136,453
20366,1136,453
20367,1135,454
20368,1134,453
20369,1133,454
20370,1133,454
20371,1131,454
20372,1131,454
20373,1130,455
20374,1129,455
20375,1129,455
20376,1127,455
20377,1127,455
20378,1126,455
20379,1126,455
20380,1124,455
20381,1123,456
20382,1123,456
20383,1122,455
20384,1121,456
20385,1116,455
20386,1109,454
20387,1101,453
20388,1093,452
20389,1078,447
20390,1070,447
20391,1061,446
20392,1065,446
20393,1060,445
20394,1055,445
20395,1051,443
20396,1047,442
20397,1043,441
20398,1040,440
20399,1034,438
20400,1032,436
20401,1027,438
20402,1025,439
20403,1023,438
20404,1021,437
20405,1020,436
20406,1016,435
20407,1015,435
20408,1013,434
20409,1011,434
20410,1009,434
20411,1008,433
20412,1006,433
20413,1005,432
20414,1002,429
20415,1003,427
20416,1002,428
20417,1001,429
20418,1002,429
20419,1000,428
20420,1002,426
20421,995,427
20422,997,426
20423,996,425
20424,996,424
20425,1005,422
20426,1007,422
20427,1009,421
20428,1009,420
20429,1010,420
20430,1011,420
20431,1012,419
20432,1013,419
20433,1014,418
20434,1014,418
20435,1014,418
20436,1014,419
20437,1013,418
20438,1014,417
20439,1013,416
20440,1012,416
20441,1012,416
20442,1012,415
20443,1010,414
20444,1009,415
20445,1008,415
20446,1008,414
20447,1006,413
20448,1006,412
20449,1004,411
20450,1005,410
20451,1008,408
20452,1012,406
20453,1015,403
20454,1016,401
20455,1021,398
20456,1023,396
20457,1025,394
20458,1026,391
20459,1028,390
20460,1030,389
20461,1031,388
20462,1032,385
20463,1033,384
20464,1033,382
20465,1033,380
20466,1034,379
20467,1035,378
20468,1035,375
20469,1035,374
20470,1036,372
20471,1036,372
20472,1036,371
20473,1034,369
20474,1034,368
20475,1035,367
20476,1034,366
20477,1034,365
20478,1033,363
20479,1034,362
20480,1032,361
20481,1032,360
20482,1033,359
20483,1032,358
20484,1031,358
20485,1030,357
20486,1029,355
20487,1030,354
20488,1030,353
20489,1027,355
20490,1024,358
20491,1020,362
20492,1017,366
20493,1013,369
20494,1011,372
20495,1010,375
20496,1007,377
20497,1006,380
20498,1004,383
20499,1002,385
20500,1001,387
20501,998,389
20502,998,390
20503,996,392
20504,995,394
20505,993,395
20506,993,394
20507,997,393
20508,999,391
20509,1000,391
20510,1000,389
20511,1000,386
20512,1000,384
20513,1001,381
20514,1000,379
20515,1001,378
20516,1003,375
20517,1002,374
20518,1002,373
20519,1003,372
20520,1003,371
20521,1003,371
20522,1004,371
20523,1001,371
20524,995,371
20525,990,371
20526,964,366
20527,975,369
20528,977,371
20529,975,371
20530,972,370
20531,969,370
20532,967,369
20533,965,368
20534,964,366
20535,962,365
20536,961,364
20537,959,363
20538,959,369
20539,956,369
20540,954,369
20541,956,368
20542,956,367
20543,955,370
20544,953,369
20545,953,367
20546,951,365
20547,952,363
20548,951,361
20549,951,360
20550,953,364
20551,952,363
20552,953,362
20553,952,363
20554,953,363
20555,952,361
20556,953,360
20557,953,358
20558,952,364
20559,954,365
20560,954,364
20561,954,364
20562,952,364
20563,954,365
20564,954,365
20565,954,365
20566,954,365
20567,953,365
20568,942,364
20569,930,362
20570,916,365
20571,904,367
20572,893,368
20573,884,368
20574,874,368
20575,867,369
20576,858,369
20577,852,370
20578,845,372
20579,837,373
20580,834,375
20581,829,377
20582,824,379
20583,818,380
20584,813,382
20585,811,388
20586,807,390
20587,805,390
20588,802,394
20589,801,396
20590,798,399
20591,797,401
20592,796,401
20593,796,401
20594,795,401
20595,796,401
20596,796,402
20597,796,403
20598,795,404
20599,796,405
20600,794,407
20601,794,409
20602,793,411
20603,794,412
20604,794,413
20605,796,414
20606,797,414
20607,798,414
20608,800,414
20609,801,415
20610,801,416
20611,802,418
20612,802,419
20613,804,420
20614,804,420
20615,806,420
20616,807,421
20617,807,420
20618,808,421
20619,810,422
20620,812,424
20621,812,425
20622,813,427
20623,815,427
20624,817,425
20625,819,425
20626,822,424
20627,823,423
20628,825,423
20629,826,422
20630,828,423
20631,830,423
20632,831,423
20633,833,424
20634,834,424
20635,835,425
20636,836,426
20637,838,425
20638,838,427
20639,838,427
20640,838,429
20641,841,430
20642,848,430
20643,859,428
20644,869,427
20645,878,427
20646,891,426
20647,900,426
20648,906,426
20649,911,426
20650,915,425
20651,918,424
20652,923,423
20653,925,421
20654,929,420
20655,931,420
20656,934,420
20657,935,418
20658,937,417
20659,938,414
20660,937,412
20661,938,410
20662,937,408
20663,940,408
20664,941,408
20665,942,408
20666,945,407
20667,946,405
20668,946,404
20669,948,403
20670,949,402
20671,952,400
20672,954,399
20673,953,401
20674,956,405
20675,958,408
20676,960,410
20677,961,410
20678,962,412
20679,963,413
20680,962,395
20681,963,389
20682,963,383
20683,963,378
20684,964,372
20685,964,388
20686,966,388
20687,966,387
20688,969,387
20689,968,386
20690,969,387
20691,971,386
20692,970,384
20693,971,385
20694,974,385
20695,975,385
20696,974,384
20697,977,383
20698,977,383
20699,979,382
20700,979,380
20701,982,378
20702,982,378
20703,982,375
20704,985,376
20705,986,375
20706,986,374
20707,985,372
20708,985,371
20709,987,375
20710,988,373
20711,989,373
20712,991,374
20713,992,375
20714,992,375
20715,992,374
20716,993,374
20717,993,373
20718,994,373
20719,994,373
20720,993,372
20721,993,371
20722,995,369
20723,995,367
20724,996,365
20725,999,362
20726,999,358
20727,999,356
20728,1001,355
20729,1000,353
20730,999,351
20731,998,350
20732,985,343
20733,983,342
20734,985,342
20735,984,340
20736,986,336
20737,986,335
20738,988,350
20739,989,356
20740,989,360
20741,993,356
20742,993,335
20743,994,329
20744,995,329
20745,997,329
20746,997,326
20747,998,325
20748,998,324
20749,998,322
20750,999,322
20751,999,322
20752,1000,321
20753,1000,321
20754,999,318
20755,998,316
20756,1000,316
20757,1000,317
20758,999,316
20759,999,315
20760,998,314
20761,998,314
20762,997,313
20763,997,312
20764,1001,301
20765,1002,298
20766,1006,316
20767,1007,318
20768,1008,321
20769,1005,309
20770,1008,308
20771,1009,306
20772,1010,304
20773,1011,302
20774,1008,301
20775,1007,301
20776,1006,301
20777,1009,305
20778,1014,302
20779,1007,300
20780,1004,298
20781,1005,298
20782,1005,297
20783,1003,286
20784,1002,280
20785,1001,274
20786,1004,293
20787,1001,295
20788,1002,295
20789,1002,294
20790,1002,291
20791,1002,291
20792,1005,292
20793,1007,292
20794,1008,292
20795,1007,291
20796,1005,291
20797,1014,288
20798,1017,284
20799,1030,286
20800,1040,287
20801,1048,285
20802,1054,284
20803,1060,282
20804,1066,281
20805,1070,279
20806,1073,278
20807,1077,277
20808,1081,276
20809,1084,275
20810,1086,275
20811,1089,273
20812,1090,271
20813,1092,270
20814,1093,270
20815,1094,268
20816,1095,267
20817,1096,266
20818,1096,265
20819,1097,264
20820,1096,263
20821,1095,262
20822,1096,261
20823,1096,260
20824,1096,259
20825,1096,259
20826,1096,258
20827,1095,258
20828,1095,257
20829,1093,256
20830,1093,255
20831,1092,254
20832,1091,253
20833,1090,253
20834,1089,252
20835,1090,252
20836,1089,252
20837,1089,251
20838,1088,250
20839,1088,249
20840,1087,249
20841,1087,250
20842,1086,248
20843,1081,249
20844,1073,252
20845,1067,254
20846,1062,256
20847,1058,256
20848,1053,258
20849,1048,259
20850,1045,260
20851,1041,262
20852,1037,263
20853,1034,264
20854,1031,265
20855,1028,267
20856,1025,267
20857,1024,269
20858,1021,270
20859,1019,271
20860,1017,271
20861,1016,272
20862,1014,273
20863,1013,273
20864,1011,273
20865,1009,274
20866,1007,275
20867,1006,275
20868,1005,276
20869,1003,277
20870,1002,278
20871,1001,278
20872,1000,279
20873,999,279
20874,999,279
20875,998,280
20876,995,283
20877,992,286
20878,989,289
20879,986,292
20880,985,296
20881,983,300
20882,982,303
20883,981,306
20884,979,308
20885,978,311
20886,977,314
20887,975,317
20888,975,320
20889,973,322
20890,973,324
20891,973,326
20892,972,329
20893,972,331
20894,970,334
20895,970,336
20896,969,339
20897,969,341
20898,968,342
20899,969,344
20900,969,346
20901,968,347
20902,968,349
20903,968,351
20904,968,353
20905,969,354
20906,967,356
20907,966,359
20908,967,362
20909,967,363
20910,967,362
20911,967,364
20912,969,362
20913,968,360
20914,965,358
20915,966,356
20916,964,354
20917,962,352
20918,962,351
20919,961,350
20920,959,348
20921,958,348
20922,958,347
20923,957,346
20924,956,346
20925,956,345
20926,955,343
20927,955,342
20928,954,341
20929,954,340
20930,954,340
20931,953,339
20932,955,338
20933,954,337
20934,953,336
20935,953,337
20936,955,336
20937,956,336
20938,957,334
20939,958,333
20940,959,333
20941,963,330
20942,963,328
20943,963,328
20944,964,327
20945,964,326
20946,964,325
20947,965,324
20948,964,322
20949,966,319
20950,965,321
20951,964,320
20952,965,319
20953,960,322
20954,962,321
20955,965,318
20956,965,317
20957,964,318
20958,965,317
20959,966,315
20960,966,314
20961,966,314
20962,965,313
20963,966,311
20964,964,314
20965,963,314
20966,965,310
20967,964,310
20968,962,312
20969,960,313
20970,959,313
20971,958,313
20972,959,312
20973,959,311
20974,958,310
20975,959,311
20976,968,308
20977,983,306
20978,996,303
20979,1008,299
20980,1019,299
20981,1029,299
20982,1039,298
20983,1049,297
20984,1055,293
20985,1062,292
20986,1068,292
20987,1074,292
20988,1079,292
20989,1084,292
20990,1089,292
20991,1093,292
20992,1097,292
20993,1101,291
20994,1104,292
20995,1107,292
20996,1110,292
20997,1112,292
20998,1115,293
20999,1116,294
21000,1118,295
21001,1119,297
21002,1119,296
21003,1119,295
21004,1119,294
21005,1118,293
21006,1118,292
21007,1117,291
21008,1117,291
21009,1117,291
21010,1116,291
21011,1116,291
21012,1116,292
21013,1115,292
21014,1114,292
21015,1114,292
21016,1114,293
21017,1113,294
21018,1113,295
21019,1112,295
21020,1110,294
21021,1109,293
21022,1107,292
21023,1105,292
21024,1103,292
21025,1102,292
21026,1101,292
21027,1100,291
21028,1099,292
21029,1097,292
21030,1096,293
21031,1096,293
21032,1096,294
21033,1094,294
21034,1093,295
21035,1093,295
21036,1090,295
21037,1088,294
21038,1086,294
21039,1085,294
21040,1083,292
21041,1082,292
21042,1080,292
21043,1078,293
21044,1078,293
21045,1077,293
21046,1075,293
21047,1074,294
21048,1074,295
21049,1072,295
21050,1070,295
21051,1068,294
21052,1066,294
21053,1064,293
21054,1062,293
21055,1060,293
21056,1058,293
21057,1058,293
21058,1055,293
21059,1053,293
21060,1052,293
21061,1050,294
21062,1049,295
21063,1047,295
21064,1045,295
21065,1044,294
21066,1043,294
21067,1042,294
21068,1041,294
21069,1040,294
21070,1038,293
21071,1037,294
21072,1035,294
21073,1034,294
21074,1033,295
21075,1033,295
21076,1031,295
21077,1029,295
21078,1029,295
21079,1028,295
21080,1027,294
21081,1025,294
21082,1025,295
21083,1024,295
21084,1024,296
21085,1022,295
21086,1021,295
21087,1020,295
21088,1019,295
21089,1019,294
21090,1017,294
21091,1016,295
21092,1016,295
21093,1014,295
21094,1013,294
21095,1011,294
21096,1011,294
21097,1010,294
21098,1008,293
21099,1007,293
21100,1010,294
21101,1009,295
21102,1008,295
21103,1007,296
21104,1006,295
21105,1005,296
21106,1005,296
21107,1003,296
21108,1003,296
21109,1002,297
21110,1001,297
21111,1000,297
21112,1000,296
21113,998,296
21114,998,296
21115,996,296
21116,995,296
21117,994,296
21118,993,296
21119,992,296
21120,992,296
21121,990,297
21122,990,296
21123,988,296
21124,988,296
21125,986,295
21126,985,296
21127,984,296
21128,984,296
21129,982,296
21130,981,297
21131,980,297
21132,979,297
21133,978,297
21134,977,297
21135,976,297
21136,975,297
21137,974,297
21138,973,297
21139,972,297
21140,972,296
21141,972,297
21142,971,297
21143,970,297
21144,970,296
21145,969,297
21146,968,297
21147,967,297
21148,966,297
21149,965,297
21150,964,298
21151,963,298
21152,962,298
21153,961,298
21154,960,297
21155,960,297
21156,960,296
21157,960,296
21158,962,297
21159,968,298
21160,975,300
21161,983,302
21162,988,304
21163,994,306
21164,999,308
21165,1003,309
21166,1007,311
21167,1010,312
21168,1013,315
21169,1017,318
21170,1020,318
21171,1023,320
21172,1026,324
21173,1027,324
21174,1029,325
21175,1031,329
21176,1032,331
21177,1034,332
21178,1038,337
21179,1043,339
21180,1047,341
21181,1051,344
21182,1057,346
21183,1060,351
21184,1064,353
21185,1069,356
21186,1073,361
21187,1077,364
21188,1082,366
21189,1086,370
21190,1089,372
21191,1091,373
21192,1095,374
21193,1098,377
21194,1100,378
21195,1102,378
21196,1106,379
21197,1109,381
21198,1112,383
21199,1115,386
21200,1117,387
21201,1122,388
21202,1125,392
21203,1128,395
21204,1130,397
21205,1135,398
21206,1136,400
21207,1138,400
21208,1139,400
21209,1141,402
21210,1143,402
21211,1145,403
21212,1149,404
21213,1150,405
21214,1152,407
21215,1154,409
21216,1158,410
21217,1159,410
21218,1161,412
21219,1165,414
21220,1166,417
21221,1168,421
21222,1169,422
21223,1173,424
21224,1176,426
21225,1177,426
21226,1178,427
21227,1180,427
21228,1181,428
21229,1182,429
21230,1183,431
21231,1186,432
21232,1187,432
21233,1190,434
21234,1192,436
21235,1192,437
21236,1195,438
21237,1197,440
21238,1198,441
21239,1199,441
21240,1201,441
21241,1202,442
21242,1199,443
21243,1185,444
21244,1168,445
21245,1152,448
21246,1137,450
21247,1122,451
21248,1107,453
21249,1102,454
21250,1090,455
21251,1080,457
21252,1071,458
21253,1061,460
21254,1052,461
21255,1043,463
21256,1036,464
21257,1028,466
21258,1021,467
21259,1014,469
21260,1008,470
21261,1001,472
21262,993,473
21263,989,474
21264,982,475
21265,976,477
21266,973,479
21267,968,480
21268,962,481
21269,959,482
21270,953,483
21271,948,485
21272,946,486
21273,941,488
21274,936,489
21275,933,490
21276,930,493
21277,926,493
21278,923,494
21279,919,496
21280,915,498
21281,911,499
21282,909,500
21283,905,500
21284,901,503
21285,899,504
21286,896,505
21287,894,506
21288,890,508
21289,887,508
21290,885,509
21291,884,509
21292,881,510
21293,878,512
21294,874,512
21295,873,514
21296,870,514
21297,867,516
21298,866,517
21299,862,517
21300,862,518
21301,860,519
21302,861,519
21303,859,520
21304,857,522
21305,854,523
21306,853,523
21307,851,524
21308,849,524
21309,847,525
21310,844,527
21311,841,527
21312,840,527
21313,841,527
21314,843,527
21315,845,527
21316,845,528
21317,846,529
21318,846,528
21319,849,528
21320,850,529
21321,847,529
21322,844,530
21323,842,532
21324,838,532
21325,836,533
21326,834,536
21327,833,536
21328,831,537
21329,830,539
21330,829,542
21331,828,543
21332,827,545
21333,825,547
21334,825,549
21335,824,550
21336,825,551
21337,824,550
21338,826,550
21339,826,551
21340,826,551
21341,827,552
21342,827,553
21343,826,554
21344,827,555
21345,828,556
21346,828,556
21347,829,555
21348,830,556
21349,830,555
21350,830,556
21351,832,557
21352,832,557
21353,834,557
21354,834,557
21355,835,558
21356,836,558
21357,836,558
21358,839,558
21359,839,558
21360,841,558
21361,841,558
21362,843,558
21363,843,559
21364,843,559
21365,845,558
21366,846,559
21367,847,558
21368,848,559
21369,849,560
21370,850,559
21371,852,559
21372,852,559
21373,853,559
21374,854,560
21375,855,560
21376,856,560
21377,857,560
21378,858,560
21379,860,560
21380,861,560
21381,861,559
21382,863,559
21383,864,559
21384,866,559
21385,866,559
21386,866,559
21387,867,559
21388,869,559
21389,870,560
21390,871,559
21391,872,559
21392,874,559
21393,874,559
21394,874,559
21395,876,559
21396,877,559
21397,878,559
21398,879,559
21399,880,560
21400,880,559
21401,882,559
21402,883,560
21403,883,559
21404,884,560
21405,884,559
21406,886,559
21407,887,560
21408,887,560
21409,889,560
21410,889,560
21411,889,559
21412,891,559
21413,893,560
21414,893,559
21415,894,559
21416,894,560
21417,894,559
21418,895,560
21419,897,560
21420,897,560
21421,898,560
21422,898,560
21423,898,560
21424,899,560
21425,898,560
21426,897,561
21427,892,564
21428,885,567
21429,878,571
21430,872,573
21431,866,577
21432,860,579
21433,856,581
21434,852,583
21435,848,587
21436,844,588
21437,841,590
21438,837,594
21439,834,595
21440,832,597
21441,828,601
21442,825,602
21443,822,606
21444,821,609
21445,819,611
21446,817,615
21447,815,618
21448,814,620
21449,813,623
21450,812,623
21451,813,624
21452,811,623
21453,811,625
21454,812,625
21455,811,626
21456,811,626
21457,810,628
21458,809,628
21459,811,629
21460,810,632
21461,809,633
21462,809,636
21463,810,637
21464,811,637
21465,812,638
21466,812,637
21467,814,638
21468,814,639
21469,814,640
21470,814,641
21471,816,642
21472,816,642
21473,818,642
21474,819,644
21475,819,644
21476,821,644
21477,821,644
21478,824,643
21479,824,644
21480,826,645
21481,826,644
21482,836,643
21483,843,642
21484,849,642
21485,854,640
21486,858,639
21487,863,639
21488,867,638
21489,872,638
21490,875,637
21491,879,637
21492,882,636
21493,887,635
21494,888,635
21495,892,634
21496,893,633
21497,895,633
21498,898,632
21499,900,633
21500,901,632
21501,903,632
21502,904,631
21503,906,631
21504,907,630
21505,910,630
21506,912,630
21507,912,630
21508,914,630
21509,915,629
21510,918,629
21511,918,629
21512,920,629
21513,921,629
21514,923,629
21515,924,629
21516,925,628
21517,927,628
21518,927,628
21519,930,628
21520,930,628
21521,933,628
21522,934,628
21523,935,628
21524,938,628
21525,937,629
21526,935,631
21527,932,634
21528,930,636
21529,929,638
21530,927,640
21531,927,642
21532,927,644
21533,925,645
21534,925,647
21535,924,648
21536,925,649
21537,926,651
21538,926,651
21539,926,653
21540,928,654
21541,927,655
21542,928,656
21543,930,657
21544,930,657
21545,931,658
21546,933,659
21547,933,659
21548,934,660
21549,937,661
21550,938,664
21551,939,667
21552,939,669
21553,942,671
21554,944,674
21555,945,677
21556,946,679
21557,948,681
21558,950,683
21559,950,685
21560,952,688
21561,953,690
21562,956,692
21563,957,694
21564,960,696
21565,961,698
21566,963,700
21567,964,702
21568,967,703
21569,968,705
21570,970,707
21571,972,708
21572,973,710
21573,976,711
21574,978,713
21575,978,714
21576,981,716
21577,983,718
21578,983,719
21579,985,721
21580,988,722
21581,990,724
21582,990,725
21583,993,726
21584,995,728
21585,996,729
21586,997,731
21587,1000,732
21588,1001,734
21589,1001,735
21590,1004,736
21591,1003,737
21592,1001,739
21593,999,740
21594,997,742
21595,994,742
21596,994,744
21597,993,747
21598,992,748
21599,991,751
21600,990,752
21601,990,756
21602,990,757
21603,990,761
21604,990,764
21605,990,765
21606,992,766
21607,992,767
21608,994,769
21609,995,771
21610,996,773
21611,998,775
21612,999,777
21613,1000,779
21614,1001,781
21615,1004,782
21616,1005,783
21617,1007,785
21618,1009,787
21619,1011,788
21620,1012,790
21621,1014,791
21622,1016,792
21623,1017,794
21624,1019,796
21625,1021,797
21626,1022,798
21627,1022,801
21628,1020,804
21629,1018,806
21630,1016,809
21631,1015,812
21632,1016,814
21633,1014,816
21634,1015,819
21635,1015,821
21636,1014,823
21637,1014,826
21638,1015,828
21639,1015,830
21640,1016,831
21641,1017,834
21642,1017,836
21643,1017,838
21644,1019,839
21645,1020,842
21646,1021,844
21647,1021,845
21648,1023,847
21649,1024,849
21650,1025,851
21651,1025,853
21652,1027,854
21653,1028,855
21654,1029,858
21655,1030,859
21656,1031,861
21657,1032,862
21658,1033,863
21659,1035,864
21660,1037,866
21661,1038,867
21662,1038,869
21663,1039,870
21664,1041,871
21665,1042,872
21666,1043,874
21667,1044,876
21668,1045,877
21669,1045,878
21670,1047,879
21671,1045,878
21672,1024,869
21673,1011,864
21674,974,846
21675,952,836
21676,933,828
21677,915,816
21678,900,807
21679,896,801
21680,896,796
21681,898,790
21682,900,783
21683,900,778
21684,899,773
21685,900,767
21686,901,761
21687,904,754
21688,906,747
21689,908,741
21690,910,734
21691,912,728
21692,914,721
21693,916,715
21694,918,708
21695,920,702
21698,869,696
21699,869,696
21700,869,696
21701,869,696
21702,869,696
21703,869,696
21704,869,696
21705,869,696
21706,869,696
21735,885,794
21736,885,794
21737,885,794
21738,865,782
21739,859,779
21740,853,775
21741,848,771
21742,842,768
21743,836,764
21744,830,761
21745,824,757
21746,818,753
21806,1106,913
21807,1106,914
21808,1107,915
21809,1107,915
21810,1108,916
21811,1109,917
21812,1110,918
21813,1110,918
21814,1110,919
21815,1112,920
21816,1112,921
21817,1112,922
21818,1112,922
21819,1112,922
21820,1112,922
21821,1113,923
21822,1113,923
21823,1114,923
21824,1114,923
21825,1114,924
21826,1114,924
21827,1114,924
21828,1114,924
21829,1114,924
21830,1114,924
21831,1114,924
21832,1114,924
21833,1114,924
21834,1114,924
21835,1114,924
21836,1116,924
21837,1117,923
21838,1117,922
21839,1117,919
21840,1117,917
21841,1117,915
21842,1118,912
21843,1118,910
21844,1118,908
21845,1118,906
21846,1118,904
21847,1123,869
21848,1122,865
21849,1124,862
21850,1122,861
21851,1122,859
21852,1124,861
21853,1123,861
21854,1122,862
21855,1124,864
21856,1123,867
21857,1122,869
21858,1122,870
21859,1123,870
21860,1121,871
21861,1121,874
21862,1122,872
21863,1121,872
21864,1122,872
21865,1123,872
21866,1123,871
21867,1124,869
21868,1124,868
21869,1123,868
21870,1123,869
21871,1122,869
21872,1122,870
21873,1121,871
21874,1118,870
21875,1114,869
21876,1109,866
21877,1103,861
21878,1096,852
21879,1090,846
21880,1086,839
21881,1083,835
21882,1081,830
21883,1078,825
21884,1076,820
21885,1073,815
21886,1073,816
21887,1070,813
21888,1067,810
21889,1068,806
21890,1067,803
21891,1065,803
21892,1066,799
21893,1064,796
21894,1063,794
21895,1062,791
21896,1061,788
21897,1060,785
21898,1062,789
21899,1062,788
21900,1060,788
21901,1059,788
21902,1060,787
21903,1059,787
21904,1059,787
21905,1059,787
21906,1058,787
21907,1058,787
21908,1058,787
21909,1058,787
21910,1058,788
21911,1058,788
21912,1058,789
21913,1060,790
21914,1060,791
21915,1060,794
21916,1059,795
21917,1061,795
21918,1064,793
21919,1067,791
21920,1069,789
21921,1072,787
21922,1073,787
21923,1075,787
21924,1076,786
21925,1078,786
21926,1079,785
21927,1081,785
21928,1082,784
21929,1084,784
21930,1085,783
21931,1087,783
21932,1088,782
21934,1097,787
21935,1084,780
21936,1104,785
21937,1097,777
21938,1098,773
21939,1102,773
21940,1105,771
21941,1108,769
21942,1111,767
21943,1114,765
21944,1116,762
21945,1119,760
21946,1122,758
21947,1092,743
21948,1090,738
21949,1093,739
21950,1093,738
21951,1094,737
21952,1095,736
21953,1095,734
21954,1095,734
21955,1097,732
21956,1096,731
21957,1096,731
21958,1095,730
21959,1094,731
21960,1093,731
21961,1092,732
21962,1091,732
21963,1090,732
21964,1089,733
21965,1095,732
21966,1095,733
21967,1094,733
21968,1093,735
21969,1094,741
21970,1093,745
21971,1092,747
21972,1093,749
21973,1093,753
21974,1092,755
21975,1090,758
21976,1088,761
21977,1088,765
21978,1088,770
21979,1088,773
21980,1089,775
21981,1089,779
21982,1089,781
21983,1090,784
21984,1089,786
21985,1090,789
21986,1090,791
21987,1090,794
21988,1091,796
21989,1091,798
21990,1092,801
21991,1092,803
21992,1093,805
21993,1094,807
21994,1095,810
21995,1095,812
21996,1096,813
21997,1096,814
21998,1093,815
21999,1074,815
22000,1051,813
22001,1032,812
22002,1010,807
22003,990,805
22004,976,804
22005,962,804
22006,950,803
22007,939,801
22008,929,800
22009,919,798
22010,912,797
22011,904,796
22012,895,795
22013,886,794
22014,889,791
22015,883,789
22016,878,787
22017,876,789
22018,871,789
22019,871,788
22020,868,787
22021,866,787
22022,866,784
22023,867,783
22024,865,783
22025,865,783
22026,865,782
22027,865,781
22028,865,781
22029,867,782
22030,867,781
22031,868,781
22032,871,781
22033,872,781
22034,873,781
22035,874,781
22036,875,780
22037,879,781
22038,880,782
22039,881,782
22040,881,781
22041,885,776
22042,887,772
22043,889,770
22044,891,765
22045,892,763
22046,893,759
22047,895,757
22048,897,753
22049,898,753
22050,899,750
22051,900,749
22052,901,746
22053,903,746
22054,905,744
22055,906,744
22056,906,742
22057,906,743
22058,908,742
22059,910,739
22060,914,736
22061,916,732
22062,919,729
22063,921,727
22064,923,723
22065,925,722
22066,927,721
22067,928,718
22068,930,718
22069,931,717
22070,932,715
22071,934,715
22072,936,712
22073,939,710
22074,942,708
22075,944,705
22076,946,703
22077,949,701
22078,950,700
22079,951,697
22080,953,697
22081,953,695
22082,955,695
22083,958,693
22084,961,690
22085,964,689
22086,965,687
22087,967,686
22088,968,684
22089,972,682
22090,973,682
22091,974,680
22092,975,680
22093,976,678
22094,979,676
22095,983,674
22096,984,673
22097,986,672
22098,987,670
22099,989,670
22100,991,668
22101,992,668
22102,988,666
22103,982,664
22104,977,661
22105,973,659
22106,968,658
22107,962,656
22108,959,654
22109,954,653
22110,948,652
22111,945,650
22112,939,651
22113,934,649
22114,930,648
22115,925,648
22116,919,647
22117,916,646
22118,911,646
22119,906,644
22120,901,642
22121,897,641
22122,893,640
22123,887,638
22124,884,637
22125,879,637
22126,874,636
22127,871,634
22128,867,632
22129,862,632
22130,857,630
22131,853,630
22132,850,629
22133,845,627
22134,842,626
22135,837,624
22136,833,623
22137,830,622
22138,826,622
22139,821,620
22140,817,620
22141,815,618
22142,811,618
22143,806,616
22144,803,615
22145,800,615
22146,796,613
22147,793,612
22148,790,612
22149,785,610
22150,783,609
22151,779,609
22152,775,608
22153,772,607
22154,770,606
22155,767,606
22156,763,604
22157,760,603
22158,758,603
22159,753,602
22160,751,602
22161,748,603
22162,744,601
22163,743,601
22164,739,601
22165,736,601
22166,734,601
22167,730,600
22168,727,601
22169,726,600
22170,722,599
22171,719,600
22172,718,600
22173,716,600
22174,712,599
22175,711,599
22176,708,599
22177,706,599
22178,703,598
22179,701,598
22180,700,598
22181,698,598
22182,695,597
22183,693,597
22184,691,597
22185,688,597
22186,686,597
22187,685,597
22188,684,597
22189,681,597
22190,680,597
22191,679,597
22192,677,597
22193,674,596
22194,672,597
22195,671,597
22196,670,596
22197,667,596
22198,665,596
22199,662,596
22200,670,595
22201,671,597
22202,671,597
22203,673,597
22204,673,597
22205,674,597
22206,675,598
22207,674,597
22208,676,597
22209,677,598
22210,677,598
22211,678,598
22212,678,599
22213,677,598
22214,678,598
22215,678,599
22216,678,598
22217,678,599
22218,677,599
22219,673,598
22220,667,597
22221,659,597
22222,653,597
22223,646,596
22224,641,594
22225,633,594
22226,624,594
22227,618,593
22228,611,593
22229,606,591
22230,602,589
22231,597,590
22232,594,589
22233,594,586
22234,601,585
22235,603,584
22236,602,582
22237,602,580
22238,603,577
22239,602,576
22240,601,575
22241,599,573
22242,598,572
22243,599,571
22244,599,570
22245,597,567
22246,597,568
22247,598,566
22248,597,567
22249,596,566
22250,597,564
22251,611,561
22252,629,555
22253,648,549
22254,665,544
22255,683,536
22256,699,531
22257,715,527
22258,731,524
22259,746,520
22260,762,515
22261,778,513
22262,793,511
22263,807,508
22264,820,506
22265,831,504
22266,842,502
22267,854,501
22268,864,499
22269,875,496
22270,885,495
22271,894,494
22272,903,493
22273,913,491
22274,921,490
22275,930,489
22276,939,489
22277,946,487
22278,956,486
22279,964,486
22280,971,485
22281,979,485
22282,986,484
22283,995,482
22284,1002,483
22285,1008,483
22286,1015,481
22287,1021,481
22288,1027,479
22289,1034,478
22290,1040,478
22291,1046,476
22292,1052,477
22293,1057,476
22294,1055,479
22295,1046,483
22296,1037,486
22297,1028,491
22298,1020,494
22299,1013,498
22300,1006,500
22301,1000,502
22302,993,505
22303,987,509
22304,982,511
22305,975,513
22306,970,517
22307,964,519
22308,960,521
22309,955,525
22310,951,526
22311,946,530
22312,942,531
22313,938,533
22314,935,537
22315,930,539
22316,927,541
22317,924,540
22318,923,540
22319,923,540
22320,921,539
22321,918,539
22322,916,539
22323,913,539
22324,912,539
22325,912,539
22326,910,540
22327,908,540
22328,906,541
22329,904,541
22330,902,541
22331,901,543
22332,898,544
22333,898,544
22334,896,546
22335,894,547
22336,892,546
22337,889,542
22338,887,536
22339,885,530
22340,881,524
22341,879,520
22342,878,514
22343,875,510
22344,872,507
22345,870,504
22346,867,501
22347,866,497
22348,863,494
22349,861,492
22350,858,489
22351,857,487
22352,855,485
22353,853,484
22354,851,482
22355,850,480
22356,847,479
22357,846,478
22358,843,476
22359,841,475
22360,840,474
22361,839,473
22362,836,472
22363,834,471
22364,833,470
22365,831,470
22366,829,469
22367,828,468
22368,826,468
22369,826,467
22370,825,466
22371,825,465
22372,818,464
22373,817,464
22374,816,464
22375,816,464
22376,814,463
22377,812,463
22378,810,463
22379,810,463
22380,808,462
22381,807,462
22382,807,462
22383,806,462
22384,804,462
22385,803,462
22386,799,462
22387,787,461
22388,769,460
22389,755,459
22390,741,459
22391,718,456
22392,700,455
22393,683,453
22394,666,452
22395,648,450
22396,637,446
22397,621,444
22398,606,442
22399,593,439
22400,580,436
22401,566,437
22402,554,435
22403,541,434
22404,528,432
22405,514,431
22406,501,430
22407,490,426
22408,477,425
22409,465,423
22410,452,421
22411,439,419
22412,427,418
22413,414,416
22414,401,414
22415,389,412
22417,435,427
22418,433,428
22419,432,429
22420,433,430
22421,432,431
22422,433,432
22423,434,435
22424,436,436
22425,436,437
22426,436,438
22427,440,438
22428,442,438
22429,443,442
22430,445,444
22431,446,446
22432,448,447
22433,451,448
22434,452,450
22435,454,452
22436,456,454
22437,456,455
22438,457,458
22439,460,460
22440,462,460
22441,463,461
22442,465,462
22443,466,460
22444,467,459
22445,468,460
22446,469,461
22447,468,459
22448,468,459
22449,468,459
22450,468,460
22451,469,460
22452,468,462
22453,470,462
22454,471,464
22455,470,465
22456,469,465
22457,471,465
22458,473,465
22459,472,466
22460,471,467
22461,473,467
22462,472,467
22463,473,468
22464,475,468
22465,473,468
22466,473,468
22467,473,468
22468,472,468
22469,476,470
22470,477,470
22471,475,470
22472,476,470
22473,477,470
22474,476,471
22475,476,470
22476,475,471
22477,474,470
22478,475,470
22479,475,471
22480,476,470
22481,476,471
22482,475,470
22483,476,470
22484,476,471
22485,475,470
22486,475,470
22487,476,505
22488,476,520
22489,476,509
22490,476,512
22491,476,515
22492,476,518
22493,476,521
22494,476,524
22495,476,527
22496,476,530
22497,476,534
22499,960,503
22500,962,503
22501,961,502
22502,960,502
22503,960,502
22504,961,502
22505,961,502
22506,961,502
22507,960,502
22508,960,503
22509,961,502
22510,961,502
22511,961,502
22512,961,502
22513,960,502
22514,960,503
22515,961,502
22516,961,502
22517,961,502
22518,961,502
22519,960,502
22520,960,502
22521,961,502
22522,961,502
22523,961,502
22524,961,502
22525,960,502
22526,960,502
22527,961,502
22528,961,502
22529,960,503
22530,961,502
22531,961,502
22532,960,503
22533,961,502
22534,961,502
22535,960,503
22536,961,502
22537,961,503
22538,960,502
22539,960,503
22540,961,502
22541,961,503
22542,960,503
22543,961,502
22544,961,503
22545,960,503
22546,961,502
22547,961,503
22548,960,503
22549,961,502
22550,961,503
22551,960,502
22552,960,503
22553,961,502
22554,962,503
22555,953,502
22556,939,502
22557,927,502
22558,917,501
22559,907,502
22560,899,501
22561,893,501
22562,886,501
22563,879,502
22564,874,501
22565,870,501
22566,866,502
22567,862,502
22568,858,501
22569,855,501
22570,852,502
22571,850,502
22572,848,503
22573,846,502
22574,845,501
22575,844,501
22576,843,501
22577,843,501
22578,842,501
22579,840,501
22580,840,501
22581,840,502
22582,840,502
22583,841,502
22584,841,502
22585,840,501
22586,840,502
22587,842,502
22588,843,501
22589,843,502
22590,844,503
22591,844,502
22592,846,502
22593,847,503
22594,848,503
22595,857,502
22596,870,500
22597,881,498
22598,893,497
22599,901,496
22600,910,496
22601,917,495
22602,924,494
22603,931,494
22604,936,493
22605,942,494
22606,947,493
22607,951,492
22608,955,493
22609,959,494
22610,962,494
22611,964,493
22612,965,492
22613,967,492
22614,967,491
22615,969,490
22616,969,490
22617,970,490
22618,969,489
22619,970,489
22620,971,490
22621,970,489
22622,971,489
22623,971,490
22624,969,490
22625,967,489
22626,964,486
22627,961,484
22628,959,482
22629,957,481
22630,956,480
22631,954,479
22632,951,477
22633,949,476
22634,947,475
22635,946,474
22636,945,473
22637,942,472
22638,941,471
22639,940,470
22640,939,469
22641,937,468
22642,936,467
22643,935,466
22644,933,466
22645,932,465
22646,931,464
22647,930,462
22648,927,460
22649,927,461
22650,926,460
22651,926,460
22652,924,459
22653,921,458
22654,917,457
22655,908,454
22656,897,452
22657,886,450
22658,878,447
22659,869,445
22660,863,443
22661,855,442
22662,850,440
22663,845,438
22664,840,436
22665,836,434
22666,832,433
22667,829,431
22668,826,430
22669,823,429
22670,820,427
22671,817,425
22672,814,424
22673,814,422
22674,813,420
22675,812,419
22676,810,416
22677,809,415
22678,810,413
22679,809,412
22680,808,412
22681,807,411
22682,807,409
22683,806,409
22684,805,407
22685,806,406
22686,807,405
22687,806,404
22688,807,403
22689,807,402
22690,807,400
22691,807,400
22692,808,399
22693,808,397
22694,809,396
22695,810,396
22696,811,394
22697,811,394
22698,811,393
22699,813,391
22700,813,391
22701,815,390
22702,814,389
22703,816,388
22704,817,387
22705,817,386
22706,817,386
22707,819,385
22708,820,383
22709,820,383
22710,823,382
22711,823,381
22712,824,381
22713,826,380
22714,825,379
22715,825,378
22716,826,378
22717,831,379
22718,837,380
22719,841,382
22720,844,383
22721,849,385
22722,850,387
22723,852,388
22724,855,389
22725,856,390
22726,856,391
22727,859,392
22728,859,393
22729,861,394
22730,861,395
22731,863,395
22732,864,396
22733,866,396
22734,867,398
22735,867,399
22736,869,400
22737,869,401
22738,869,402
22739,869,404
22740,870,406
22741,870,408
22742,870,409
22743,870,410
22744,869,410
22745,869,411
22746,869,411
22747,867,412
22748,865,413
22749,865,414
22750,864,415
22751,864,415
22752,862,416
22753,863,416
22754,861,418
22755,860,418
22756,860,419
22757,858,420
22758,858,421
22759,856,422
22760,855,423
22761,844,428
22762,838,431
22763,833,435
22764,830,438
22765,824,441
22766,821,446
22767,818,450
22768,814,455
22769,809,458
22770,807,462
22771,804,466
22772,801,469
22773,798,474
22774,796,478
22775,793,482
22776,791,487
22777,790,490
22778,787,493
22779,786,495
22780,784,498
22781,782,501
22782,782,504
22783,780,508
22784,779,512
22785,777,515
22786,777,517
22787,775,519
22788,774,523
22789,775,526
22790,775,528
22791,773,531
22792,773,533
22793,772,534
22794,772,537
22795,771,539
22796,772,541
22797,771,544
22798,771,547
22799,771,549
22800,771,553
22801,770,555
22802,771,557
22803,770,558
22804,771,559
22805,770,559
22806,771,560
22807,771,560
22808,771,561
22809,772,561
22810,771,561
22811,772,562
22812,772,563
22813,772,563
22814,773,563
22815,773,563
22816,774,563
22817,774,564
22818,774,563
22819,775,562
22820,775,561
22821,776,561
22822,776,560
22823,778,560
22824,778,561
22825,778,561
22826,778,562
22827,778,562
22828,779,563
22829,779,563
22830,780,564
22831,780,566
22832,780,566
22833,781,565
22834,781,564
22835,782,564
22836,784,564
22837,783,564
22838,784,564
22839,784,564
22840,784,565
22841,784,565
22842,786,565
22843,786,566
22844,786,566
22845,786,566
22846,788,566
22847,788,566
22848,788,565
22849,791,565
22850,796,564
22851,802,564
22852,804,564
22853,807,564
22854,809,565
22855,811,564
22856,811,564
22857,813,564
22858,814,565
22859,814,564
22860,814,564
22861,814,564
22862,815,565
22863,814,565
22864,815,565
22865,813,565
22866,814,565
22867,812,565
22868,812,565
22869,810,565
22870,811,565
22871,809,565
22872,809,565
22873,808,565
22874,808,565
22875,807,565
22876,807,565
22877,809,568
22878,812,573
22879,814,578
22880,818,581
22881,821,586
22882,823,589
22883,825,593
22884,827,598
22885,829,601
22886,831,606
22887,832,609
22888,833,612
22889,835,617
22890,837,621
22891,837,624
22892,837,626
22893,838,627
22894,839,629
22895,839,630
22896,839,633
22897,840,635
22898,839,637
22899,839,640
22900,839,641
22901,839,642
22902,838,642
22903,839,643
22904,838,645
22905,837,646
22906,838,647
22907,837,649
22908,835,650
22909,835,653
22910,835,655
22911,835,655
22912,835,656
22913,834,657
22914,832,657
22915,832,659
22916,832,660
22917,831,663
22918,830,662
22919,830,663
22920,829,664
22921,828,664
22922,828,666
22923,826,666
22924,827,667
22925,826,667
22926,826,667
22927,824,667
22928,823,668
22929,823,669
22930,822,670
22931,821,672
22932,821,673
22933,820,672
22934,820,673
22935,819,673
22936,819,673
22937,817,674
22938,816,675
22939,817,676
22940,815,676
22941,816,676
22942,814,677
22943,814,677
22944,813,678
22945,813,678
22946,812,679
22947,811,679
22948,811,679
22949,810,678
22950,809,680
22951,809,680
22952,809,681
22953,807,680
22954,807,683
22955,806,687
22956,805,692
22957,804,695
22958,805,698
22959,803,701
22960,802,705
22961,802,708
22962,800,711
22963,799,715
22964,800,719
22965,798,721
22966,797,725
22967,797,728
22968,797,731
22969,796,734
22970,795,738
22971,795,742
22972,794,744
22973,794,747
22974,794,751
22975,796,752
22976,797,754
22977,798,756
22978,797,757
22979,798,759
22980,797,760
22981,796,762
22982,796,764
22983,795,765
22984,795,767
22985,794,768
22986,793,770
22987,793,771
22988,792,773
22989,791,774
22990,791,775
22991,790,777
22992,789,778
22993,788,780
22994,787,781
22995,787,782
22996,786,783
22997,786,784
22998,787,784
22999,790,784
23000,793,784
23001,794,786
23002,796,787
23003,797,787
23004,798,787
23005,799,787
23006,799,788
23007,801,790
23008,802,790
23009,802,791
23010,804,792
23011,804,793
23012,804,794
23013,804,794
23014,804,795
23015,804,796
23016,805,796
23017,804,798
23018,805,799
23019,805,800
23020,804,799
23021,802,799
23022,801,799
23023,798,798
23024,795,798
23025,794,797
23026,791,797
23027,789,796
23028,787,796
23029,787,796
23030,785,796
23031,784,795
23032,783,795
23033,781,795
23034,781,795
23035,780,794
23036,779,794
23037,778,794
23038,776,794
23039,777,792
23040,769,784
23041,764,778
23042,754,761
23043,748,751
23044,743,743
23045,738,733
23046,733,724
23047,727,716
23048,724,706
23049,719,696
23050,715,687
23051,711,677
23052,711,673
23053,708,665
23054,708,656
23055,705,650
23056,703,644
23057,703,636
23058,700,632
23059,698,626
23060,698,620
23061,697,616
23062,696,609
23063,697,602
23064,696,598
23065,695,592
23066,696,586
23067,695,579
23068,696,572
23069,697,567
23070,696,560
23071,697,554
23072,697,549
23073,698,543
23074,698,541
23075,697,541
23076,697,540
23077,697,541
23078,696,540
23079,696,541
23080,696,540
23081,695,540
23082,695,540
23083,697,540
23084,698,538
23085,699,538
23086,699,536
23087,700,536
23088,700,535
23089,703,534
23090,703,534
23091,704,535
23092,705,534
23093,705,535
23094,707,535
23095,707,534
23096,709,533
23097,709,533
23098,711,533
23099,711,533
23100,711,532
23101,713,532
23102,714,533
23103,714,533
23104,715,533
23105,717,532
23106,717,532
23107,719,531
23108,719,532
23109,719,531
23110,720,532
23111,722,532
23112,722,532
23113,724,532
23114,724,532
23115,729,532
23116,737,533
23117,745,534
23118,752,536
23119,758,537
23120,764,538
23121,770,540
23122,775,540
23123,780,542
23124,784,543
23125,788,543
23126,792,545
23127,795,546
23128,799,549
23129,801,549
23130,804,553
23131,806,553
23132,808,555
23133,810,556
23134,811,557
23135,813,557
23136,812,556
23137,812,556
23138,813,555
23139,813,556
23140,813,555
23141,814,555
23142,814,555
23143,814,558
23144,813,562
23145,813,564
23146,812,567
23147,814,569
23148,813,572
23149,812,573
23150,811,573
23151,810,573
23152,809,575
23153,809,576
23154,809,578
23155,807,579
23156,807,580
23157,806,580
23158,806,582
23159,806,584
23160,805,584
23161,805,585
23162,804,585
23163,804,585
23164,804,586
23165,804,588
23166,806,593
23167,807,599
23168,810,605
23169,812,611
23170,814,616
23171,816,621
23172,817,625
23173,819,630
23174,820,633
23175,820,637
23176,821,640
23177,822,643
23178,823,646
23179,822,648
23180,824,650
23181,824,654
23182,823,656
23183,825,659
23184,824,661
23185,825,664
23186,824,666
23187,825,667
23188,824,670
23189,823,671
23190,824,673
23191,823,674
23192,824,675
23193,824,678
23194,823,679
23195,824,680
23196,823,680
23197,823,682
23198,824,684
23199,823,685
23200,824,686
23201,823,687
23202,823,688
23203,822,689
23204,823,690
23205,822,691
23206,821,693
23207,821,692
23208,821,693
23209,820,693
23210,820,694
23211,820,696
23212,819,697
23213,819,698
23214,819,701
23215,818,704
23216,817,709
23217,817,713
23218,816,718
23219,814,722
23220,813,728
23221,814,732
23222,813,738
23223,811,743
23224,812,747
23225,811,753
23226,809,756
23227,808,761
23228,807,766
23229,807,771
23230,807,775
23231,806,780
23232,805,785
23233,804,789
23234,803,793
23235,802,797
23236,802,802
23237,801,806
23238,800,811
23239,800,816
23240,799,820
23241,799,823
23242,799,826
23243,801,828
23244,802,829
23245,803,830
23246,805,832
23247,806,834
23248,806,836
23249,806,837
23250,806,838
23251,807,839
23252,808,842
23253,807,843
23254,807,844
23255,807,845
23256,806,846
23257,807,847
23258,806,848
23259,806,850
23260,806,851
23261,806,852
23262,806,853
23263,806,854
23264,806,855
23265,804,855
23266,802,854
23267,801,852
23268,799,851
23269,797,851
23270,795,850
23271,795,848
23272,793,846
23273,791,845
23274,791,844
23275,790,843
23276,789,842
23277,788,841
23278,788,840
23279,787,838
23280,785,837
23281,786,836
23282,785,836
23283,786,835
23284,786,835
23285,784,834
23286,783,835
23287,784,832
23288,785,830
23289,784,830
23290,782,830
23291,782,828
23292,782,827
23293,782,826
23294,772,822
23295,778,807
23296,756,809
23297,742,807
23298,733,803
23299,725,799
23300,719,795
23301,713,790
23302,707,786
23303,701,782
23304,697,778
23305,693,773
23306,690,770
23307,686,765
23308,683,762
23309,681,757
23310,679,754
23311,677,750
23312,675,747
23313,674,743
23314,672,740
23315,672,737
23316,670,734
23317,670,734
23318,670,731
23319,669,727
23320,668,725
23321,669,722
23322,667,718
23323,667,716
23324,668,712
23325,668,710
23326,667,707
23327,668,704
23328,669,702
23329,668,699
23330,669,697
23331,670,694
23332,670,692
23333,670,690
23334,672,688
23335,671,685
23336,673,682
23337,674,680
23338,673,677
23339,675,675
23340,676,674
23341,677,672
23342,677,669
23343,677,668
23344,679,665
23345,680,664
23346,680,661
23347,680,660
23348,683,658
23349,683,656
23350,683,654
23351,684,653
23352,686,651
23353,687,650
23354,687,648
23355,689,646
23356,690,645
23357,692,643
23358,692,641
23359,693,641
23360,696,639
23361,697,638
23362,697,636
23363,699,635
23364,701,634
23365,701,632
23366,702,632
23367,705,630
23368,705,629
23369,706,628
23370,707,626
23371,708,626
23372,709,625
23373,711,625
23374,711,623
23375,713,622
23376,715,620
23377,716,620
23378,716,618
23379,718,617
23380,719,617
23381,719,616
23382,720,615
23383,721,615
23384,721,613
23385,722,613
23386,724,612
23387,724,611
23388,725,611
23389,726,610
23390,726,610
23391,726,609
23392,728,609
23393,728,610
23394,728,609
23395,729,609
23396,730,610
23397,730,609
23398,731,609
23399,732,610
23400,731,609
23401,732,609
23402,734,609
23403,733,609
23404,734,609
23405,735,610
23406,735,610
23407,734,609
23408,736,609
23409,737,610
23410,737,609
23411,738,609
23412,737,609
23413,739,609
23414,739,610
23415,738,609
23416,741,610
23417,747,616
23418,755,623
23419,762,629
23420,768,634
23421,774,639
23422,779,644
23423,785,648
23424,789,652
23425,793,656
23426,798,660
23427,801,664
23428,803,667
23429,807,670
23430,809,674
23431,811,680
23432,812,685
23433,813,692
23434,815,697
23435,816,702
23436,816,706
23437,818,711
23438,819,717
23439,819,722
23440,819,728
23441,819,733
23442,819,740
23443,819,745
23444,820,749
23445,819,754
23446,819,759
23447,819,764
23448,818,769
23449,817,775
23450,818,781
23451,816,784
23452,815,789
23453,817,796
23454,816,799
23455,815,798
23456,815,798
23457,817,790
23458,817,787
23459,817,782
23460,817,779
23461,818,776
23462,818,773
23463,819,770
23464,819,767
23465,819,765
23466,819,764
23467,819,762
23468,819,759
23469,819,757
23470,819,755
23471,819,753
23472,819,751
23473,820,748
23474,820,746
23479,822,751
23480,822,751
23481,822,751
23482,824,749
23483,825,748
23484,826,748
23485,827,747
23486,827,747
23487,825,753
23488,824,756
23489,826,757
23490,827,758
23491,828,760
23492,827,764
23493,826,766
23494,826,768
23495,826,769
23496,829,773
23497,828,775
23498,828,777
23499,828,779
23500,831,783
23501,830,787
23502,830,790
23503,832,792
23504,832,797
23505,831,803
23506,831,808
23507,831,813
23508,834,815
23509,834,820
23510,834,827
23511,833,830
23512,835,832
23513,837,835
23514,836,844
23515,836,851
23516,836,854
23517,838,859
23518,837,863
23519,836,862
23520,835,859
23521,836,856
23522,835,854
23523,834,852
23524,833,851
23525,834,851
23526,835,848
23527,834,846
23528,833,845
23529,833,845
23530,832,844
23531,829,844
23532,823,845
23533,817,847
23534,812,850
23535,807,851
23536,804,852
23537,800,854
23538,796,857
23539,794,859
23540,792,861
23541,789,863
23542,788,866
23543,785,869
23544,785,872
23545,784,876
23546,782,879
23547,783,877
23548,783,875
23549,785,872
23550,784,869
23551,784,868
23552,783,866
23553,785,864
23554,785,862
23555,785,860
23556,785,859
23557,788,856
23558,789,855
23559,790,853
23560,791,851
23561,793,850
23562,794,849
23563,795,846
23564,796,845
23565,797,844
23566,801,843
23567,802,843
23568,802,842
23569,803,842
23570,804,842
23571,807,839
23572,808,837
23573,815,828
23574,823,819
23575,828,811
23576,832,802
23577,836,794
23578,837,783
23579,840,773
23580,843,763
23581,848,760
23582,852,754
23583,854,746
23584,855,738
23585,857,730
23586,858,722
23587,860,715
23588,863,707
23589,865,700
23590,866,694
23591,867,688
23592,868,681
23593,869,675
23594,870,668
23595,871,663
23596,873,656
23597,873,649
23598,874,644
23599,874,638
23600,876,632
23601,877,628
23602,877,622
23603,877,618
23604,878,612
23605,879,607
23606,879,602
23607,879,597
23608,879,593
23609,881,588
23610,880,583
23611,881,580
23612,880,575
23613,882,571
23614,881,566
23615,881,564
23616,883,560
23617,882,559
23618,882,559
23619,882,559
23620,883,559
23621,883,559
23622,882,558
23623,882,558
23624,882,558
23625,881,557
23626,882,557
23627,880,559
23628,876,563
23629,873,567
23630,872,571
23631,871,574
23632,868,577
23633,868,580
23634,867,584
23635,865,587
23636,866,589
23637,865,593
23638,864,595
23639,865,597
23640,864,601
23641,864,603
23642,865,604
23643,865,608
23644,865,609
23645,867,608
23646,869,607
23647,870,605
23648,872,605
23649,873,605
23650,871,606
23651,868,609
23652,865,611
23653,864,612
23654,861,615
23655,859,616
23656,858,617
23657,856,620
23658,855,622
23659,854,624
23660,853,626
23661,852,628
23662,851,631
23663,850,632
23664,851,632
23665,853,631
23666,853,632
23667,854,632
23668,855,633
23669,856,633
23670,856,634
23671,857,635
23672,859,636
23673,859,638
23674,859,638
23675,862,639
23676,862,638
23677,864,638
23678,849,641
23679,839,643
23680,828,646
23681,817,648
23682,807,650
23683,799,653
23684,790,656
23685,783,659
23686,777,660
23687,770,661
23688,765,662
23689,761,663
23690,755,666
23691,751,667
23692,746,668
23693,743,671
23694,739,675
23695,736,679
23696,734,683
23697,730,686
23698,728,689
23699,727,693
23700,724,696
23701,722,700
23702,721,703
23703,720,706
23704,718,709
23705,716,713
23706,715,715
23707,715,718
23708,714,722
23709,712,725
23710,713,728
23711,712,731
23712,713,734
23713,712,736
23714,712,740
23715,713,742
23716,712,746
23717,712,748
23718,712,751
23719,713,754
23720,712,756
23721,714,757
23722,715,760
23723,716,763
23724,717,765
23725,715,767
23726,719,770
23727,715,773
23728,715,775
23729,715,778
23730,717,780
23731,718,782
23732,722,783
23733,727,780
23734,731,776
23735,737,772
23736,743,769
23737,748,765
23738,753,762
23739,757,758
23740,762,756
23741,766,753
23742,770,750
23743,776,748
23744,780,746
23745,783,743
23746,788,740
23747,792,738
23748,797,734
23749,800,731
23750,803,731
23751,807,729
23752,810,726
23753,813,726
23754,817,723
23755,820,721
23756,824,718
23757,827,717
23758,830,715
23759,833,713
23760,836,711
23761,839,710
23762,842,708
23763,846,707
23764,849,705
23765,852,704
23766,856,702
23767,859,701
23768,861,699
23769,864,697
23770,867,694
23771,870,693
23772,872,691
23773,876,689
23774,879,688
23775,880,685
23776,883,685
23777,887,683
23778,888,681
23779,891,681
23780,894,681
23781,896,681
23782,898,680
23783,900,678
23784,902,676
23785,905,675
23786,908,674
23787,909,672
23788,912,672
23789,913,671
23790,917,670
23791,919,669
23792,921,667
23793,923,667
23794,925,665
23795,929,657
23796,930,644
23797,930,632
23798,929,619
23799,929,609
23800,928,596
23801,928,586
23802,929,576
23803,929,567
23804,928,556
23805,927,547
23806,929,537
23807,929,531
23808,929,524
23809,929,520
23810,928,517
23811,927,512
23812,927,511
23813,928,508
23814,928,506
23815,927,503
23816,927,501
23817,927,500
23818,927,498
23819,927,497
23820,926,494
23821,927,492
23822,927,490
23823,926,487
23824,926,486
23825,928,484
23826,928,484
23827,928,482
23828,929,480
23829,928,481
23830,929,480
23831,929,480
23832,929,478
23833,930,478
23834,930,476
23835,930,476
23836,932,474
23837,933,474
23838,932,472
23839,933,472
23840,935,471
23841,935,471
23842,935,470
23843,934,470
23844,934,471
23845,936,471
23846,937,470
23847,939,468
23848,938,468
23849,939,468
23850,938,467
23851,939,467
23852,940,467
23853,940,468
23854,939,467
23855,941,468
23856,943,468
23857,943,468
23858,945,468
23859,954,467
23860,965,464
23861,974,462
23862,984,459
23863,989,456
23864,997,453
23865,1004,451
23866,1012,448
23867,1012,448
23868,1018,446
23869,1023,444
23870,1026,442
23871,1031,440
23872,1035,438
23873,1036,441
23874,1038,440
23875,1041,439
23876,1044,438
23877,1046,437
23878,1046,435
23879,1047,437
23880,1048,436
23881,1050,436
23882,1051,439
23883,1052,437
23884,1053,439
23885,1053,438
23886,1053,440
23887,1053,442
23888,1055,441
23889,1055,443
23890,1055,443
23891,1056,445
23892,1055,447
23893,1055,449
23894,1054,451
23895,1055,452
23896,1053,452
23897,1051,451
23898,1048,449
23899,1047,447
23900,1045,446
23901,1042,443
23902,1039,440
23903,1039,437
23904,1038,436
23905,1036,432
23906,1036,429
23907,1034,429
23908,1033,425
23909,1033,422
23910,1031,422
23911,1032,419
23912,1030,419
23913,1029,417
23914,1029,415
23915,1028,416
23916,1027,414
23917,1028,413
23918,1027,414
23919,1026,412
23920,1025,411
23921,1026,411
23922,1025,412
23923,1024,411
23924,1023,411
23925,1024,410
23926,1024,411
23927,1023,411
23928,1023,409
23929,1022,407
23930,1023,404
23931,1023,403
23932,1022,399
23933,1022,398
23934,1020,401
23935,1017,405
23936,1014,410
23937,1010,414
23938,1008,420
23939,1006,424
23940,1003,428
23941,1003,432
23942,1001,438
23943,999,441
23944,997,445
23945,996,449
23946,995,455
23947,993,458
23948,992,460
23949,991,463
23950,991,467
23951,989,469
23952,990,470
23953,989,474
23954,988,476
23955,986,479
23956,987,481
23957,986,485
23958,985,487
23959,985,491
23960,985,495
23961,984,497
23962,985,499
23963,984,500
23964,983,503
23965,983,506
23966,983,508
23967,983,510
23968,982,512
23969,983,513
23970,982,514
23971,983,516
23972,981,517
23973,982,518
23974,982,520
23975,983,521
23976,982,523
23977,980,525
23978,979,528
23979,981,530
23980,983,531
23981,981,531
23982,977,526
23983,973,521
23984,968,516
23985,963,511
23986,961,506
23987,958,502
23988,955,498
23989,952,494
23990,951,489
23991,948,486
23992,946,483
23993,946,479
23994,944,477
23995,944,473
23996,942,471
23997,942,468
23998,941,466
23999,939,463
24000,938,461
24001,939,459
24002,939,457
24003,938,455
24004,939,452
24005,939,451
24006,938,448
24007,939,446
24008,939,445
24009,938,443
24010,939,440
24011,939,439
24012,940,438
24013,939,436
24014,940,434
24015,942,433
24016,942,432
24017,942,430
24018,943,429
24019,943,427
24020,943,426
24021,945,424
24022,945,422
24023,946,421
24024,948,420
24025,947,419
24026,944,420
24027,942,419
24028,940,420
24029,940,421
24030,940,422
24031,942,423
24032,941,424
24033,940,425
24034,940,427
24035,939,428
24036,939,429
24037,940,430
24038,941,430
24039,941,431
24040,942,432
24041,939,430
24042,939,431
24043,940,431
24044,940,432
24045,939,432
24046,940,433
24047,939,433
24048,940,433
24049,940,433
24050,940,432
24051,938,432
24052,937,433
24053,937,433
24054,935,434
24055,935,434
24056,934,434
24057,934,433
24058,934,433
24059,934,434
24060,937,435
24061,941,436
24062,946,436
24063,948,437
24064,954,437
24065,957,438
24066,964,438
24067,970,439
24068,975,439
24069,980,441
24070,984,440
24071,988,441
24072,992,443
24073,995,443
24074,999,443
24075,1003,444
24076,1006,447
24077,1010,448
24078,1014,448
24079,1017,450
24080,1020,451
24081,1022,452
24082,1024,452
24083,1026,453
24084,1028,452
24085,1030,453
24086,1033,453
24087,1034,454
24088,1035,454
24089,1038,454
24090,1039,456
24091,1040,457
24092,1043,458
24093,1044,459
24094,1046,460
24095,1047,460
24096,1047,460
24097,1047,461
24098,1046,462
24099,1043,464
24100,1040,465
24101,1040,466
24102,1037,467
24103,1036,468
24104,1033,469
24105,1032,470
24106,1030,470
24107,1031,471
24108,1032,472
24109,1031,473
24110,1030,473
24111,1032,474
24112,1032,475
24113,1033,476
24114,1035,476
24115,1035,477
24116,1036,477
24117,1036,477
24118,1036,477
24119,1038,478
24120,1040,478
24121,1040,478
24122,1042,479
24123,1042,479
24124,1043,480
24125,1045,480
24126,1045,480
24127,1046,481
24128,1049,481
24129,1049,481
24130,1052,481
24131,1052,481
24132,1052,482
24133,1055,482
24134,1055,482
24135,1056,483
24136,1057,483
24137,1058,483
24138,1055,483
24139,1041,482
24140,1024,481
24141,1008,480
24142,993,480
24143,992,481
24144,999,483
24145,1006,484
24146,1014,485
24147,1021,488
24148,1027,490
24149,1035,491
24150,1042,493
24151,1048,497
24152,1054,498
24153,1060,499
24154,1066,500
24155,1072,502
24156,1079,505
24157,1084,506
24158,1090,509
24159,1095,511
24160,1100,512
24161,1106,513
24162,1110,517
24163,1115,519
24164,1119,521
24165,1123,523
24166,1128,525
24167,1131,530
24168,1134,531
24169,1137,533
24170,1137,534
24171,1139,536
24172,1140,537
24173,1141,543
24174,1142,543
24175,1142,544
24176,1144,547
24177,1143,548
24178,1143,547
24179,1143,545
24180,1141,543
24181,1139,541
24182,1140,540
24183,1139,540
24184,1139,540
24185,1137,538
24186,1138,537
24187,1137,538
24188,1135,538
24189,1136,537
24190,1135,539
24191,1134,539
24192,1133,538
24193,1135,538
24194,1134,540
24195,1133,541
24196,1132,542
24197,1132,544
24198,1132,544
24199,1133,545
24200,1132,547
24201,1131,548
24202,1130,549
24203,1129,548
24204,1128,547
24205,1128,546
24206,1129,545
24207,1130,545
24208,1130,544
24209,1130,545
24210,1130,544
24211,1132,544
24212,1132,544
24213,1132,545
24214,1134,545
24215,1134,546
24216,1135,546
24217,1136,548
24218,1136,548
24219,1137,548
24220,1138,547
24221,1138,546
24222,1138,546
24223,1139,545
24224,1140,544
24225,1141,545
24226,1141,545
24227,1142,545
24228,1143,546
24229,1143,546
24230,1143,547
24231,1145,547
24232,1146,549
24233,1146,549
24234,1146,549
24235,1144,547
24236,1139,545
24237,1135,544
24238,1130,542
24239,1126,541
24240,1124,540
24241,1120,540
24242,1118,539
24243,1115,538
24244,1114,537
24245,1112,537
24246,1110,536
24247,1110,535
24248,1109,535
24249,1107,535
24250,1106,535
24251,1107,534
24252,1107,534
24253,1106,533
24254,1107,533
24255,1107,534
24256,1106,533
24257,1107,533
24258,1108,533
24259,1108,533
24260,1108,533
24261,1109,533
24262,1109,532
24263,1110,533
24264,1112,533
24265,1112,533
24266,1113,533
24267,1113,533
24268,1112,532
24269,1104,529
24270,1096,527
24271,1087,524
24272,1081,521
24273,1075,519
24274,1069,518
24275,1064,516
24276,1060,515
24277,1056,513
24278,1051,511
24279,1048,510
24280,1047,508
24281,1045,507
24282,1043,507
24283,1042,505
24284,1039,503
24285,1037,503
24286,1037,502
24287,1036,502
24288,1034,501
24289,1034,500
24290,1034,500
24291,1034,500
24292,1032,499
24293,1033,499
24294,1033,499
24295,1033,498
24296,1034,497
24297,1034,497
24298,1034,497
24299,1035,496
24300,1036,496
24301,1036,495
24302,1036,495
24303,1037,496
24304,1041,495
24305,1049,496
24306,1059,496
24307,1068,497
24308,1074,497
24309,1078,497
24310,1083,498
24311,1087,499
24312,1091,500
24313,1095,500
24314,1099,501
24315,1102,501
24316,1102,502
24317,1104,503
24318,1109,503
24319,1114,504
24320,1115,503
24321,1118,505
24322,1121,507
24323,1126,509
24324,1127,509
24325,1128,509
24326,1131,507
24327,1131,505
24328,1133,504
24329,1134,504
24330,1137,502
24331,1139,502
24332,1139,501
24333,1141,500
24334,1142,500
24335,1143,500
24336,1145,500
24337,1146,500
24338,1147,499
24339,1149,498
24340,1150,498
24341,1151,498
24342,1152,498
24343,1152,497
24344,1153,498
24345,1152,497
24346,1152,497
24347,1152,497
24348,1150,496
24349,1150,497
24350,1149,496
24351,1148,497
24352,1149,487
24353,1149,489
24354,1148,492
24355,1148,492
24356,1149,492
24357,1147,493
24358,1149,497
24359,1148,498
24360,1147,497
24361,1147,498
24362,1149,499
24363,1151,501
24364,1152,504
24365,1153,505
24366,1154,508
24367,1156,509
24368,1157,510
24369,1157,511
24370,1158,512
24371,1159,514
24372,1158,515
24373,1160,515
24374,1159,516
24375,1160,517
24376,1160,517
24377,1161,518
24378,1160,518
24379,1161,519
24380,1160,519
24381,1160,519
24382,1160,520
24383,1160,520
24384,1159,520
24385,1160,520
24386,1159,521
24387,1157,521
24388,1156,522
24389,1156,523
24390,1155,524
24391,1155,525
24392,1154,525
24393,1152,526
24394,1152,527
24395,1153,527
24396,1151,527
24397,1151,528
24398,1150,528
24399,1150,528
24400,1149,528
24401,1150,528
24402,1149,529
24403,1148,528
24404,1149,528
24405,1147,528
24406,1147,529
24407,1146,528
24408,1148,528
24409,1148,529
24410,1147,529
24411,1146,528
24412,1147,528
24413,1146,528
24414,1145,529
24415,1146,528
24416,1144,529
24417,1143,528
24418,1140,526
24419,1137,524
24420,1135,523
24421,1134,522
24422,1131,521
24423,1129,520
24424,1126,518
24425,1126,518
24426,1123,516
24427,1123,515
24428,1122,515
24429,1121,515
24430,1124,515
24431,1124,516
24432,1123,516
24433,1123,517
24434,1124,517
24435,1124,517
24436,1126,518
24437,1124,518
24438,1121,516
24439,1118,513
24440,1115,510
24441,1113,508
24442,1139,504
24443,1154,500
24444,1169,496
24445,1184,493
24446,1198,489
24447,1213,485
24448,1228,482
24449,1243,478
24450,1258,474
24452,1106,500
24453,1106,499
24454,1107,498
24455,1107,498
24456,1106,498
24457,1106,497
24458,1105,497
24459,1105,497
24460,1106,497
24461,1106,496
24462,1106,496
24463,1107,496
24464,1106,496
24465,1106,496
24466,1107,496
24467,1107,495
24468,1107,496
24469,1108,496
24470,1108,496
24471,1109,496
24472,1109,497
24473,1108,496
24474,1109,497
24475,1110,497
24476,1110,496
24477,1110,497
24478,1110,496
24479,1110,497
24480,1112,497
24481,1111,497
24482,1112,497
24483,1112,497
24484,1113,497
24485,1112,497
24486,1113,497
24487,1113,497
24488,1113,497
24489,1114,497
24490,1114,497
24491,1113,497
24492,1115,497
24493,1114,497
24494,1115,497
24495,1114,497
24496,1115,498
24497,1117,497
24498,1117,496
24499,1116,497
24500,1120,496
24501,1119,495
24502,1119,496
24503,1104,498
24504,1086,498
24505,1066,498
24506,1047,498
24507,1027,497
24508,1025,500
24509,1034,503
24510,1045,505
24511,1053,503
24512,1060,499
24513,1066,495
24514,1073,494
24515,1082,491
24516,1089,487
24517,1095,485
24518,1102,483
24519,1109,480
24520,1116,477
24521,1123,475
24522,1130,472
24523,1137,470
24524,1117,482
24525,1109,506
24526,1108,511
24527,1108,512
24528,1107,515
24529,1106,519
24530,1104,523
24531,1103,526
24532,1102,530
24533,1105,513
24534,1105,512
24535,1104,511
24536,1104,511
24537,1104,510
24538,1104,509
24539,1103,508
24540,1101,475
24541,1100,474
24542,1102,472
24543,1103,471
24544,1102,469
24545,1103,467
24546,1103,465
24547,1103,464
24548,1103,461
24549,1103,459
24550,1103,458
24551,1103,456
24552,1103,454
24553,1103,452
24554,1103,451
24555,1107,452
24556,1108,453
24557,1107,451
24558,1107,452
24559,1107,453
24560,1107,453
24561,1107,454
24562,1109,453
24563,1109,454
24564,1109,453
24565,1108,452
24566,1108,453
24567,1108,455
24568,1108,455
24569,1107,455
24570,1107,456
24571,1106,456
24572,1106,456
24573,1106,456
24574,1120,471
24575,1122,475
24576,1125,478
24577,1128,481
24578,1119,464
24579,1117,464
24580,1119,465
24581,1099,451
24582,1078,447
24583,1058,447
24584,1038,447
24585,1020,446
24586,1001,445
24587,983,445
24588,964,444
24589,946,443
24590,927,446
24591,910,445
24592,892,445
24593,875,445
24594,861,443
24595,845,443
24596,828,442
24597,812,442
24598,796,441
24599,779,440
24600,763,440
24601,747,439
24602,731,438
24604,1165,427
24605,1170,426
24606,1173,426
24607,1180,425
24608,1187,424
24609,1193,423
24610,1198,422
24611,1204,421
24612,1210,420
24613,1216,420
24614,1222,419
24615,1228,418
24616,1234,417
24618,707,371
24619,707,371
24620,711,362
24621,714,356
24622,717,351
24623,720,345
24624,723,340
24625,718,339
24626,719,334
24627,719,330
24628,720,326
24629,721,321
24630,721,318
24631,722,316
24632,722,313
24633,722,308
24634,722,305
24635,722,302
24636,722,300
24637,722,297
24638,721,294
24639,721,291
24640,721,289
24641,720,286
24642,720,284
24643,721,283
24644,721,282
24645,720,279
24646,720,277
24647,719,276
24648,719,275
24649,718,274
24650,718,272
24651,716,271
24652,714,270
24653,714,270
24654,711,270
24655,708,270
24656,707,270
24657,705,271
24658,703,270
24659,702,271
24660,700,271
24661,700,271
24662,698,272
24663,696,272
24664,694,272
24665,692,275
24666,691,276
24667,689,277
24668,688,277
24669,686,279
24670,685,280
24671,685,280
24672,683,284
24673,682,285
24674,680,287
24675,678,289
24676,677,291
24677,675,293
24678,676,295
24679,675,299
24680,673,301
24681,671,303
24682,669,305
24683,668,306
24684,669,311
24685,668,315
24686,666,317
24687,664,320
24688,664,322
24689,663,326
24690,660,329
24691,660,332
24692,658,335
24693,657,339
24694,655,338
24695,656,336
24696,655,332
24697,654,327
24698,655,322
24699,654,318
24700,653,314
24701,653,309
24702,652,305
24703,652,301
24704,654,301
24705,654,297
24706,653,292
24707,653,288
24708,653,285
24709,652,281
24710,652,277
24711,652,274
24712,652,274
24713,652,272
24714,652,269
24715,652,268
24716,652,266
24717,652,264
24718,652,262
24719,652,260
24720,652,258
24721,652,256
24722,652,255
24723,652,254
24724,652,252
24725,652,251
24726,652,250
24727,652,249
24728,652,247
24729,652,246
24730,652,245
24731,652,244
24732,652,243
24733,652,241
24734,652,240
24735,652,239
24736,652,238
24737,652,237
24739,653,247
24740,653,247
24741,653,247
24742,653,247
24743,653,247
24744,653,247
24745,653,247
24746,653,252
24747,653,253
24748,653,254
24749,655,255
24750,656,256
24751,655,260
24752,655,262
24753,655,264
24754,654,266
24755,654,268
24756,654,270
24757,656,271
24758,657,273
24759,656,276
24760,656,278
24761,657,280
24762,657,283
24763,656,280
24764,656,277
24765,655,274
24766,657,271
24767,657,269
24768,656,267
24769,656,265
24770,656,263
24771,656,260
24772,655,258
24773,655,256
24774,655,254
24775,655,251
24776,654,249
24777,654,247
24778,654,245
24779,654,242
24780,654,240
24781,653,238
24782,653,236
24783,655,239
24784,656,237
24785,656,236
24786,655,237
24787,655,237
24788,654,236
24789,654,236
24790,654,235
24791,654,234
24792,654,234
24793,653,233
24794,653,233
24814,883,187
24815,883,187
24816,883,187
24817,883,187
24818,883,187
24819,883,187
24820,883,187
24821,883,187
24822,883,187
24828,724,94
24829,724,94
24830,724,94
24831,724,94
24832,724,94
24833,724,94
24834,724,94
24835,724,94
24836,721,94
24837,721,94
24838,722,94
24839,721,94
24840,722,94
24841,721,94
24842,722,94
24843,721,94
24844,722,94
24845,721,94
24846,722,94
24847,721,94
24848,722,94
24849,721,94
24850,722,94
24851,721,94
24852,722,94
24853,721,94
24854,722,94
24855,721,94
24856,722,94
24857,721,94
24858,722,94
24859,721,94
24860,722,94
24861,721,94
24862,722,94
24863,721,94
24864,722,94
24865,721,94
24866,722,94
24867,721,94
24868,720,94
24869,721,94
24870,721,94
24871,720,94
24872,722,94
24873,721,94
24874,720,94
24875,722,94
24876,721,94
24877,720,94
24878,722,94
24879,721,94
24880,720,94
24881,722,94
24882,721,94
24883,720,94
24884,722,94
24885,721,94
24886,720,94
24887,722,94
24888,721,94
24889,720,94
24890,722,94
24891,721,94
24892,720,94
24893,722,94
24894,721,94
24895,722,94
24896,721,94
24897,722,94
24898,721,94
24899,722,94
24900,721,94
24901,722,94
24902,721,94
24903,722,94
24904,721,94
24905,722,94
24906,722,94
24907,722,94
24908,722,94
24909,721,95
24910,722,94
24911,722,94
24912,723,94
24913,723,94
24914,724,94
24915,722,94
24916,724,94
24917,722,94
24918,723,95
24919,722,95
24920,723,95
24921,723,95
24922,724,95
24923,723,95
24924,725,95
24925,724,95
24926,725,95
24927,724,95
24928,726,95
24929,725,95
24930,724,95
24931,725,95
24932,724,95
24933,727,96
24934,728,96
24935,729,96
24936,731,96
24937,737,100
24938,740,102
24939,742,102
24940,745,103
24941,747,103
24942,750,104
24943,752,105
24944,755,106
24945,757,106
24946,759,107
24947,761,108
24948,765,109
24949,767,110
24950,768,111
24951,772,112
24952,774,113
24953,776,114
24954,778,115
24955,780,116
24956,782,116
24957,784,117
24958,785,118
24959,786,118
24960,790,119
24961,792,121
24962,794,122
24963,796,123
24964,799,125
24965,801,126
24966,803,127
24967,805,129
24968,808,130
24969,810,131
24972,818,128
24973,821,130
24974,824,131
24975,826,133
24976,827,133
24977,831,134
24978,834,135
24979,836,134
24980,839,135
24981,840,135
24982,842,137
24983,844,137
24984,846,139
24985,848,139
24986,851,140
24987,853,141
24988,854,142
24989,857,143
24990,858,143
24991,861,143
24992,863,145
24993,865,146
24994,866,146
24995,868,147
24996,869,148
24997,872,149
24998,873,150
24999,873,150
25000,876,151
25001,876,152
25002,879,152
25003,881,153
25004,882,154
25005,882,155
25006,881,155
25007,881,155
25008,880,155
25009,879,155
25010,882,155
25011,886,157
25012,891,159
25013,897,160
25014,900,160
25015,905,160
25016,909,161
25017,912,162
25018,916,163
25019,921,165
25020,924,165
25021,927,166
25022,930,166
25023,935,167
25024,938,167
25025,941,168
25026,944,169
25027,948,170
25028,951,171
25029,954,172
25030,957,172
25031,960,174
25032,964,175
25033,966,175
25034,968,176
25035,972,177
25036,975,178
25037,978,178
25038,980,179
25039,982,179
25040,985,180
25041,987,181
25042,989,181
25043,991,182
25044,993,182
25045,995,182
25046,998,183
25047,999,183
25048,1001,184
25049,1003,186
25050,1005,187
25051,1007,189
25052,1011,190
25053,1010,190
25054,1011,190
25055,1012,191
25056,1018,195
25057,1021,197
25058,1019,227
25059,1020,241
25060,1021,256
25061,1021,271
25062,1022,286
25063,1023,301
25064,1023,315
25065,1024,330
25066,1025,345
25068,1037,189
25069,1036,188
25070,1039,189
25071,1040,189
25072,1041,189
25073,1042,189
25074,1043,188
25075,1044,187
25076,1045,187
25077,1046,187
25078,1047,187
25079,1050,187
25080,1053,187
25081,1055,186
25082,1058,186
25083,1049,187
25084,1052,187
25085,1075,189
25086,1091,190
25087,1107,191
25088,1122,192
25089,1138,193
25090,1154,194
25091,1169,195
25092,1185,197
25093,1201,198
25095,1052,190
25096,1050,189
25097,1048,190
25098,1047,191
25099,1043,191
25100,1040,193
25101,1036,192
25102,1035,191
25103,1031,192
25104,1029,191
25105,1027,191
25106,1025,191
25107,1022,191
25108,1022,191
25109,1019,191
25110,1018,192
25111,1016,193
25112,1014,194
25113,1012,193
25114,1011,193
25115,1009,193
25116,1008,194
25117,1007,195
25118,1008,196
25119,1008,197
25120,1007,198
25121,1007,199
25122,1008,201
25123,1011,203
25124,1012,204
25125,1015,206
25126,1019,206
25127,1021,206
25128,1024,207
25129,1028,208
25130,1030,207
25131,1035,208
25132,1038,207
25133,1041,206
25134,1045,208
25135,1048,209
25136,1051,210
25137,1054,210
25138,1057,210
25139,1060,210
25140,1062,210
25141,1064,211
25142,1066,211
25143,1068,212
25144,1070,212
25145,1072,212
25146,1074,213
25147,1076,213
25148,1078,213
25149,1079,213
25150,1081,213
25151,1084,213
25152,1084,213
25153,1085,214
25154,1088,214
25155,1088,214
25156,1089,214
25157,1091,214
25158,1091,214
25159,1093,215
25160,1094,215
25161,1096,215
25162,1096,215
25163,1095,214
25164,1097,215
25165,1097,215
25166,1099,215
25167,1099,215
25168,1101,215
25169,1101,217
25170,1102,217
25171,1103,217
25172,1104,217
25173,1104,217
25174,1105,217
25175,1106,218
25176,1107,218
25177,1108,218
25178,1108,218
25179,1109,218
25180,1110,217
25181,1111,218
25182,1112,218
25183,1112,218
25184,1113,218
25185,1114,217
25186,1114,218
25187,1115,218
25188,1115,218
25189,1118,219
25190,1121,221
25191,1122,223
25192,1126,225
25193,1128,227
25194,1130,229
25195,1132,231
25196,1133,232
25197,1134,234
25198,1136,236
25199,1139,238
25200,1141,239
25201,1142,240
25202,1143,241
25203,1145,242
25204,1147,243
25205,1149,245
25206,1150,246
25207,1151,247
25208,1152,247
25209,1155,248
25210,1156,249
25211,1157,251
25212,1159,251
25213,1160,253
25214,1161,254
25215,1162,255
25216,1164,255
25217,1165,256
25218,1166,257
25219,1167,258
25220,1168,259
25221,1168,260
25222,1169,261
25223,1168,261
25224,1168,262
25225,1167,262
25226,1166,263
25227,1166,263
25228,1165,264
25229,1165,264
25230,1165,265
25231,1164,267
25232,1163,267
25233,1162,267
25234,1161,268
25235,1161,268
25236,1160,269
25237,1160,269
25238,1160,270
25239,1159,270
25240,1158,271
25241,1157,271
25242,1157,271
25243,1156,271
25244,1155,272
25245,1156,272
25246,1155,273
25247,1155,274
25248,1154,274
25249,1153,274
25250,1152,275
25251,1152,275
25252,1151,275
25253,1151,276
25254,1150,276
25255,1151,276
25256,1151,276
25257,1150,276
25258,1150,277
25259,1150,278
25260,1149,278
25261,1151,279
25262,1152,280
25263,1152,280
25264,1153,281
25265,1154,282
25266,1154,283
25267,1155,283
25268,1155,283
25269,1155,284
25270,1155,285
25271,1154,285
25272,1155,286
25273,1155,286
25274,1156,287
25275,1155,289
25276,1157,292
25277,1159,296
25278,1159,300
25279,1159,303
25280,1162,308
25281,1162,312
25282,1163,316
25283,1164,320
25284,1165,323
25285,1165,326
25286,1166,330
25287,1166,333
25288,1167,336
25289,1166,339
25290,1166,343
25291,1166,345
25292,1167,347
25293,1167,350
25294,1166,351
25295,1166,355
25296,1167,357
25297,1166,359
25298,1166,363
25299,1166,365
25300,1166,369
25301,1165,372
25302,1164,375
25303,1165,379
25304,1164,382
25305,1164,384
25306,1163,386
25307,1162,388
25308,1162,391
25309,1163,394
25310,1162,397
25311,1161,399
25312,1161,401
25313,1161,404
25314,1160,405
25315,1160,406
25316,1160,408
25317,1160,411
25318,1159,412
25319,1158,413
25320,1159,415
25321,1158,418
25322,1157,419
25323,1158,421
25324,1157,424
25325,1157,427
25326,1156,428
25327,1156,430
25328,1155,432
25329,1155,433
25330,1156,435
25331,1155,437
25332,1154,439
25333,1154,442
25334,1154,444
25335,1153,446
25336,1153,447
25337,1152,448
25338,1153,450
25339,1152,452
25340,1151,453
25341,1151,454
25342,1151,456
25343,1150,457
25344,1151,458
25345,1151,461
25346,1150,463
25347,1149,465
25348,1148,465
25349,1143,463
25350,1131,458
25351,1118,453
25352,1106,449
25353,1097,444
25354,1088,439
25355,1079,437
25356,1074,433
25357,1067,431
25358,1063,428
25359,1058,424
25360,1055,421
25361,1049,418
25362,1046,416
25363,1043,412
25364,1040,410
25365,1036,407
25366,1035,405
25367,1034,401
25368,1033,399
25369,1031,396
25370,1030,394
25371,1030,391
25372,1029,390
25373,1027,387
25374,1026,386
25375,1026,384
25376,1026,383
25377,1026,382
25378,1027,380
25379,1025,379
25380,1025,378
25381,1026,376
25382,1026,374
25383,1029,372
25384,1029,370
25385,1029,370
25386,1029,368
25387,1031,367
25388,1031,366
25389,1033,365
25390,1036,368
25391,1040,373
25392,1043,379
25393,1047,383
25394,1050,387
25395,1052,390
25396,1052,393
25397,1051,395
25398,1050,398
25399,1048,401
25400,1045,404
25401,1044,407
25402,1042,410
25403,1041,412
25404,1042,414
25405,1047,415
25406,1052,416
25407,1057,416
25408,1061,417
25409,1066,417
25410,1069,417
25411,1073,417
25412,1074,418
25413,1077,419
25414,1081,419
25415,1081,420
25416,1085,424
25417,1087,429
25418,1089,434
25419,1094,438
25420,1096,444
25421,1098,448
25422,1099,451
25423,1103,455
25424,1105,460
25425,1107,465
25426,1108,469
25427,1111,473
25428,1113,478
25429,1114,483
25430,1115,486
25431,1118,489
25432,1119,493
25433,1120,496
25434,1123,499
25435,1124,502
25436,1127,505
25437,1128,509
25438,1128,512
25439,1131,515
25440,1132,519
25441,1133,524
25442,1135,528
25443,1136,533
25444,1138,536
25445,1139,538
25446,1139,540
25447,1141,542
25448,1142,546
25449,1142,548
25450,1143,552
25451,1145,556
25452,1146,559
25453,1147,563
25454,1149,565
25455,1150,567
25456,1152,569
25457,1153,572
25458,1153,572
25459,1155,573
25460,1155,574
25461,1157,575
25462,1158,577
25463,1158,576
25464,1157,578
25465,1157,578
25466,1156,578
25467,1157,578
25468,1158,579
25469,1157,577
25470,1158,576
25471,1157,576
25472,1157,574
25473,1153,545
25474,1151,527
25475,1148,508
25476,1146,490
25477,1143,471
25478,1141,453
25479,1139,434
25480,1136,416
25481,1134,397
25483,1168,558
25484,1170,557
25485,1170,556
25486,1171,557
25487,1170,555
25488,1169,554
25489,1168,552
25490,1168,551
25491,1167,549
25492,1166,549
25493,1164,548
25494,1163,548
25495,1163,549
25496,1163,552
25497,1163,555
25498,1163,556
25499,1161,556
25500,1161,557
25501,1159,557
25502,1159,557
25503,1157,558
25504,1157,559
25505,1155,561
25506,1154,561
25507,1153,562
25508,1151,563
25509,1151,564
25510,1149,565
25511,1146,566
25512,1146,566
25513,1143,565
25514,1143,565
25515,1141,565
25516,1139,565
25517,1138,566
25518,1135,566
25519,1134,567
25520,1133,568
25521,1131,567
25522,1128,566
25523,1126,567
25524,1125,567
25525,1123,566
25526,1121,567
25527,1120,567
25528,1118,567
25529,1117,567
25530,1114,567
25531,1111,566
25532,1111,566
25533,1109,567
25534,1106,567
25535,1105,566
25536,1103,567
25537,1101,567
25538,1099,567
25539,1097,567
25540,1096,567
25541,1094,567
25542,1091,567
25543,1090,566
25544,1088,567
25545,1086,567
25546,1084,567
25547,1082,567
25548,1080,567
25549,1079,567
25550,1077,567
25551,1074,567
25552,1073,567
25553,1071,567
25554,1068,567
25555,1068,566
25556,1065,567
25557,1063,567
25558,1062,567
25559,1059,567
25560,1056,567
25561,1056,566
25562,1054,567
25563,1051,566
25564,1050,566
25565,1047,566
25566,1047,566
25567,1045,567
25568,1047,570
25569,1049,572
25570,1050,574
25571,1051,577
25572,1054,579
25573,1054,581
25574,1054,582
25575,1055,583
25576,1054,585
25577,1054,587
25578,1052,588
25579,1053,590
25580,1052,590
25581,1051,592
25582,1051,593
25583,1050,593
25584,1048,594
25585,1047,595
25586,1046,596
25587,1045,597
25588,1043,597
25589,1042,598
25590,1039,598
25591,1038,599
25592,1035,599
25593,1033,600
25594,1032,600
25595,1030,600
25596,1029,601
25597,1027,602
25598,1024,601
25599,1023,602
25600,1021,603
25601,1018,602
25602,1017,602
25603,1014,603
25604,1011,603
25605,1009,603
25606,1008,604
25607,1005,604
25608,1004,604
25609,1001,604
25610,999,604
25611,996,604
25612,995,604
25613,992,604
25614,991,604
25615,988,605
25616,985,604
25617,984,604
25618,981,604
25619,979,604
25620,976,604
25621,975,604
25622,971,604
25623,970,604
25624,967,603
25625,965,604
25626,963,604
25627,961,605
25628,963,605
25629,966,606
25630,968,608
25631,970,610
25632,971,611
25633,972,613
25634,973,613
25635,973,614
25636,972,614
25637,974,615
25638,973,617
25639,972,617
25640,972,619
25641,970,619
25642,970,620
25643,969,621
25644,967,621
25645,966,622
25646,963,622
25647,963,622
25648,961,623
25649,960,623
25650,957,625
25651,955,625
25652,954,625
25653,951,625
25654,949,625
25655,947,625
25656,946,626
25657,943,626
25658,940,626
25659,939,626
25660,936,627
25661,933,626
25662,931,627
25663,929,627
25664,926,627
25665,924,628
25666,921,628
25667,919,628
25668,916,627
25669,915,627
25670,912,628
25671,909,628
25672,907,628
25673,904,628
25674,902,628
25675,899,628
25676,897,628
25677,894,628
25678,891,628
25679,890,628
25680,887,628
25681,884,627
25682,882,628
25683,880,628
25684,879,628
25685,877,629
25686,879,632
25687,881,635
25688,884,637
25689,884,639
25690,885,641
25691,885,642
25692,886,644
25693,886,645
25694,887,647
25695,886,648
25696,887,649
25697,886,651
25698,884,652
25699,884,653
25700,882,654
25701,882,655
25702,880,656
25703,880,657
25704,878,658
25705,876,658
25706,876,659
25707,874,660
25708,871,660
25709,870,661
25710,869,661
25711,867,661
25712,865,663
25713,864,662
25714,862,664
25715,860,665
25716,858,668
25717,856,672
25718,855,674
25719,853,676
25720,852,679
25721,850,681
25722,849,683
25723,847,686
25724,846,689
25725,844,691
25726,842,694
25727,841,696
25728,839,699
25729,837,701
25730,837,703
25731,834,706
25732,833,707
25733,831,710
25734,829,711
25735,829,713
25736,827,715
25737,826,716
25738,824,719
25739,822,721
25740,822,723
25741,820,725
25742,819,727
25743,818,729
25744,817,731
25745,816,732
25746,813,733
25747,814,735
25748,830,733
25749,840,733
25750,850,733
25751,860,733
25752,870,733
25753,880,732
25754,890,732
25755,900,732
25756,910,732
25759,1027,699
25760,1027,699
25761,1048,698
25762,1056,697
25763,1064,697
25764,1073,696
25765,1081,696
25766,1089,695
25767,1098,695
25768,1101,686
25769,1106,683
25770,1110,684
25771,1114,682
25772,1117,681
25773,1121,680
25774,1125,679
25775,1129,678
25776,1132,681
25777,1136,681
25778,1139,681
25779,1142,678
25780,1145,677
25781,1148,676
25782,1150,681
25783,1154,681
25784,1156,681
25785,1159,680
25786,1162,680
25787,1164,680
25788,1167,680
25789,1170,679
25790,1172,679
25791,1175,679
25792,1176,690
25793,1180,690
25794,1185,693
25795,1188,691
25796,1189,686
25797,1190,679
25798,1191,672
25799,1192,665
25800,1193,663
25801,1196,657
25802,1198,654
25803,1199,648
25804,1203,643
25805,1206,641
25806,1209,637
25807,1213,632
25808,1216,631
25809,1219,626
25810,1222,622
25811,1224,618
25812,1227,614
25813,1233,615
25814,1236,613
25815,1239,613
25816,1242,609
25817,1244,610
25818,1246,607
25819,1249,607
25820,1251,607
25821,1253,604
25822,1256,605
25823,1257,603
25824,1259,604
25825,1260,602
25826,1261,604
25827,1262,602
25828,1264,605
25829,1265,604
25830,1265,607
25831,1266,607
25832,1266,610
25833,1266,609
25834,1264,607
25835,1261,603
25836,1257,598
25837,1252,592
25838,1250,586
25839,1246,583
25840,1242,579
25841,1238,575
25842,1234,571
25843,1229,571
25844,1225,568
25845,1221,565
25846,1216,562
25847,1214,559
25848,1210,559
25849,1206,557
25850,1201,556
25851,1197,555
25852,1193,554
25853,1189,552
25854,1185,551
25855,1184,546
25856,1181,546
25857,1177,544
25858,1173,544
25859,1169,546
25860,1166,547
25861,1164,547
25862,1161,549
25863,1157,549
25864,1153,552
25865,1150,553
25866,1148,554
25867,1145,558
25868,1142,560
25869,1140,562
25870,1136,565
25871,1133,566
25872,1129,564
25873,1125,561
25874,1124,557
25875,1120,557
25876,1116,554
25877,1112,553
25878,1111,551
25879,1108,551
25880,1105,548
25881,1101,546
25882,1098,547
25883,1094,544
25884,1093,542
25885,1091,543
25886,1089,543
25887,1089,541
25888,1087,543
25889,1084,542
25890,1082,543
25891,1082,542
25892,1080,544
25893,1078,543
25894,1076,545
25895,1076,545
25896,1074,547
25897,1071,548
25898,1071,548
25899,1069,551
25900,1068,553
25901,1066,555
25902,1064,557
25903,1063,559
25904,1063,560
25905,1061,561
25906,1059,559
25907,1056,557
25908,1056,556
25909,1054,556
25910,1052,553
25911,1050,551
25912,1049,549
25913,1047,548
25914,1045,549
25915,1043,548
25916,1041,547
25917,1040,546
25918,1040,545
25919,1038,546
25920,1036,547
25921,1034,548
25922,1034,547
25923,1033,547
25924,1031,547
25925,1029,547
25926,1029,547
25927,1028,549
25928,1026,551
25929,1024,552
25930,1025,553
25931,1023,553
25932,1024,554
25933,1022,557
25934,1020,559
25935,1020,558
25936,1018,557
25937,1016,555
25938,1014,553
25939,1012,553
25940,1010,551
25941,1010,550
25942,1009,551
25943,1007,550
25944,1005,549
25945,1005,551
25946,1005,550
25947,1003,549
25948,1002,551
25949,1000,551
25950,1000,552
25951,999,554
25952,998,554
25953,997,555
25954,996,556
25955,993,557
25956,993,556
25957,992,555
25958,991,554
25959,990,554
25960,988,553
25961,987,553
25962,985,552
25963,984,553
25964,983,552
25965,982,554
25966,980,553
25967,980,554
25968,978,554
25969,978,554
25970,978,556
25971,978,557
25972,975,557
25973,973,556
25974,973,556
25975,971,555
25976,970,556
25977,969,556
25978,965,555
25979,962,556
25980,958,559
25981,951,561
25982,943,561
25983,938,562
25984,931,562
25985,926,562
25986,921,564
25987,916,562
25988,911,562
25989,906,560
25990,900,558
25991,896,559
25992,893,557
25993,888,555
25994,883,553
25995,880,551
25996,874,548
25997,869,547
25998,866,545
25999,863,543
26000,860,541
26001,858,538
26002,856,535
26003,852,535
26004,848,534
26005,845,532
26006,842,531
26007,841,533
26008,837,531
26009,835,530
26010,833,528
26011,830,527
26012,828,528
26013,829,526
26014,828,526
26015,828,526
26016,830,526
26017,829,528
26018,828,528
26019,829,527
26020,829,526
26021,828,527
26022,830,527
26023,830,526
26024,831,527
26025,834,528
26026,836,530
26027,837,530
26028,839,532
26029,842,530
26030,846,529
26031,847,530
26032,849,529
26033,853,529
26034,854,530
26035,855,530
26036,857,532
26037,857,531
26038,858,530
26039,858,531
26040,858,528
26041,859,526
26042,859,525
26043,859,523
26044,859,522
26045,860,520
26046,860,519
26047,860,517
26048,860,516
26057,877,529
26058,877,529
26059,877,529
26060,877,529
26061,877,529
26062,877,529
26063,861,556
26064,856,563
26065,852,568
26066,848,574
26067,843,580
26068,839,586
26069,805,575
26070,793,576
26071,784,577
26072,772,577
26073,761,577
26074,750,577
26075,741,581
26076,731,584
26077,721,585
26078,711,588
26079,703,588
26080,697,588
26081,690,586
26082,684,585
26083,678,586
26084,671,584
26085,666,583
26086,659,584
26087,653,584
26088,648,585
26089,642,584
26090,639,584
26091,634,586
26092,632,587
26093,631,588
26094,629,589
26095,629,590
26096,629,590
26097,629,588
26098,630,588
26099,631,587
26100,631,586
26101,633,585
26102,634,586
26103,634,585
26104,636,585
26105,638,587
26106,639,586
26107,642,586
26108,643,587
26109,645,588
26110,648,588
26111,650,587
26112,653,586
26113,655,584
26114,658,585
26115,662,584
26116,664,585
26117,667,585
26118,669,586
26119,672,586
26120,679,588
26121,690,594
26122,701,601
26123,711,609
26124,719,616
26125,727,624
26126,734,631
26127,741,640
26128,748,647
26129,755,652
26130,761,658
26131,768,665
26132,774,671
26133,781,678
26134,786,684
26135,792,691
26136,797,695
26137,801,698
26138,806,703
26139,810,707
26140,815,711
26141,818,714
26142,822,720
26143,826,725
26144,829,729
26145,833,735
26146,836,739
26147,839,745
26148,842,749
26149,844,755
26150,846,759
26151,849,764
26152,851,767
26153,853,768
26154,855,770
26155,857,773
26156,858,774
26157,858,776
26158,858,780
26159,862,783
26160,863,786
26161,862,784
26162,846,778
26163,824,771
26164,803,763
26165,781,755
26166,761,748
26167,743,744
26168,723,740
26169,704,735
26170,687,729
26171,669,725
26172,653,719
26173,636,714
26174,621,712
26175,607,708
26176,591,707
26177,575,703
26178,563,700
26179,550,699
26180,538,696
26181,528,693
26182,518,689
26183,508,687
26184,498,686
26185,490,685
26186,481,685
26187,473,685
26188,464,686
26189,457,686
26190,450,687
26191,442,686
26192,438,685
26193,434,683
26194,430,681
26195,426,680
26196,422,680
26197,419,678
26198,416,678
26199,414,677
26200,411,678
26201,408,678
26202,405,678
26203,405,678
26204,402,681
26205,400,682
26206,397,684
26207,395,686
26208,396,686
26209,395,687
26210,393,690
26211,394,691
26212,394,690
26213,396,689
26214,397,689
26215,398,689
26216,402,688
26217,403,690
26218,405,691
26219,406,694
26220,408,694
26221,411,694
26222,413,696
26223,414,698
26224,417,699
26225,435,699
26226,458,697
26227,482,694
26228,507,692
26229,532,689
26230,555,689
26231,578,688
26232,600,686
26233,622,686
26234,643,684
26235,664,684
26236,684,682
26237,705,683
26238,724,682
26239,743,682
26240,761,681
26241,779,682
26242,796,682
26243,813,683
26244,828,682
26245,842,680
26246,855,678
26247,869,678
26248,880,677
26249,893,676
26250,904,675
26251,915,675
26252,926,674
26253,937,675
26254,946,673
26255,957,674
26256,967,675
26257,975,674
26258,984,673
26259,992,673
26260,999,671
26261,1006,671
26262,1017,672
26263,1033,674
26264,1053,678
26265,1071,682
26266,1087,685
26267,1101,688
26268,1114,690
26269,1127,692
26270,1139,693
26271,1151,697
26272,1162,699
26273,1174,703
26274,1185,705
26275,1196,709
26276,1205,712
26277,1216,716
26278,1225,718
26279,1233,720
26280,1241,722
26281,1249,726
26282,1256,728
26283,1264,731
26284,1271,735
26285,1277,737
26286,1283,739
26287,1290,742
26288,1294,744
26289,1299,748
26290,1303,749
26291,1306,751
26292,1310,754
26293,1314,756
26294,1317,759
26295,1321,761
26296,1323,764
26297,1325,765
26298,1327,767
26299,1328,770
26300,1330,772
26301,1331,774
26302,1332,777
26303,1333,780
26304,1334,781
26305,1334,783
26306,1335,785
26307,1326,786
26308,1311,787
26309,1297,787
26310,1284,788
26311,1274,789
26312,1262,789
26313,1254,791
26314,1251,793
26315,1243,794
26316,1233,794
26317,1223,796
26318,1213,797
26319,1205,799
26320,1196,803
26321,1188,805
26322,1181,807
26323,1173,811
26324,1165,813
26325,1159,815
26326,1153,819
26327,1147,822
26328,1140,826
26329,1137,830
26330,1132,834
26331,1130,835
26332,1128,835
26333,1126,836
26334,1126,836
26335,1124,837
26336,1125,838
26337,1123,839
26338,1124,840
26339,1123,843
26340,1122,844
26341,1119,846
26342,1114,848
26343,1110,851
26344,1108,854
26345,1104,855
26346,1100,859
26347,1099,862
26348,1096,863
26349,1095,863
26350,1093,863
26351,1093,864
26352,1092,866
26353,1091,868
26354,1089,869
26355,1090,870
26356,1088,872
26357,1089,874
26358,1088,876
26359,1086,877
26360,1087,877
26361,1086,878
26362,1075,878
26363,1049,876
26364,1021,872
26365,993,871
26366,967,869
26367,940,867
26368,914,865
26369,890,867
26370,865,867
26371,841,867
26372,817,867
26373,796,864
26374,773,866
26375,750,866
26376,727,867
26377,704,867
26378,681,868
26379,658,868
26380,655,867
26381,636,867
26382,618,867
26383,605,869
26384,589,870
26385,572,871
26386,562,875
26387,548,876
26388,537,876
26389,528,872
26390,521,869
26391,512,866
26392,504,863
26393,499,859
26394,494,855
26395,488,852
26396,482,852
26397,475,851
26398,469,850
26399,463,849
26400,456,848
26401,450,847
26402,444,845
26403,438,844
26404,431,843
26405,425,842
26416,445,825
26417,445,825
26418,445,825
26419,449,822
26420,450,821
26421,451,819
26422,452,818
26423,453,817
26424,453,820
26425,454,820
26426,457,820
26427,461,817
26428,464,815
26429,470,811
26430,474,809
26431,482,807
26432,488,804
26433,494,802
26434,500,799
26435,506,797
26436,515,799
26437,522,798
26438,528,797
26439,533,799
26440,538,799
26441,545,800
26442,550,799
26443,558,797
26444,565,795
26445,572,794
26446,578,793
26447,584,791
26448,592,790
26449,598,789
26450,604,789
26451,610,788
26452,617,787
26453,624,786
26454,630,786
26455,637,785
26456,642,783
26457,649,782
26458,655,781
26459,661,780
26460,667,780
26461,673,779
26462,679,778
26463,685,776
26464,690,775
26465,696,774
26466,701,774
26467,708,773
26468,713,772
26469,719,771
26470,724,771
26471,730,770
26472,735,769
26473,740,769
26474,745,767
26475,750,766
26476,756,766
26477,761,765
26478,766,764
26479,771,763
26480,776,763
26481,781,763
26482,787,762
26483,792,761
26484,797,761
26485,800,761
26486,802,761
26487,804,762
26488,806,762
26489,808,763
26490,809,764
26491,810,765
26492,813,766
26493,814,767
26494,817,768
26495,819,769
26496,822,770
26497,824,770
26498,826,770
26499,829,771
26500,832,771
26501,834,772
26502,836,772
26503,841,772
26504,844,772
26505,847,772
26506,850,772
26507,853,772
26508,856,772
26509,860,773
26510,863,774
26511,866,774
26512,870,776
26513,873,777
26514,875,778
26515,877,778
26516,878,777
26517,880,778
26518,881,778
26519,883,778
26520,884,779
26521,886,779
26522,887,780
26523,888,780
26524,891,781
26525,892,781
26526,894,782
26527,895,782
26528,898,783
26529,899,783
26530,900,783
26531,903,783
26532,904,783
26533,907,783
26534,908,783
26535,910,785
26536,912,786
26537,914,786
26538,916,786
26539,918,786
26540,920,786
26541,922,787
26542,924,787
26543,926,787
26544,928,787
26545,930,788
26546,932,788
26547,934,788
26548,936,788
26549,938,789
26550,940,789
26551,944,789
26552,945,789
26553,947,788
26554,949,789
26555,952,789
26556,953,789
26557,954,789
26558,959,783
26559,964,768
26560,966,750
26561,969,734
26562,973,719
26563,976,704
26564,979,690
26565,980,674
26566,985,659
26567,987,646
26568,989,634
26569,991,620
26570,993,609
26571,994,596
26572,998,582
26573,999,572
26574,1000,559
26575,1002,549
26576,1003,537
26577,1004,528
26578,1005,515
26579,1007,504
26580,1011,495
26581,1016,484
26582,1020,476
26583,1023,466
26584,1028,455
26585,1031,447
26586,1034,437
26587,1036,427
26588,1039,420
26589,1041,411
26590,1044,402
26591,1048,407
26592,1050,408
26593,1051,406
26594,1053,404
26595,1055,402
26596,1056,403
26597,1058,401
26598,1059,399
26599,1061,397
26600,1062,399
26601,1063,397
26602,1064,395
26603,1065,394
26604,1066,397
26605,1067,395
26606,1068,394
26607,1068,393
26608,1071,392
26609,1072,394
26610,1072,393
26611,1073,393
26612,1073,392
26613,1075,391
26614,1076,394
26615,1077,393
26616,1077,392
26617,1077,393
26618,1078,393
26619,1080,392
26620,1080,394
26621,1081,393
26622,1083,393
26623,1083,394
26624,1082,395
26625,1084,395
26626,1084,396
26627,1083,397
26628,1085,397
26629,1086,396
26630,1088,396
26631,1086,397
26632,1086,398
26633,1085,399
26634,1084,399
26635,1085,398
26636,1083,428
26637,1081,447
26638,1080,465
26639,1079,484
26640,1078,502
26641,1077,521
26642,1076,539
26643,1074,558
26644,1073,576
26646,1119,454
26647,1122,459
26648,1123,465
26649,1127,469
26650,1130,474
26651,1131,482
26652,1132,486
26653,1134,490
26654,1136,495
26655,1138,500
26656,1139,505
26657,1141,509
26658,1140,514
26659,1141,519
26660,1142,523
26661,1142,526
26662,1141,527
26663,1140,528
26664,1139,531
26665,1138,532
26666,1136,532
26667,1136,534
26668,1135,536
26669,1133,539
26670,1131,540
26671,1129,541
26672,1127,544
26673,1125,545
26674,1124,547
26675,1123,549
26676,1121,553
26677,1121,555
26678,1118,558
26679,1115,562
26680,1113,564
26681,1111,568
26682,1109,570
26683,1106,575
26684,1103,578
26685,1103,580
26686,1100,582
26687,1098,581
26688,1098,578
26689,1097,577
26690,1096,572
26691,1095,570
26692,1095,567
26693,1092,564
26694,1090,563
26695,1090,561
26696,1088,560
26697,1088,558
26698,1086,558
26699,1086,556
26700,1084,554
26701,1083,555
26702,1081,553
26703,1080,554
26704,1079,552
26705,1079,551
26706,1077,552
26707,1078,551
26708,1080,550
26709,1083,550
26710,1086,551
26711,1091,551
26712,1095,553
26713,1098,552
26714,1101,554
26715,1104,554
26716,1107,557
26717,1110,557
26718,1114,558
26719,1116,561
26720,1119,561
26721,1121,564
26722,1125,565
26723,1125,565
26724,1125,564
26725,1124,562
26726,1124,559
26727,1124,557
26728,1123,557
26729,1123,554
26730,1122,554
26731,1121,551
26732,1120,550
26733,1120,549
26734,1119,549
26735,1117,548
26736,1116,548
26737,1115,547
26738,1115,547
26739,1113,548
26740,1111,547
26741,1111,547
26742,1110,549
26743,1108,549
26744,1107,550
26745,1105,550
26746,1104,552
26747,1102,552
26748,1101,554
26749,1099,554
26750,1099,555
26751,1098,558
26752,1095,559
26753,1095,560
26754,1096,562
26755,1096,564
26756,1096,565
26757,1095,565
26758,1095,567
26759,1096,568
26760,1096,569
26761,1095,570
26762,1094,571
26763,1094,572
26764,1093,573
26765,1093,574
26766,1092,574
26767,1091,575
26768,1090,576
26769,1089,576
26770,1088,577
26771,1087,578
26772,1085,578
26773,1084,578
26774,1082,578
26775,1080,579
26776,1075,580
26777,1070,580
26778,1064,580
26779,1059,582
26780,1055,582
26781,1049,583
26782,1045,583
26783,1041,585
26784,1035,586
26785,1032,587
26786,1028,589
26787,1023,589
26788,1020,590
26789,1015,590
26790,1012,590
26791,1008,591
26792,1004,591
26793,1000,593
26794,997,592
26795,993,594
26796,990,593
26797,986,594
26798,983,594
26799,979,595
26800,977,595
26801,973,596
26802,969,596
26803,967,596
26804,964,595
26805,960,597
26806,958,596
26807,957,596
26808,953,596
26809,949,597
26810,948,596
26811,944,597
26812,943,596
26813,939,595
26814,939,596
26815,936,595
26816,933,596
26817,941,595
26818,955,595
26819,971,596
26820,988,596
26821,1005,595
26822,1021,597
26823,1037,599
26824,1051,600
26825,1066,602
26826,1080,602
26827,1095,604
26828,1109,605
26829,1122,605
26830,1133,605
26831,1145,605
26832,1157,605
26833,1167,605
26834,1178,606
26835,1188,605
26836,1198,606
26837,1207,606
26838,1217,608
26839,1225,608
26840,1232,607
26841,1239,607
26842,1246,607
26843,1252,607
26844,1259,607
26845,1264,606
26846,1270,606
26847,1274,606
26848,1278,606
26849,1284,606
26850,1287,606
26851,1290,605
26852,1294,605
26853,1296,605
26854,1298,604
26855,1302,604
26856,1303,604
26857,1305,603
26858,1306,603
26859,1308,602
26860,1308,602
26861,1308,601
26862,1310,600
26863,1310,600
26864,1310,600
26865,1310,599
26866,1310,599
26867,1309,597
26868,1309,597
26869,1308,597
26870,1307,597
26871,1305,595
26872,1304,595
26873,1301,593
26874,1300,593
26875,1299,593
26876,1297,592
26877,1295,592
26878,1294,591
26879,1291,592
26880,1290,592
26881,1288,591
26882,1285,592
26883,1282,590
26884,1281,590
26885,1278,590
26886,1274,590
26887,1272,590
26888,1269,589
26889,1267,589
26890,1264,589
26891,1261,589
26892,1257,589
26893,1256,588
26894,1254,588
26895,1250,588
26896,1248,588
26897,1244,587
26898,1241,588
26899,1237,587
26900,1235,586
26901,1229,587
26902,1220,588
26903,1212,590
26904,1202,591
26905,1194,592
26906,1184,594
26907,1175,596
26908,1166,598
26909,1156,599
26910,1149,600
26911,1141,602
26912,1132,602
26913,1125,603
26914,1118,604
26915,1109,605
26916,1103,606
26917,1096,607
26918,1088,607
26919,1082,608
26920,1076,609
26921,1068,609
26922,1061,610
26923,1056,611
26924,1051,611
26925,1044,612
26926,1039,612
26927,1032,612
26928,1027,613
26929,1022,613
26930,1018,614
26931,1014,613
26932,1010,614
26933,1008,613
26934,1008,613
26935,1007,613
26936,1006,612
26937,1007,612
26938,1006,612
26939,1006,612
26940,1004,611
26941,1005,611
26942,1004,611
26943,1002,610
26944,1002,610
26945,1001,610
26946,999,610
26947,999,609
26948,997,609
26949,996,609
26950,994,608
26951,994,608
26952,992,608
26953,990,607
26954,989,607
26955,987,607
26956,984,606
26957,983,606
26958,982,606
26959,979,605
26960,978,604
26961,976,604
26962,976,603
26963,978,601
26964,978,601
26965,977,600
26966,977,599
26967,978,598
26968,978,597
26969,978,596
26970,977,596
26971,976,594
26972,977,593
26973,976,593
26974,976,592
26975,975,592
26976,974,591
26977,972,591
26978,973,590
26979,973,589
26980,972,589
26981,971,590
26982,970,592
26983,971,592
26984,970,592
26985,970,593
26986,970,594
26987,970,594
26988,968,595
26989,969,595
26990,968,596
26991,968,596
26992,966,596
26993,966,597
26994,965,598
26995,963,598
26996,963,598
26997,962,599
26998,960,599
26999,960,599
27000,960,601
27001,959,603
27002,961,604
27003,960,605
27004,960,607
27005,962,609
27006,961,610
27007,961,611
27008,961,612
27009,961,613
27010,960,614
27011,961,615
27012,960,616
27013,959,617
27014,959,618
27015,960,619
27016,959,619
27017,959,620
27018,957,620
27019,957,621
27020,956,621
27021,955,623
27022,954,623
27023,955,623
27024,954,624
27025,953,624
27026,953,624
27027,951,624
27028,951,624
27029,950,625
27030,950,625
27031,950,626
27032,949,626
27033,950,626
27034,950,627
27035,951,628
27036,951,629
27037,951,631
27038,952,631
27039,952,633
27040,952,634
27041,953,634
27042,952,635
27043,953,635
27044,952,636
27045,951,636
27046,951,637
27047,952,638
27048,951,638
27049,951,638
27050,950,639
27051,949,639
27052,949,639
27053,947,639
27054,947,639
27055,947,639
27056,946,640
27057,946,640
27058,945,640
27059,945,640
27060,954,639
27061,970,641
27062,988,640
27063,1007,640
27064,1023,642
27065,1039,642
27066,1057,642
27067,1075,642
27068,1090,645
27069,1106,645
27070,1122,645
27071,1137,648
27072,1152,648
27073,1167,648
27074,1182,649
27075,1197,649
27076,1210,655
27077,1225,656
27078,1238,657
27079,1251,658
27080,1265,659
27081,1279,660
27082,1292,661
27083,1306,662
27084,1311,669
27085,1322,671
27086,1334,673
27087,1342,674
27088,1350,678
27089,1356,680
27090,1363,684
27091,1368,685
27092,1374,688
27093,1380,690
27094,1386,692
27095,1390,698
27096,1395,701
27097,1401,704
27098,1406,707
27099,1407,710
27100,1410,716
27101,1413,719
27102,1415,723
27103,1414,723
27104,1413,720
27105,1410,716
27106,1408,714
27107,1405,712
27108,1403,714
27109,1402,712
27110,1399,714
27111,1396,715
27112,1393,715
27113,1391,716
27114,1388,717
27115,1386,717
27116,1383,718
27117,1379,722
27118,1376,723
27119,1373,724
27120,1370,726
27121,1367,727
27122,1364,728
27123,1361,729
27124,1358,737
27125,1355,739
27126,1352,742
27127,1349,747
27128,1346,751
27129,1345,753
27130,1341,759
27131,1338,763
27132,1333,765
27133,1327,764
27134,1320,763
27135,1313,762
27136,1307,762
27137,1302,760
27138,1295,761
27139,1289,761
27140,1283,762
27141,1277,762
27142,1270,763
27143,1264,763
27144,1258,763
27145,1252,764
27146,1248,765
27147,1242,766
27148,1237,770
27149,1231,771
27150,1226,773
27151,1221,774
27152,1217,775
27153,1212,778
27154,1207,781
27155,1201,783
27156,1196,787
27157,1191,787
27158,1188,785
27159,1186,783
27160,1181,783
27161,1179,783
27162,1176,785
27163,1172,783
27164,1170,783
27165,1167,786
27166,1163,786
27167,1160,787
27168,1157,788
27169,1156,789
27170,1153,790
27171,1150,790
27172,1148,794
27173,1145,795
27174,1143,797
27175,1140,798
27176,1137,797
27177,1135,797
27178,1134,797
27179,1131,797
27180,1128,798
27181,1126,798
27182,1125,799
27183,1122,800
27184,1121,801
27185,1118,802
27186,1116,804
27187,1114,806
27188,1112,806
27189,1110,805
27190,1108,805
27191,1106,805
27192,1104,805
27193,1102,806
27194,1100,806
27195,1099,807
27196,1098,809
27197,1095,810
27198,1094,811
27199,1092,811
27200,1090,812
27201,1088,812
27202,1086,812
27203,1084,813
27204,1084,813
27205,1081,814
27206,1080,815
27207,1078,815
27208,1076,814
27209,1075,815
27210,1072,815
27211,1071,815
27212,1069,817
27213,1067,818
27214,1066,819
27215,1064,819
27216,1062,820
27217,1060,821
27218,1059,821
27219,1057,821
27220,1057,822
27221,1055,822
27222,1054,823
27223,1051,823
27224,1051,824
27225,1049,825
27226,1047,826
27227,1045,826
27228,1043,827
27229,1041,827
27230,1039,828
27231,1037,828
27232,1035,828
27233,1033,828
27234,1031,829
27235,1029,829
27236,1027,830
27237,1025,830
27238,1024,831
27239,1021,831
27240,1020,832
27241,1017,832
27242,1015,833
27243,1013,834
27244,1011,834
27245,1009,834
27246,1007,834
27247,1005,834
27248,1003,835
27249,1000,835
27250,998,835
27251,996,835
27252,994,835
27253,993,836
27254,992,837
27255,995,830
27256,999,828
27257,1004,824
27258,1006,821
27259,1009,818
27260,1010,815
27261,1013,812
27262,1019,808
27263,1025,805
27264,1031,803
27265,1038,800
27266,1044,796
27267,1050,794
27268,1055,790
27269,1061,787
27270,1067,786
27271,1072,782
27272,1077,780
27273,1083,778
27274,1087,775
27275,1092,773
27276,1097,770
27277,1101,767
27278,1106,765
27279,1111,763
27280,1116,761
27281,1120,759
27282,1125,756
27283,1128,754
27284,1132,752
27285,1135,749
27286,1139,748
27287,1142,745
27288,1146,744
27289,1149,741
27290,1153,740
27291,1157,738
27292,1159,736
27293,1161,733
27294,1164,732
27295,1168,729
27296,1170,729
27297,1172,726
27298,1175,726
27299,1178,724
27300,1180,722
27301,1183,721
27302,1185,720
27303,1186,718
27304,1188,717
27305,1192,715
27306,1193,715
27307,1194,713
27308,1195,712
27309,1196,710
27310,1198,709
27311,1200,709
27312,1201,707
27313,1202,707
27314,1202,706
27315,1205,705
27316,1206,705
27317,1206,703
27318,1209,702
27319,1209,702
27320,1210,700
27321,1212,699
27322,1214,698
27323,1214,697
27324,1216,696
27325,1217,695
27326,1217,693
27327,1220,694
27328,1222,693
27329,1222,693
27330,1223,691
27331,1223,689
27332,1223,689
27333,1225,688
27334,1227,688
27335,1227,687
27336,1227,687
27337,1229,685
27338,1230,685
27339,1232,684
27340,1232,683
27341,1233,683
27342,1235,681
27343,1235,681
27344,1235,681
27345,1235,680
27346,1237,679
27347,1238,679
27348,1240,677
27349,1240,677
27350,1240,678
27351,1240,679
27352,1239,679
27353,1239,680
27354,1239,680
27355,1239,681
27356,1232,674
27357,1230,674
27358,1228,673
27359,1226,673
27360,1224,672
27361,1222,672
27362,1224,670
27363,1224,670
27364,1217,672
27365,1213,674
27366,1209,676
27367,1206,677
27368,1201,678
27369,1197,681
27370,1192,682
27371,1190,683
27372,1185,683
27373,1182,684
27374,1179,686
27375,1175,687
27376,1172,689
27377,1171,690
27378,1169,691
27379,1166,692
27380,1164,693
27381,1161,693
27382,1160,694
27383,1158,696
27384,1155,696
27385,1155,697
27386,1152,698
27387,1150,699
27388,1149,700
27389,1148,701
27390,1147,702
27391,1145,703
27392,1143,703
27393,1140,703
27394,1137,702
27395,1133,699
27396,1130,699
27397,1129,698
27398,1126,698
27399,1122,697
27400,1119,697
27401,1116,696
27402,1114,695
27403,1111,695
27404,1108,694
27405,1107,693
27406,1105,693
27407,1103,692
27408,1100,692
27409,1099,691
27410,1098,692
27411,1095,690
27412,1093,690
27413,1092,690
27414,1090,690
27415,1090,689
27416,1092,687
27417,1095,686
27418,1097,685
27419,1100,685
27420,1100,683
27421,1094,683
27422,1086,681
27423,1079,681
27424,1071,679
27425,1066,677
27426,1059,676
27427,1051,676
27428,1044,675
27429,1039,675
27430,1034,674
27431,1028,674
27432,1023,673
27433,1016,673
27434,1011,672
27435,1008,671
27436,1002,670
27437,998,669
27438,993,669
27439,990,668
27440,985,668
27441,981,667
27442,978,666
27443,974,665
27444,971,664
27445,967,664
27446,962,662
27447,959,661
27448,956,662
27449,952,661
27450,951,660
27451,947,659
27452,945,659
27453,942,659
27454,939,658
27455,937,657
27456,934,657
27457,928,655
27458,921,652
27459,912,648
27460,905,646
27461,898,643
27462,891,641
27463,885,638
27464,877,635
27465,870,634
27466,865,632
27467,858,632
27468,851,629
27469,846,627
27470,840,626
27471,835,624
27472,829,621
27473,824,620
27474,820,617
27475,814,616
27476,808,613
27477,805,611
27478,800,611
27479,796,609
27480,791,607
27481,787,605
27482,783,604
27483,778,604
27484,775,604
27485,771,604
27486,766,603
27487,763,603
27488,760,603
27489,756,603
27490,752,603
27491,749,603
27492,746,603
27493,742,603
27494,738,603
27495,736,603
27496,733,603
27497,729,603
27498,727,602
27499,724,603
27500,721,602
27501,719,602
27502,716,603
27503,713,603
27504,710,603
27505,709,603
27506,706,603
27507,704,603
27508,702,602
27509,703,602
27510,704,602
27511,706,602
27512,708,603
27513,708,603
27514,710,602
27515,711,603
27516,713,603
27517,713,603
27518,715,602
27519,715,602
27520,717,602
27521,718,602
27522,718,602
27523,720,601
27524,721,602
27525,722,602
27526,724,602
27527,724,602
27528,726,602
27529,725,602
27530,726,602
27531,728,601
27532,729,602
27533,731,602
27534,730,602
27535,732,601
27536,727,597
27537,721,589
27538,713,581
27539,706,574
27540,701,567
27541,695,562
27542,691,556
27543,688,550
27544,684,544
27545,680,542
27546,678,537
27547,675,534
27548,673,530
27549,671,528
27550,669,524
27551,668,523
27552,666,521
27553,666,518
27554,666,517
27555,664,514
27556,663,512
27557,663,510
27558,663,510
27559,662,508
27560,663,507
27561,664,505
27562,664,504
27563,664,502
27564,666,500
27565,667,498
27566,668,497
27567,669,496
27568,670,494
27569,671,494
27570,671,492
27571,672,492
27572,674,491
27573,676,490
27574,676,490
27575,678,489
27576,679,487
27577,681,486
27578,682,485
27579,684,485
27580,684,483
27581,685,483
27582,686,484
27583,687,483
27584,690,483
27585,691,483
27586,692,481
27587,694,480
27588,695,480
27589,696,480
27590,698,480
27591,698,479
27592,700,479
27593,701,479
27594,703,479
27595,703,478
27596,706,477
27597,706,477
27598,708,477
27599,708,477
27600,710,476
27601,711,475
27602,713,474
27603,714,474
27604,714,473
27605,716,474
27606,718,474
27607,718,474
27608,718,474
27609,719,474
27610,722,473
27611,722,473
27612,724,472
27613,725,473
27614,725,472
27615,727,472
27616,728,472
27617,730,472
27618,730,471
27619,731,472
27620,733,472
27621,733,472
27622,735,472
27623,735,472
27624,737,472
27625,737,472
27626,739,472
27627,740,473
27628,740,473
27629,742,473
27630,744,473
27631,746,474
27632,750,475
27633,754,476
27634,757,476
27635,761,477
27636,764,477
27637,766,478
27638,769,478
27639,770,478
27640,773,478
27641,774,478
27642,777,478
27643,778,479
27644,779,479
27645,781,479
27646,783,480
27647,783,481
27648,785,481
27649,785,481
27650,787,481
27651,788,482
27652,788,482
27653,789,482
27654,791,482
27655,791,481
27656,792,480
27657,792,480
27658,793,479
27659,795,479
27660,794,478
27661,793,478
27662,794,477
27663,796,477
27664,795,476
27665,795,475
27666,797,475
27667,797,474
27668,799,474
27669,806,471
27670,817,466
27671,828,461
27672,837,456
27673,845,452
27674,852,448
27675,859,445
27676,865,443
27677,870,439
27678,876,436
27679,881,434
27680,884,431
27681,888,429
27682,891,426
27683,895,425
27684,898,422
27685,900,421
27686,902,418
27687,904,416
27688,906,413
27689,907,410
27690,910,408
27691,911,406
27692,911,404
27693,911,401
27694,913,399
27695,913,397
27696,913,394
27697,913,393
27698,914,391
27699,914,388
27700,913,387
27701,914,385
27702,914,384
27703,913,382
27704,913,380
27705,912,379
27706,911,376
27707,910,376
27708,910,374
27709,909,372
27710,908,370
27711,908,368
27712,906,366
27713,905,365
27714,905,363
27715,904,363
27716,902,362
27717,902,361
27718,901,359
27719,899,357
27720,899,356
27721,898,355
27722,898,353
27723,895,353
27724,892,352
27725,888,354
27726,885,355
27727,881,355
27728,878,356
27729,876,356
27730,874,357
27731,870,356
27732,867,357
27733,865,358
27734,864,358
27735,861,358
27736,859,358
27737,858,358
27738,854,359
27739,847,360
27740,840,361
27741,834,363
27742,829,364
27743,823,366
27744,819,367
27745,816,369
27746,811,370
27747,808,372
27748,806,373
27749,804,374
27750,801,375
27751,799,376
27752,796,377
27753,795,378
27754,794,378
27755,791,379
27756,790,380
27757,788,381
27758,788,381
27759,788,382
27760,786,383
27761,786,383
27762,785,384
27763,785,385
27764,784,385
27765,785,385
27766,784,386
27767,784,386
27768,784,386
27769,785,386
27770,784,386
27771,783,387
27772,784,387
27773,784,388
27774,783,388
27775,785,388
27776,784,389
27777,785,389
27778,786,390
27779,790,393
27780,796,396
27781,800,400
27782,806,403
27783,809,406
27784,813,410
27785,816,413
27786,820,416
27787,823,419
27788,825,421
27789,827,423
27790,830,425
27791,832,428
27792,833,431
27793,835,433
27794,836,436
27795,838,438
27796,839,441
27797,839,443
27798,841,445
27799,841,448
27800,842,450
27801,842,452
27802,844,454
27803,843,456
27804,843,458
27805,844,459
27806,844,462
27807,844,464
27808,845,466
27809,845,468
27810,845,470
27811,844,471
27812,843,472
27813,842,474
27814,841,475
27815,840,477
27816,838,478
27817,837,479
27818,836,481
27819,841,480
27820,843,483
27821,842,486
27822,843,488
27823,841,489
27824,840,491
27825,841,492
27826,839,492
27827,838,494
27828,839,493
27829,839,493
27830,840,494
27831,839,494
27832,838,493
27833,839,493
27834,838,494
27835,838,495
27836,837,495
27837,837,495
27838,836,496
27839,836,496
27840,834,496
27841,834,496
27842,833,496
27843,832,496
27844,832,497
27845,831,498
27846,829,498
27847,823,499
27848,816,500
27849,811,501
27850,808,501
27851,803,503
27852,801,504
27853,798,504
27854,795,505
27855,793,506
27856,790,507
27857,789,508
27858,786,509
27859,785,509
27860,784,511
27861,782,511
27862,782,511
27863,781,513
27864,779,513
27865,780,513
27866,778,513
27867,779,514
27868,779,515
27869,778,516
27870,777,517
27871,776,517
27872,777,517
27873,777,517
27874,777,518
27875,778,518
27876,778,519
27877,777,519
27878,777,520
27879,777,520
27880,777,520
27881,777,520
27882,776,519
27883,776,520
27884,777,520
27885,777,520
27886,778,520
27887,778,520
27888,777,519
27889,777,520
27890,778,520
27891,778,520
27892,778,519
27893,779,519
27894,779,520
27895,778,519
27896,779,519
27897,780,520
27898,779,519
27899,780,519
27900,780,519
27901,780,520
27902,779,519
27903,777,518
27904,774,517
27905,772,517
27906,771,517
27907,769,518
27908,767,517
27909,767,517
27910,767,516
27911,764,516
27912,764,515
27913,764,515
27914,763,514
27915,762,513
27916,767,514
27917,768,514
27918,767,513
27919,768,513
27920,769,513
27921,770,513
27922,771,514
27923,771,513
27924,771,513
27925,770,514
27926,770,514
27927,773,514
27928,777,514
27929,772,515
27930,761,515
27931,749,515
27932,738,515
27933,729,514
27934,720,514
27935,712,514
27936,705,514
27937,699,514
27938,693,513
27939,687,514
27940,683,514
27941,679,513
27942,675,513
27943,671,514
27944,668,513
27945,666,513
27946,664,513
27947,662,512
27948,660,511
27949,659,511
27950,658,512
27951,655,511
27952,656,511
27953,655,511
27954,654,510
27955,655,510
27956,655,510
27957,655,511
27958,654,510
27959,656,510
27960,656,510
27961,657,509
27962,657,509
27963,658,509
27964,659,509
27965,659,509
27966,661,509
27967,662,509
27968,662,508
27969,664,508
27970,665,508
27971,665,507
27972,668,507
27973,669,507
27974,669,506
27975,670,506
27976,672,506
27977,673,507
27978,674,506
27979,677,506
27980,678,507
27981,678,507
27982,681,507
27983,682,506
27984,684,506
27985,685,506
27986,686,505
27987,687,505
27988,689,506
27989,690,505
27990,691,505
27991,694,505
27992,695,505
27993,697,505
27994,698,505
27995,701,505
27996,704,504
27997,706,503
27998,709,503
27999,711,502
28000,713,503
28001,715,502
28002,717,503
28003,719,502
28004,722,502
28005,722,502
28006,724,503
28007,725,503
28008,727,504
28009,728,505
28010,731,505
28011,732,505
28012,734,505
28013,735,503
28014,738,502
28015,741,502
28016,742,502
28017,743,503
28018,744,502
28019,746,502
28020,748,503
28021,748,503
28022,751,503
28023,752,505
28024,753,505
28025,754,505
28026,755,505
28027,756,504
28028,757,504
28029,759,504
28030,760,503
28031,761,504
28032,761,503
28033,762,504
28034,764,504
28035,764,504
28036,766,504
28037,768,504
28038,768,503
28039,769,503
28040,771,503
28041,771,504
28042,771,503
28043,772,504
28044,773,505
28045,773,504
28046,775,504
28047,776,504
28048,778,504
28049,778,504
28050,780,504
28051,781,505
28052,781,504
28053,783,504
28054,783,504
28055,784,505
28056,786,505
28057,786,505
28058,788,505
28059,789,506
28060,789,506
28061,790,505
28062,789,508
28063,786,512
28064,782,515
28065,781,517
28066,778,520
28067,777,522
28068,776,525
28069,774,527
28070,772,529
28071,771,531
28072,771,532
28073,769,533
28074,769,535
28075,768,536
28076,768,538
28077,769,539
28078,768,539
28079,768,540
28080,768,542
28081,767,543
28082,768,544
28083,768,544
28084,770,545
28085,769,545
28086,771,545
28087,771,545
28088,772,545
28089,774,545
28090,774,545
28091,775,546
28092,775,546
28093,777,546
28094,778,548
28095,778,549
28096,779,549
28097,780,549
28098,781,549
28099,782,549
28100,784,548
28101,785,549
28102,787,549
28103,787,550
28104,787,550
28105,788,551
28106,790,551
28107,790,551
28108,792,550
28109,793,551
28110,795,551
28111,796,551
28112,798,550
28113,801,550
28114,807,550
28115,812,550
28116,817,551
28117,822,550
28118,826,549
28119,830,550
28120,835,550
28121,838,551
28122,841,552
28123,843,553
28124,847,553
28125,849,552
28126,852,553
28127,854,554
28128,857,554
28129,859,554
28130,862,554
28131,863,554
28132,866,554
28133,868,556
28134,870,555
28135,871,556
28136,872,555
28137,873,555
28138,874,555
28139,877,555
28140,878,555
28141,881,555
28142,881,555
28143,884,555
28144,883,555
28145,885,555
28146,887,555
28147,888,556
28148,889,555
28149,891,555
28150,892,556
28151,893,555
28152,894,556
28153,894,558
28154,894,561
28155,893,563
28156,893,565
28157,894,567
28158,893,567
28159,895,568
28160,894,569
28161,894,571
28162,894,573
28163,896,574
28164,895,576
28165,897,577
28166,897,579
28167,898,581
28168,898,583
28169,899,583
28170,900,582
28171,901,582
28172,901,583
28173,902,584
28174,904,584
28175,905,586
28176,905,587
28177,905,588
28178,907,588
28179,908,588
28180,909,589
28181,910,590
28182,911,589
28183,912,589
28184,913,589
28185,914,590
28186,916,590
28187,917,591
28188,917,591
28189,919,590
28190,919,590
28191,920,591
28192,922,591
28193,922,591
28194,924,591
28195,924,591
28196,926,591
28197,927,592
28198,928,591
28199,929,591
28200,930,592
28201,930,591
28202,932,591
28203,934,592
28204,934,591
28205,936,591
28206,937,592
28207,938,591
28208,939,591
28209,940,592
28210,944,591
28211,950,591
28212,956,590
28213,962,590
28214,966,589
28215,971,589
28216,974,589
28217,979,589
28218,982,590
28219,985,591
28220,989,591
28221,991,592
28222,993,592
28223,994,591
28224,996,592
28225,1000,592
28226,1001,591
28227,1003,592
28228,1005,591
28229,1006,592
28230,1006,591
28231,1008,591
28232,1009,592
28233,1009,591
28234,1011,591
28235,1012,592
28236,1013,591
28237,1013,591
28238,1015,591
28239,1014,591
28240,1016,591
28241,1016,591
28242,1018,591
28243,1018,591
28244,1018,591
28245,1020,590
28246,1020,587
28247,1023,582
28248,1025,577
28249,1028,572
28250,1030,568
28251,1031,564
28252,1032,560
28253,1033,557
28254,1034,554
28255,1035,551
28256,1035,547
28257,1036,545
28258,1037,543
28259,1037,540
28260,1037,538
28261,1037,537
28262,1038,536
28263,1037,533
28264,1037,532
28265,1039,531
28266,1038,530
28267,1038,528
28268,1037,527
28269,1038,526
28270,1037,526
28271,1036,525
28272,1036,525
28273,1036,524
28274,1037,523
28275,1036,523
28276,1034,522
28277,1035,521
28278,1035,521
28279,1033,520
28280,1034,520
28281,1033,520
28282,1033,519
28283,1032,519
28284,1031,519
28285,1032,519
28286,1031,518
28287,1030,519
28288,1028,518
28289,1029,518
28290,1030,518
28291,1028,518
28292,1028,517
28293,1028,517
28294,1027,517
28295,1025,516
28296,1020,516
28297,1017,516
28298,990,517
28299,974,517
28300,961,518
28301,948,518
28302,935,518
28303,926,519
28304,917,521
28305,909,522
28306,901,523
28307,894,523
28308,887,525
28309,880,525
28310,875,525
28311,870,526
28312,869,526
28313,865,527
28314,862,527
28315,858,527
28316,855,527
28317,851,527
28318,850,526
28319,847,527
28320,846,527
28321,844,527
28322,842,527
28323,841,526
28324,841,525
28325,841,523
28326,841,523
28327,841,521
28328,841,521
28329,841,520
28330,841,521
28331,841,520
28332,843,519
28333,842,520
28334,841,520
28335,841,521
28336,842,522
28337,844,522
28338,846,522
28339,848,521
28340,850,521
28341,843,533
28342,842,538
28343,851,524
28344,854,523
28345,855,522
28346,856,522
28347,858,523
28348,858,523
28349,860,523
28350,862,523
28351,864,524
28352,864,524
28353,865,525
28354,867,524
28355,870,524
28356,871,523
28357,874,523
28358,876,523
28359,877,522
28360,879,523
28361,881,523
28362,882,524
28363,882,524
28364,884,524
28365,889,524
28366,897,522
28367,906,520
28368,912,517
28369,919,516
28370,928,515
28371,934,514
28372,941,514
28373,946,513
28374,952,513
28375,956,513
28376,960,512
28377,964,512
28378,967,510
28379,973,508
28380,976,509
28381,978,509
28382,982,508
28383,985,506
28384,989,505
28385,992,505
28386,994,503
28387,996,503
28388,999,502
28389,1002,501
28390,1004,502
28391,1006,502
28392,1007,501
28393,1010,501
28394,1011,500
28395,1014,500
28396,1016,500
28397,1017,500
28398,1018,501
28399,1020,501
28400,1021,501
28401,1024,502
28402,1026,503
28403,1031,504
28404,1034,506
28405,1037,506
28406,1040,507
28407,1042,508
28408,1044,509
28409,1046,509
28410,1047,509
28411,1050,510
28412,1052,511
28413,1052,511
28414,1054,512
28415,1056,512
28416,1056,512
28417,1057,512
28418,1058,513
28419,1058,513
28420,1059,513
28421,1060,512
28422,1061,513
28423,1062,513
28424,1064,513
28425,1064,514
28426,1064,513
28427,1065,513
28428,1065,511
28429,1063,509
28430,1061,508
28431,1059,507
28432,1058,505
28433,1060,505
28434,1060,503
28435,1061,502
28436,1061,502
28437,1061,503
28438,1060,502
28439,1060,502
28440,1061,502
28441,1061,502
28442,1060,501
28443,1061,501
28444,1060,499
28445,1062,499
28446,1061,497
28447,1061,498
28448,1062,497
28449,1061,498
28450,1059,497
28451,1057,498
28452,1054,497
28453,1053,497
28454,1052,496
28455,1052,496
28456,1051,495
28457,1049,495
28458,1048,495
28459,1048,495
28460,1047,494
28461,1047,494
28462,1048,494
28463,1048,494
28464,1048,494
28465,1049,493
28466,1049,493
28467,1049,493
28468,1051,493
28469,1049,493
28470,1051,493
28471,1050,493
28472,1050,493
28473,1052,493
28474,1052,493
28475,1051,492
28476,1051,492
28477,1053,492
28478,1053,492
28479,1054,492
28480,1053,492
28481,1054,492
28482,1054,492
28483,1052,493
28484,1043,495
28485,1033,497
28486,1022,498
28487,1014,500
28488,1007,502
28489,999,504
28490,991,505
28491,988,509
28492,982,510
28493,977,512
28494,974,513
28495,970,515
28496,967,518
28497,963,519
28498,961,521
28499,960,523
28500,957,527
28501,955,530
28502,954,532
28503,953,534
28504,951,536
28505,951,538
28506,953,538
28507,954,537
28508,956,538
28509,956,537
28510,958,537
28511,958,538
28512,960,539
28513,961,541
28514,961,541
28515,962,542
28516,964,543
28517,965,545
28518,966,546
28519,967,548
28520,969,549
28521,971,548
28522,974,547
28523,977,544
28524,981,542
28525,984,541
28526,987,539
28527,989,539
28528,992,537
28529,994,537
28530,996,536
28531,998,536
28532,1000,535
28533,1003,534
28534,1005,535
28535,1006,535
28536,1009,535
28537,1012,535
28538,1011,533
28539,1012,537
28540,1015,539
28541,1016,540
28542,1018,540
28543,1020,543
28544,1021,544
28545,1025,542
28546,1037,534
28547,1049,526
28548,1060,517
28549,1069,511
28550,1079,504
28551,1085,497
28552,1093,493
28553,1099,489
28554,1104,484
28555,1109,481
28556,1113,476
28557,1117,474
28558,1121,470
28559,1123,467
28560,1126,466
28561,1129,463
28562,1131,462
28563,1133,460
28564,1134,457
28565,1136,457
28566,1136,455
28567,1136,453
28568,1138,452
28569,1139,452
28570,1138,451
28571,1139,451
28572,1139,449
28573,1138,447
28574,1139,444
28575,1139,444
28576,1139,441
28577,1138,440
28578,1137,437
28579,1137,437
28580,1136,434
28581,1136,434
28582,1136,432
28583,1134,430
28584,1134,430
28585,1133,428
28586,1132,426
28587,1131,424
28588,1132,422
28589,1130,418
28590,1129,417
28591,1130,415
28592,1129,415
28593,1128,412
28594,1127,412
28595,1126,410
28596,1126,408
28597,1125,408
28598,1124,407
28599,1124,406
28600,1123,406
28601,1122,404
28602,1121,401
28603,1119,398
28604,1120,394
28605,1118,393
28606,1117,390
28607,1117,387
28608,1116,385
28609,1115,382
28610,1115,379
28611,1115,379
28612,1114,377
28613,1113,377
28614,1114,374
28615,1113,374
28616,1112,372
28617,1111,373
28618,1111,370
28619,1110,371
28620,1110,369
28621,1109,370
28622,1109,369
28623,1108,369
28624,1107,368
28625,1108,367
28626,1107,365
28627,1106,363
28628,1107,361
28629,1106,360
28630,1105,357
28631,1105,356
28632,1104,354
28633,1105,352
28634,1105,352
28635,1105,350
28636,1104,350
28637,1103,348
28638,1104,347
28639,1103,348
28640,1102,347
28641,1103,346
28642,1102,346
28643,1101,345
28644,1101,346
28645,1102,346
28646,1101,344
28647,1100,342
28648,1101,340
28649,1101,339
28650,1100,337
28651,1101,336
28652,1101,335
28653,1101,333
28654,1100,333
28655,1099,331
28656,1100,330
28657,1099,330
28658,1100,330
28659,1099,329
28660,1098,328
28661,1099,327
28662,1098,325
28663,1098,325
28664,1099,323
28665,1098,323
28666,1099,322
28667,1098,321
28668,1097,320
28669,1098,319
28670,1098,319
28671,1097,318
28672,1097,317
28673,1097,315
28674,1094,315
28675,1090,314
28676,1087,313
28677,1085,311
28678,1081,311
28679,1078,309
28680,1076,309
28681,1073,308
28682,1071,307
28683,1069,306
28684,1068,306
28685,1067,305
28686,1065,305
28687,1064,305
28688,1062,304
28689,1063,303
28690,1062,302
28691,1061,302
28692,1062,300
28693,1062,300
28694,1062,299
28695,1062,299
28696,1062,298
28697,1062,297
28698,1063,296
28699,1063,295
28700,1062,295
28701,1064,294
28702,1064,293
28703,1064,293
28704,1066,292
28705,1066,291
28706,1067,291
28707,1066,291
28708,1066,290
28709,1066,289
28710,1068,288
28711,1070,287
28712,1069,287
28713,1069,287
28714,1071,287
28715,1071,286
28716,1070,286
28717,1070,285
28718,1073,283
28719,1073,282
28720,1074,281
28721,1075,281
28722,1076,281
28723,1077,280
28724,1077,281
28725,1076,282
28726,1076,282
28727,1077,281
28728,1077,280
28729,1078,280
28730,1078,281
28731,1078,282
28732,1078,282
28733,1078,283
28734,1078,284
28735,1078,284
28736,1079,284
28737,1079,284
28738,1079,284
28739,1079,283
28740,1078,281
28741,1077,281
28742,1076,281
28743,1075,281
28744,1074,280
28745,1073,280
28746,1073,280
28747,1072,279
28748,1070,279
28749,1072,281
28750,1072,281
28751,1073,281
28752,1071,280
28753,1068,279
28754,1064,278
28755,1061,278
28756,1058,277
28757,1057,277
28758,1055,276
28759,1055,275
28760,1053,274
28761,1052,274
28762,1051,273
28763,1052,272
28764,1050,271
28765,1051,271
28766,1050,270
28767,1049,269
28768,1050,269
28769,1049,268
28770,1049,267
28771,1049,267
28772,1049,266
28773,1049,266
28774,1050,266
28775,1054,267
28776,1058,267
28777,1061,268
28778,1063,268
28779,1066,268
28780,1068,268
28781,1070,269
28782,1072,269
28783,1074,269
28784,1075,270
28785,1078,270
28786,1080,270
28787,1081,269
28788,1082,270
28789,1083,270
28790,1085,270
28791,1086,270
28792,1087,270
28793,1088,270
28794,1089,270
28795,1090,270
28796,1091,271
28797,1092,271
28798,1093,271
28799,1093,271
