frame_no,ball_x,ball_y
178,964,460
179,965,456
180,962,456
181,963,455
182,964,454
183,963,453
184,963,452
185,964,451
186,963,451
187,963,451
188,963,451
189,963,450
190,963,450
191,964,450
192,963,451
193,965,450
194,964,451
195,965,451
196,964,452
197,966,452
198,965,454
199,966,455
200,966,456
201,967,458
202,967,459
203,968,460
204,968,462
205,969,464
206,969,466
207,970,468
208,969,471
209,970,473
210,970,476
211,971,478
212,973,481
213,973,484
214,974,487
215,973,490
216,974,494
217,974,497
218,975,501
219,975,505
220,976,508
221,976,512
222,977,516
223,977,521
224,978,525
225,980,530
226,979,535
227,980,539
228,980,545
229,981,550
230,981,555
231,983,560
232,983,565
233,984,571
234,984,577
235,985,583
236,985,589
237,986,595
238,986,601
239,987,608
240,987,614
241,988,621
242,988,628
243,989,635
244,991,642
245,990,649
246,992,657
247,992,665
248,993,663
249,993,658
250,993,656
251,992,653
252,1004,647
253,1006,645
254,1009,643
255,1016,641
256,1019,640
257,1023,639
258,1026,639
259,1032,639
260,1035,640
261,1039,640
262,1043,640
263,1047,641
264,1051,641
265,1059,643
266,1061,645
267,1063,647
268,1067,648
269,1069,650
270,1072,652
271,1075,654
272,1078,657
273,1079,659
274,1079,659
275,1080,657
276,1079,655
277,1078,654
278,1078,653
279,1077,652
280,1077,651
281,1075,650
282,1075,650
283,1073,649
284,1073,649
285,1071,649
286,1071,649
287,1069,649
288,1068,649
289,1066,650
290,1065,650
291,1065,651
292,1063,652
293,1062,653
294,1060,655
295,1059,656
296,1057,657
297,1056,659
298,1054,661
299,1053,663
300,1051,665
301,1050,667
302,1048,667
303,1047,666
304,1045,665
305,1044,664
306,1042,663
307,1041,662
308,1039,662
309,1038,662
310,1036,662
311,1035,661
312,1033,662
313,1032,662
314,1030,662
315,1029,663
316,1027,663
317,1026,664
318,1027,665
319,1031,667
320,1035,668
321,1039,670
322,1042,671
323,1044,671
324,1048,670
325,1050,670
326,1053,670
327,1055,671
328,1058,672
329,1060,673
330,1063,674
331,1064,676
332,1067,677
333,1068,679
334,1071,681
335,1072,683
336,1074,685
337,1077,687
338,1077,690
339,1079,691
340,1078,692
341,1077,693
342,1078,693
343,1079,693
344,1077,695
345,1076,697
346,1077,699
347,1076,700
348,1076,702
349,1075,704
350,1075,705
351,1074,706
352,1074,707
353,1073,708
354,1073,709
355,1071,711
356,1071,712
357,1069,713
358,1069,714
359,1067,715
360,1067,716
361,1065,717
362,1064,718
363,1062,719
364,1061,720
365,1060,721
366,1058,722
367,1057,723
368,1055,724
369,1054,725
370,1054,726
371,1055,727
372,1057,728
373,1058,729
374,1058,731
375,1057,732
376,1058,734
377,1057,736
378,1058,738
379,1057,740
380,1058,742
381,1057,745
382,1057,747
383,1056,750
384,1055,752
385,1055,753
386,1053,754
387,1052,755
388,1049,756
389,1048,758
390,1047,759
391,1044,761
392,1044,763
393,1044,766
394,1042,767
395,1041,768
396,1039,769
397,1039,770
398,1036,771
399,1035,773
400,1033,774
401,1032,776
402,1032,777
403,1029,779
404,1028,780
405,1025,781
406,1025,782
407,1023,784
408,1022,785
409,1020,786
410,1019,787
411,1016,789
412,1015,790
413,1014,791
414,1011,792
415,1010,793
416,1007,794
417,1006,795
418,1003,796
419,1003,797
420,1000,799
421,999,799
422,996,800
423,995,801
424,992,802
425,991,803
426,989,804
427,987,805
428,984,806
429,984,807
430,981,808
431,980,809
432,977,809
433,976,810
434,973,811
435,972,812
436,969,813
437,968,814
438,965,815
439,965,815
440,966,815
441,968,815
442,969,816
443,972,817
444,974,817
445,975,818
446,977,819
447,979,820
448,979,822
449,981,824
450,982,826
451,983,826
452,983,826
453,982,827
454,983,828
455,982,829
456,983,830
457,984,831
458,982,832
459,982,833
460,980,833
461,979,834
462,977,835
463,976,836
464,974,837
465,973,838
466,970,839
467,969,840
468,968,840
469,965,841
470,965,841
471,969,842
472,974,843
473,978,843
474,981,845
475,985,845
476,987,846
477,991,847
478,993,847
479,997,848
480,999,849
481,1002,849
482,1003,850
483,1004,851
484,1006,851
485,1008,852
486,1008,853
487,1009,853
488,1008,854
489,1009,854
490,1008,855
491,1010,855
492,1009,856
493,1009,856
494,1007,857
495,1005,857
496,1005,857
497,1005,858
498,1003,859
499,1002,860
500,1002,861
501,1001,861
502,1001,861
503,1001,861
504,999,862
505,999,863
506,996,863
507,996,864
508,993,864
509,993,865
510,991,865
511,990,865
512,988,865
513,987,866
514,984,867
515,983,867
516,980,867
517,978,868
518,977,869
519,974,869
520,972,870
521,969,870
522,967,870
523,966,870
524,962,871
525,960,871
526,959,872
527,955,872
528,953,872
529,950,873
530,948,873
531,944,873
532,943,873
533,942,873
534,942,873
535,946,871
536,948,871
537,955,867
538,960,865
539,963,864
540,969,862
541,974,861
542,977,861
543,981,858
544,983,856
545,984,854
546,987,853
547,988,850
548,991,848
549,992,846
550,995,845
551,998,843
552,999,842
553,1001,841
554,1001,841
555,1004,841
556,1006,840
557,1005,840
558,1007,840
559,1008,840
560,1010,840
561,1009,839
562,1007,837
563,1008,835
564,1007,834
565,1007,832
566,1005,832
567,1005,831
568,1003,831
569,1003,830
570,1002,830
571,1000,830
572,1000,830
573,1000,830
574,998,830
575,997,829
576,995,827
577,995,826
578,993,826
579,993,825
580,991,824
581,990,824
582,990,823
583,987,823
584,986,823
585,984,822
586,983,822
587,983,821
588,980,821
589,979,820
590,979,819
591,977,819
592,976,817
593,974,816
594,974,816
595,972,815
596,971,814
597,969,814
598,968,813
599,968,813
600,965,814
601,965,814
602,964,813
603,962,812
604,962,811
605,960,810
606,959,810
607,957,810
608,957,810
609,955,810
610,955,809
611,954,808
612,954,807
613,951,808
614,949,809
615,947,809
616,945,810
617,942,810
618,940,810
619,915,806
620,910,805
621,904,804
622,899,803
623,893,802
624,896,803
625,890,805
626,887,804
627,881,803
628,877,801
629,873,800
630,869,799
631,864,798
632,860,797
633,856,796
634,851,795
635,847,793
636,843,792
638,812,766
639,807,762
640,801,759
641,797,756
642,793,753
643,788,748
644,785,744
645,785,741
646,784,738
647,783,734
648,798,732
649,801,731
650,803,729
651,804,726
652,807,724
653,811,722
654,813,720
655,817,718
656,819,716
657,820,714
658,823,712
659,825,710
660,828,708
661,829,706
662,831,706
663,831,707
664,831,709
665,832,711
666,830,714
667,831,716
668,830,718
669,830,719
670,829,721
671,829,723
672,828,724
673,828,726
674,828,728
675,828,729
676,827,730
677,827,732
678,826,733
679,826,734
680,826,735
681,824,736
682,824,738
683,822,739
684,822,740
685,821,741
686,821,742
687,819,743
688,819,744
689,818,745
690,818,745
691,817,746
692,817,747
693,816,748
694,816,749
695,814,750
696,814,751
697,814,751
698,812,752
699,812,753
700,811,754
701,811,755
702,810,756
703,808,757
704,809,757
705,806,758
706,800,759
707,793,759
708,785,761
709,778,762
710,772,764
711,763,766
712,756,768
713,750,770
714,744,771
715,738,774
716,731,776
717,726,778
718,719,781
719,714,784
720,710,785
721,705,787
722,702,787
723,699,788
724,694,790
725,691,792
726,689,793
727,684,795
728,682,797
729,678,799
730,677,801
731,675,801
732,672,803
733,668,803
734,655,804
735,635,805
736,616,806
737,596,807
738,578,807
739,561,808
740,545,809
741,526,810
742,510,813
743,493,815
744,478,816
745,462,817
746,446,818
747,430,820
748,413,821
749,397,822
750,392,826
751,378,827
752,367,830
753,354,832
754,342,834
755,332,837
756,321,840
757,309,843
758,298,845
759,286,848
760,275,851
761,263,853
762,252,856
763,240,858
765,766,725
766,766,725
767,766,725
768,766,725
769,766,725
770,766,725
771,766,725
772,766,725
773,766,725
786,932,694
787,932,694
788,932,694
789,932,694
790,932,694
791,932,694
792,932,694
793,932,694
794,932,694
834,490,837
835,517,829
836,543,821
837,569,813
838,594,805
839,617,797
840,639,789
841,662,781
842,682,774
843,702,766
844,720,759
845,738,752
846,754,744
847,771,737
848,785,730
849,800,723
850,813,717
851,826,710
852,837,703
853,848,697
854,860,691
855,870,684
856,878,678
857,886,672
858,894,666
859,903,660
860,909,655
861,915,648
862,921,643
863,926,637
864,930,631
865,936,626
866,940,621
867,943,616
868,946,611
869,950,606
870,952,601
871,954,596
872,957,591
873,959,587
874,960,582
875,962,577
876,962,573
877,964,568
878,964,564
879,965,560
880,965,556
881,964,552
882,965,548
883,964,544
884,965,540
885,964,536
886,962,533
887,962,529
888,961,525
889,961,522
890,959,518
891,957,515
892,957,512
893,956,508
894,955,505
895,953,502
896,950,499
897,942,498
898,928,500
899,927,502
900,927,506
901,923,508
902,919,510
903,890,503
904,875,501
905,860,499
906,845,497
907,830,495
908,815,493
909,800,491
910,784,489
911,769,488
913,882,521
914,879,523
915,876,524
916,874,526
917,870,528
918,868,529
919,865,532
920,864,534
921,861,536
922,860,538
923,857,541
924,856,543
925,854,546
926,853,548
927,851,551
928,850,553
929,848,556
930,847,557
931,846,556
932,844,556
933,844,555
934,842,556
935,842,555
936,841,555
937,839,555
938,839,555
939,839,555
940,837,556
941,836,557
942,835,558
943,835,558
944,834,559
945,834,560
946,833,561
947,833,562
948,832,564
949,832,565
950,831,566
951,831,568
952,830,569
953,830,570
954,829,569
955,829,569
956,828,569
957,828,568
958,827,568
959,827,568
960,825,569
961,826,569
962,826,569
963,825,569
964,825,570
965,824,571
966,824,571
967,823,572
968,823,573
969,822,573
970,822,573
971,821,572
972,821,572
973,821,572
974,825,565
975,827,559
976,830,553
977,833,548
978,834,542
979,837,537
980,839,532
981,842,526
982,844,521
983,845,516
984,848,512
985,849,507
986,851,503
987,852,499
988,854,495
989,855,492
990,857,488
991,857,485
992,859,481
993,859,478
994,860,475
995,860,473
996,861,470
997,861,467
998,863,465
999,862,463
1000,862,461
1001,864,459
1002,863,457
1003,864,455
1004,864,454
1005,864,452
1006,864,451
1007,864,449
1008,863,448
1009,864,447
1010,863,445
1011,863,444
1012,862,443
1013,863,442
1014,862,442
1015,862,441
1016,861,441
1017,862,441
1018,861,441
1019,862,440
1020,860,440
1021,859,440
1022,859,439
1023,858,439
1024,859,439
1025,858,439
1026,857,439
1027,856,439
1028,856,439
1029,855,439
1030,855,439
1031,854,439
1032,854,440
1033,853,440
1034,853,440
1035,852,441
1036,852,440
1037,851,441
1038,851,441
1039,850,442
1040,850,442
1041,848,442
1042,848,442
1043,847,442
1044,847,442
1045,846,442
1046,846,443
1047,844,443
1048,845,444
1049,843,445
1050,843,445
1051,842,446
1052,842,447
1053,841,448
1054,841,449
1055,841,449
1056,840,449
1057,840,449
1058,839,450
1059,839,450
1060,838,450
1061,838,451
1062,837,451
1063,838,452
1064,837,453
1065,835,453
1066,835,451
1067,832,450
1068,833,448
1069,832,446
1070,832,445
1071,832,443
1072,832,441
1073,831,440
1074,831,438
1075,831,436
1076,830,435
1081,824,431
1082,821,432
1083,821,430
1084,819,430
1085,820,428
1086,818,428
1087,819,427
1088,817,426
1089,818,425
1090,816,425
1091,817,425
1092,816,425
1093,816,423
1094,816,422
1095,816,421
1096,816,419
1097,816,418
1098,815,427
1099,815,427
1100,815,427
1101,816,428
1102,818,428
1103,820,428
1104,822,429
1105,824,429
1106,822,429
1107,824,430
1108,824,430
1109,826,430
1110,826,431
1111,828,432
1112,827,432
1113,829,430
1114,831,430
1115,832,429
1116,830,430
1117,830,430
1118,834,426
1119,836,427
1120,838,427
1121,839,427
1122,841,427
1123,838,426
1124,837,426
1125,838,425
1126,838,425
1127,837,424
1128,838,423
1129,839,423
1130,838,423
1131,838,422
1132,838,422
1133,838,422
1134,839,421
1135,838,422
1136,839,422
1137,841,423
1138,844,424
1139,846,425
1140,847,427
1141,849,428
1142,850,429
1143,853,430
1144,854,431
1145,856,432
1146,856,433
1147,858,433
1148,859,434
1149,860,434
1150,860,435
1151,862,436
1152,862,437
1153,864,438
1154,864,439
1155,865,440
1156,864,440
1157,866,440
1158,865,441
1159,865,442
1160,866,442
1161,866,443
1162,867,443
1163,866,444
1164,868,444
1165,868,445
1166,865,445
1167,860,446
1168,856,446
1169,853,447
1170,848,447
1171,843,447
1172,841,448
1173,836,449
1174,835,450
1175,832,451
1176,830,452
1177,827,452
1178,821,450
1179,818,450
1180,814,451
1181,813,451
1182,810,452
1183,808,452
1184,805,452
1185,804,452
1186,801,453
1187,800,453
1188,797,454
1189,796,454
1190,794,454
1191,793,454
1192,791,455
1193,791,455
1194,789,455
1195,788,455
1196,786,455
1197,786,455
1198,785,456
1199,783,456
1200,783,456
1201,782,456
1202,782,456
1203,780,456
1204,780,457
1205,779,457
1206,779,457
1207,778,457
1208,778,457
1209,777,457
1210,778,458
1211,777,458
1212,778,458
1213,777,458
1214,777,458
1215,776,458
1216,777,458
1217,776,458
1218,777,458
1219,776,458
1220,777,458
1221,776,458
1222,774,458
1223,772,454
1224,769,453
1225,765,452
1226,764,451
1227,761,450
1228,757,449
1229,756,447
1230,754,446
1231,750,444
1232,749,443
1233,748,441
1234,745,440
1235,744,439
1236,741,439
1237,741,438
1238,739,437
1239,739,436
1240,737,436
1241,737,434
1242,736,434
1243,736,433
1244,735,432
1245,736,431
1246,735,431
1247,736,430
1248,735,429
1249,736,429
1250,736,428
1251,738,428
1252,738,427
1253,740,427
1254,740,427
1255,742,426
1256,742,426
1257,736,426
1258,729,425
1259,721,425
1260,712,425
1261,705,424
1262,697,425
1263,691,425
1264,683,425
1265,677,425
1266,669,425
1267,664,424
1268,659,424
1269,652,424
1270,648,423
1271,643,422
1272,638,422
1273,634,422
1274,630,422
1275,626,422
1276,623,422
1277,618,423
1278,616,423
1279,614,422
1280,611,422
1281,608,422
1282,607,421
1283,604,421
1284,603,421
1285,602,422
1286,604,421
1287,607,421
1288,610,421
1289,614,420
1290,619,420
1291,623,419
1292,630,419
1293,634,418
1294,640,418
1295,644,418
1296,650,417
1297,655,417
1298,660,416
1299,665,416
1300,670,416
1301,675,415
1302,682,415
1303,686,415
1304,692,414
1305,696,414
1306,702,414
1307,706,414
1308,711,414
1309,716,413
1310,721,413
1311,725,413
1312,730,412
1313,734,413
1314,739,413
1315,742,412
1316,747,412
1317,750,412
1318,755,412
1319,758,411
1320,763,411
1321,766,411
1322,770,411
1323,773,411
1324,778,411
1325,779,411
1326,775,414
1327,769,417
1328,761,420
1329,754,422
1330,748,425
1331,741,428
1332,734,432
1333,729,435
1334,722,438
1335,717,441
1336,710,445
1337,705,448
1338,698,452
1339,697,452
1340,693,455
1341,689,459
1342,683,463
1343,679,467
1344,673,471
1345,669,475
1346,664,479
1347,660,483
1348,655,488
1349,652,492
1350,649,496
1351,644,501
1352,642,504
1353,640,507
1354,637,509
1355,635,511
1356,632,514
1357,631,517
1358,630,519
1359,627,522
1360,626,525
1361,625,528
1362,623,532
1363,623,535
1364,623,538
1365,623,540
1366,621,542
1367,622,545
1368,621,547
1369,622,549
1370,621,552
1371,622,554
1372,622,556
1373,624,559
1374,624,561
1375,625,563
1376,625,565
1377,627,567
1378,627,570
1379,629,571
1380,630,573
1381,632,575
1382,633,576
1383,634,578
1384,637,580
1385,638,582
1386,640,584
1387,641,585
1388,644,586
1389,646,587
1390,632,588
1391,625,588
1392,650,591
1393,654,593
1394,658,595
1395,662,596
1396,661,597
1397,663,597
1398,669,594
1399,674,591
1400,680,588
1401,685,585
1402,691,583
1403,696,581
1404,700,578
1405,705,576
1406,708,575
1407,713,573
1408,717,572
1409,720,571
1410,725,569
1411,728,569
1412,732,567
1413,735,566
1414,739,564
1415,742,562
1416,746,560
1417,749,559
1418,759,561
1419,770,566
1420,780,570
1421,791,574
1422,800,579
1423,810,582
1424,820,586
1425,829,590
1426,838,593
1427,848,596
1428,856,600
1429,864,603
1430,873,606
1431,881,609
1432,888,612
1433,896,615
1434,903,618
1435,910,621
1436,918,624
1437,923,627
1438,929,629
1439,936,631
1440,941,634
1441,945,636
1442,951,637
1443,955,639
1444,959,640
1445,964,641
1446,968,643
1447,972,645
1448,975,647
1449,980,649
1450,982,652
1451,985,653
1452,988,654
1453,990,655
1454,993,655
1455,994,656
1456,997,658
1457,998,659
1458,1000,661
1459,1001,662
1460,1003,662
1461,1004,663
1462,1004,663
1463,1006,664
1464,1006,665
1465,1008,665
1466,1007,666
1467,1007,666
1468,1008,666
1469,1008,667
1470,1005,666
1471,995,665
1472,987,663
1473,979,661
1474,972,660
1475,964,658
1476,958,657
1477,952,655
1478,946,654
1479,940,652
1480,933,650
1481,929,649
1482,924,647
1483,919,646
1484,914,645
1485,910,644
1486,906,642
1487,903,641
1488,899,639
1489,896,638
1490,894,637
1491,890,636
1492,888,635
1493,886,634
1494,884,633
1495,882,632
1496,881,630
1497,876,631
1498,870,633
1499,865,634
1500,859,635
1501,854,636
1502,850,637
1503,846,638
1504,840,640
1505,837,641
1506,833,642
1507,829,643
1508,827,644
1509,823,645
1510,821,646
1511,818,646
1512,817,647
1513,814,648
1514,813,649
1515,812,650
1516,810,650
1517,809,651
1518,807,652
1519,807,652
1520,806,653
1521,806,653
1522,805,654
1523,806,654
1524,807,654
1525,806,655
1526,807,655
1527,807,656
1528,808,656
1529,809,656
1530,809,656
1531,811,656
1532,813,656
1533,813,656
1534,814,656
1535,815,656
1536,817,657
1537,818,656
1538,820,656
1539,823,656
1540,824,656
1541,826,656
1542,829,656
1543,830,656
1544,832,656
1545,835,655
1546,836,655
1547,839,655
1548,840,655
1549,843,654
1550,845,654
1551,848,653
1552,850,653
1553,853,653
1554,855,653
1555,858,652
1556,861,652
1557,862,651
1558,865,651
1559,867,651
1560,870,650
1561,872,650
1562,875,650
1563,877,649
1564,880,649
1565,881,648
1566,884,648
1567,887,648
1568,889,648
1569,890,647
1570,883,640
1571,871,629
1572,858,617
1573,844,607
1574,832,597
1575,820,587
1576,807,578
1577,796,569
1578,784,562
1579,773,554
1580,763,546
1581,753,539
1582,743,533
1583,734,526
1584,725,521
1585,715,515
1586,707,510
1587,700,505
1588,691,500
1589,684,496
1590,678,492
1591,670,488
1592,664,485
1593,659,481
1594,654,476
1595,650,472
1596,644,468
1597,641,464
1598,637,461
1599,634,458
1600,630,455
1601,626,453
1602,624,451
1603,622,449
1604,619,448
1605,617,446
1606,616,446
1607,613,445
1608,613,444
1609,612,442
1610,612,440
1611,612,438
1612,612,437
1613,612,436
1614,611,435
1615,612,434
1616,612,434
1617,613,433
1618,613,433
1619,613,433
1620,616,435
1621,623,440
1622,634,445
1623,644,449
1624,653,453
1625,664,457
1626,673,462
1627,684,466
1628,693,471
1629,702,476
1630,711,481
1631,722,484
1632,730,488
1633,740,491
1634,748,495
1635,756,499
1636,766,503
1637,774,506
1638,781,509
1639,790,511
1640,797,514
1641,804,517
1642,812,519
1643,821,522
1644,838,525
1645,856,529
1646,875,532
1647,892,535
1648,910,537
1649,926,540
1650,942,542
1651,957,543
1652,971,545
1653,986,546
1654,1000,548
1655,1013,550
1656,1025,552
1657,1039,554
1658,1050,556
1659,1061,558
1660,1073,560
1661,1083,562
1662,1093,565
1663,1103,567
1664,1112,569
1665,1120,570
1666,1127,571
1667,1135,572
1668,1142,573
1669,1148,574
1670,1155,576
1671,1160,577
1672,1165,578
1673,1171,579
1674,1174,580
1675,1178,581
1676,1183,581
1677,1186,582
1678,1188,582
1679,1192,583
1680,1195,584
1681,1196,585
1682,1199,585
1683,1200,585
1684,1201,586
1685,1201,586
1686,1200,586
1687,1198,586
1688,1195,586
1689,1194,586
1690,1191,586
1691,1190,586
1692,1187,587
1693,1185,587
1694,1182,587
1695,1180,587
1696,1176,587
1697,1174,586
1698,1170,586
1699,1168,587
1700,1164,587
1701,1161,587
1702,1158,587
1703,1155,587
1704,1151,587
1705,1149,586
1706,1145,586
1707,1143,586
1708,1139,587
1709,1137,587
1710,1133,587
1711,1130,587
1712,1127,587
1713,1124,586
1714,1121,586
1715,1118,587
1716,1115,587
1717,1112,587
1718,1110,586
1719,1107,587
1720,1105,587
1721,1101,587
1722,1099,587
1723,1096,587
1724,1094,587
1725,1091,587
1726,1089,587
1727,1085,586
1728,1079,585
1729,1072,584
1730,1065,583
1731,1061,582
1732,1055,581
1733,1054,582
1734,1055,583
1735,1057,585
1736,1059,586
1737,1059,588
1738,1058,589
1739,1060,590
1740,1059,591
1741,1060,593
1742,1060,594
1743,1061,595
1744,1061,596
1745,1060,597
1746,1061,598
1747,1060,598
1748,1061,598
1749,1060,599
1750,1060,600
1751,1059,601
1752,1059,602
1753,1057,603
1754,1057,603
1755,1056,604
1756,1058,604
1757,1061,603
1758,1065,601
1759,1069,600
1760,1071,599
1761,1075,598
1762,1078,597
1763,1080,596
1764,1084,594
1765,1086,594
1766,1089,593
1767,1091,592
1768,1092,592
1769,1095,590
1770,1096,590
1771,1098,589
1772,1098,588
1773,1100,588
1774,1100,587
1775,1101,586
1776,1101,586
1777,1101,585
1778,1102,585
1779,1102,584
1780,1101,584
1781,1102,583
1782,1101,583
1783,1100,583
1784,1101,583
1785,1100,583
1786,1098,582
1787,1098,582
1788,1097,581
1789,1096,581
1790,1094,581
1791,1093,581
1792,1091,581
1793,1090,580
1794,1087,580
1795,1086,580
1796,1083,580
1797,1081,579
1798,1078,579
1799,1076,579
1800,1073,579
1801,1071,579
1802,1067,579
1803,1065,579
1804,1062,579
1805,1059,579
1806,1056,578
1807,1054,578
1808,1050,578
1809,1046,578
1810,1045,578
1811,1041,578
1812,1039,578
1813,1035,578
1814,1033,578
1815,1030,578
1816,1027,578
1817,1024,577
1818,1020,577
1819,1018,577
1820,1015,577
1821,1015,577
1822,1025,577
1823,1036,576
1824,1049,576
1825,1061,575
1826,1071,575
1827,1083,574
1828,1093,574
1829,1102,573
1830,1113,573
1831,1122,572
1832,1132,572
1833,1140,572
1834,1149,571
1835,1156,571
1836,1163,571
1837,1171,571
1838,1178,571
1839,1185,570
1840,1190,570
1841,1196,570
1842,1201,570
1843,1205,570
1844,1210,570
1845,1213,570
1846,1216,569
1847,1220,568
1848,1223,568
1849,1226,567
1850,1228,568
1851,1230,568
1852,1233,568
1853,1234,569
1854,1236,569
1855,1236,569
1856,1238,569
1857,1237,569
1858,1237,569
1859,1238,569
1860,1237,569
1861,1237,570
1862,1236,570
1863,1235,570
1864,1235,570
1865,1233,569
1866,1232,569
1867,1229,568
1868,1228,568
1869,1226,569
1870,1223,569
1871,1222,569
1872,1220,570
1873,1218,570
1874,1215,571
1875,1212,570
1876,1210,570
1877,1208,569
1878,1204,570
1879,1200,570
1880,1198,570
1881,1194,570
1882,1191,570
1883,1188,570
1884,1172,562
1885,1162,558
1886,1153,554
1887,1144,551
1888,1135,547
1889,1126,543
1890,1117,539
1891,1107,536
1892,1095,511
1893,1087,506
1894,1079,501
1895,1072,496
1896,1063,493
1897,1057,489
1898,1051,485
1899,1045,482
1900,1038,479
1901,1033,474
1902,1027,471
1903,1022,467
1904,1018,464
1905,1012,461
1906,1008,459
1907,1003,456
1908,999,454
1909,996,452
1910,992,451
1911,988,449
1912,985,446
1913,981,444
1914,979,442
1915,975,441
1916,973,439
1917,969,438
1918,967,438
1919,964,437
1920,963,435
1921,960,434
1922,958,433
1923,955,433
1924,955,432
1925,952,432
1926,951,431
1927,949,431
1928,948,430
1929,945,430
1930,945,431
1931,946,434
1932,946,437
1933,948,441
1934,947,444
1935,946,448
1936,947,451
1937,946,454
1938,946,458
1939,945,462
1940,945,466
1941,944,470
1942,944,474
1943,943,478
1944,943,481
1945,942,485
1946,942,489
1947,941,492
1948,940,494
1949,938,496
1950,938,497
1951,936,500
1952,935,502
1953,933,504
1954,933,506
1955,931,509
1956,931,511
1957,929,514
1958,928,515
1959,926,517
1960,925,518
1961,923,519
1962,922,520
1963,920,522
1964,920,523
1965,917,526
1966,914,530
1967,911,530
1968,907,534
1969,905,536
1970,900,539
1971,898,541
1972,895,543
1973,891,545
1974,889,547
1975,886,550
1976,883,551
1977,879,553
1978,877,555
1979,875,556
1980,871,558
1981,869,559
1982,866,561
1983,864,562
1984,861,563
1985,860,564
1986,856,565
1987,861,563
1988,870,561
1989,881,559
1990,892,557
1991,901,556
1992,912,554
1993,921,553
1994,931,552
1995,939,551
1996,948,550
1997,958,549
1998,966,549
1999,974,548
2000,983,548
2001,990,547
2002,998,547
2003,1004,546
2004,1009,545
2005,1014,543
2006,1019,542
2007,1024,541
2008,1029,539
2009,1035,538
2010,1038,538
2011,1041,538
2012,1046,538
2013,1049,538
2014,1051,538
2015,1054,536
2016,1055,535
2017,1057,534
2018,1059,533
2019,1060,533
2020,1061,532
2021,1063,532
2022,1064,532
2023,1066,532
2024,1065,531
2025,1065,531
2026,1066,530
2027,1066,530
2028,1066,530
2029,1065,530
2030,1065,529
2031,1064,529
2032,1064,529
2033,1062,529
2034,1061,529
2035,1060,528
2036,1059,528
2037,1058,528
2038,1056,528
2039,1055,528
2040,1053,527
2041,1052,527
2042,1050,527
2043,1049,527
2044,1046,527
2045,1045,527
2046,1042,527
2047,1041,527
2048,1038,527
2049,1037,526
2050,1034,527
2051,1033,526
2052,1030,527
2053,1028,527
2054,1025,527
2055,1023,527
2056,1021,526
2057,1018,527
2058,1016,527
2059,1013,527
2060,1011,527
2061,1008,527
2062,1006,527
2063,1003,527
2064,1001,527
2065,998,527
2066,996,527
2067,993,527
2068,991,527
2069,988,527
2070,986,528
2071,983,528
2072,981,528
2073,977,528
2074,975,528
2075,972,528
2076,970,528
2077,967,528
2078,965,528
2079,962,528
2080,962,528
2081,962,528
2082,963,528
2083,965,528
2084,965,528
2085,967,529
2086,968,529
2087,970,529
2088,971,529
2089,973,529
2090,974,529
2091,974,529
2092,977,529
2093,978,529
2094,978,529
2095,980,529
2096,981,529
2097,983,529
2098,984,529
2099,984,529
2100,986,529
2101,991,524
2102,1003,513
2103,1015,501
2104,1029,489
2105,1043,477
2106,1057,466
2107,1070,456
2108,1084,445
2109,1099,435
2110,1111,427
2111,1124,417
2112,1137,409
2113,1150,400
2114,1161,392
2115,1175,384
2116,1185,378
2117,1197,370
2118,1209,363
2119,1219,358
2120,1229,352
2121,1240,347
2122,1250,342
2123,1261,337
2124,1272,332
2125,1282,328
2126,1292,324
2127,1303,320
2128,1312,316
2129,1323,313
2130,1331,310
2131,1343,307
2132,1354,304
2133,1365,301
2134,1374,299
2135,1382,296
2136,1387,295
2137,1393,293
2138,1399,291
2139,1406,289
2140,1412,288
2141,1418,286
2142,1424,284
2143,1431,282
2144,1437,280
2146,1252,294
2147,1240,294
2148,1228,293
2149,1217,292
2150,1206,292
2151,1194,292
2152,1182,292
2153,1172,292
2154,1161,292
2155,1149,293
2156,1138,293
2157,1128,293
2158,1117,294
2159,1105,296
2160,1095,296
2161,1084,296
2162,1075,297
2163,1064,298
2164,1054,299
2165,1043,300
2166,1034,301
2167,1024,303
2168,1015,304
2169,1004,306
2170,995,306
2171,985,308
2172,977,309
2173,966,312
2174,958,313
2175,952,311
2176,947,307
2177,942,301
2178,937,297
2179,933,293
2180,928,289
2181,922,287
2182,917,283
2183,913,279
2184,908,276
2185,903,273
2186,899,269
2187,893,267
2188,889,264
2189,885,261
2190,879,259
2191,874,256
2192,870,255
2193,866,252
2194,865,252
2195,865,252
2196,865,252
2197,865,252
2198,865,252
2199,865,252
2200,865,252
2201,865,252
2202,866,252
2203,865,252
2204,865,252
2205,866,252
2206,865,252
2207,865,252
2208,865,252
2209,866,252
2210,866,252
2211,866,252
2212,866,252
2213,866,252
2214,866,252
2215,866,252
2216,866,252
2217,866,252
2218,866,252
2219,866,252
2220,866,252
2221,867,252
2223,1022,588
2224,1023,587
2225,1022,588
2226,1023,588
2227,1022,588
2228,1023,588
2229,1022,588
2230,1023,588
2231,1022,588
2232,1023,588
2233,1022,588
2234,1023,588
2235,1022,588
2236,1023,588
2237,1022,588
2238,1023,588
2239,1022,588
2240,1023,588
2241,1022,588
2242,1023,588
2243,1022,588
2244,1023,588
2245,1022,588
2246,1023,588
2247,1022,588
2248,1023,588
2249,1022,588
2250,1023,587
2251,1022,588
2252,1023,587
2253,1022,588
2254,1023,587
2255,1022,588
2256,1023,587
2257,1022,588
2258,1023,587
2259,1022,588
2260,1023,587
2261,1022,588
2262,1023,587
2263,1022,588
2264,1023,587
2265,1022,588
2266,1023,587
2267,1022,588
2268,1023,587
2269,1022,588
2270,1023,587
2271,1022,588
2272,1023,587
2273,1022,588
2274,1023,587
2275,1022,588
2276,1023,587
2277,1022,588
2278,1023,587
2279,1022,588
2280,1023,587
2281,1022,588
2282,1023,587
2283,1022,588
2284,1023,587
2285,1022,588
2286,1023,587
2287,1022,588
2288,1023,587
2289,1022,588
2290,1023,587
2291,1022,588
2292,1023,587
2293,1022,588
2294,1023,587
2295,1022,588
2296,1023,587
2297,1022,588
2298,1023,587
2299,1022,588
2300,1023,587
2301,1022,588
2302,1023,587
2303,1022,588
2304,1023,587
2305,1022,588
2306,1023,587
2307,1022,588
2308,1023,587
2309,1022,588
2310,1023,587
2311,1022,588
2312,1023,587
2313,1022,588
2314,1023,587
2315,1022,588
2316,1023,587
2317,1022,588
2318,1023,587
2319,1022,588
2320,1023,587
2321,1022,588
2322,1023,587
2323,1022,588
2324,1023,587
2325,1022,588
2326,1023,587
2327,1022,588
2328,1023,587
2329,1022,588
2330,1023,587
2331,1022,588
2332,1023,587
2333,1022,588
2334,1023,587
2335,1022,588
2336,1023,587
2337,1022,588
2338,1023,587
2339,1022,588
2340,1023,587
2341,1022,588
2342,1023,587
2343,1022,588
2344,1023,587
2345,1022,588
2346,1023,587
2347,1022,588
2348,1023,587
2349,1022,588
2350,1023,587
2351,1022,588
2352,1023,587
2353,1022,588
2354,1023,587
2355,1022,588
2356,1023,587
2357,1022,588
2358,1023,587
2359,1022,588
2360,1023,587
2361,1022,588
2362,1023,587
2363,1022,588
2364,1023,587
2365,1022,588
2366,1023,587
2367,1022,588
2368,1023,587
2369,1022,588
2370,1023,587
2371,1022,588
2372,1023,587
2373,1022,588
2374,1023,587
2375,1022,588
2376,1023,587
2377,1022,588
2378,1023,587
2379,1022,588
2380,1023,587
2381,1022,588
2382,1023,587
2383,1022,588
2384,1023,587
2385,1022,588
2386,1023,587
2387,1022,588
2388,1023,587
2389,1022,588
2390,1023,587
2391,1022,588
2392,1023,587
2393,1022,588
2394,1023,587
2395,1022,588
2396,1023,587
2397,1022,588
2398,1023,587
2399,1022,588
2400,1023,587
2401,1022,588
2402,1023,587
2403,1022,588
2404,1023,587
2405,1022,588
2406,1023,587
2407,1022,588
2408,1023,587
2409,1022,588
2410,1023,587
2411,1022,588
2412,1023,587
2413,1022,588
2414,1023,587
2415,1022,588
2416,1023,587
2417,1022,588
2418,1023,587
2419,1022,588
2420,1023,587
2421,1022,588
2422,1023,587
2423,1022,588
2424,1023,587
2425,1022,588
2426,1023,587
2427,1022,588
2428,1023,587
2429,1022,588
2430,1023,588
2431,1022,588
2432,1023,587
2433,1022,588
2434,1023,588
2435,1022,588
2436,1023,588
2437,1022,588
2438,1023,588
2439,1022,588
2440,1023,587
2441,1022,588
2442,1023,587
2443,1022,588
2444,1023,587
2445,1022,588
2446,1023,588
2447,1022,588
2448,1023,588
2449,1022,588
2450,1023,588
2451,1022,588
2452,1023,588
2453,1022,588
2454,1023,588
2455,1022,588
2456,1023,588
2457,1022,588
2458,1023,588
2459,1022,588
2460,1023,588
2461,1022,588
2462,1023,588
2463,1022,588
2464,1023,588
2465,1022,588
2466,1023,587
2467,1022,588
2468,1023,588
2469,1022,588
2470,1023,588
2471,1022,588
2472,1023,588
2473,1022,588
2474,1023,588
2475,1022,588
2476,1023,587
2477,1022,588
2478,1023,588
2479,1022,588
2480,1023,587
2481,1022,588
2482,1023,588
2483,1022,588
2484,1023,587
2485,1022,588
2486,1023,587
2487,1022,588
2488,1023,587
2489,1022,588
2490,1023,587
2491,1022,588
2492,1023,588
2493,1022,588
2494,1023,588
2495,1023,588
2496,1023,588
2497,1023,588
2498,1024,588
2499,1023,588
2500,1024,587
2501,1023,588
2502,1024,588
2503,1023,588
2504,1024,587
2505,1024,587
2506,1024,587
2507,1024,587
2508,1024,588
2509,1025,587
2510,1024,587
2511,1025,587
2512,1025,587
2513,1025,587
2514,1025,587
2515,1026,587
2516,1025,587
2517,1026,587
2518,1026,587
2519,1027,587
2520,1027,587
2521,1028,587
2522,1027,587
2523,1028,587
2524,1028,587
2525,1029,587
2526,1028,587
2527,1029,587
2528,1029,587
2529,1029,587
2530,1030,587
2531,1030,587
2532,1031,586
2533,1030,587
2534,1031,586
2535,1030,586
2536,1032,587
2537,1029,583
2538,1025,578
2539,1020,574
2540,1016,570
2541,1012,566
2542,1009,562
2543,1005,558
2544,1003,554
2545,999,551
2546,996,547
2547,993,544
2548,991,540
2549,987,537
2550,985,534
2551,983,530
2552,979,528
2553,977,525
2554,974,522
2555,973,519
2556,970,516
2557,969,513
2558,966,511
2559,965,508
2560,962,506
2561,961,503
2562,959,501
2563,958,499
2564,956,497
2565,955,495
2566,953,493
2567,953,491
2568,951,489
2569,951,487
2570,952,485
2571,953,484
2572,954,482
2573,955,481
2574,957,479
2575,958,478
2576,959,477
2577,961,475
2578,961,474
2579,963,473
2580,964,472
2581,966,471
2582,967,470
2583,968,469
2584,970,468
2585,972,467
2586,972,467
2587,972,467
2588,973,467
2589,974,466
2590,974,466
2591,978,461
2592,979,460
2593,978,461
2594,980,461
2595,981,460
2596,982,459
2597,984,458
2598,985,458
2599,986,457
2600,987,457
2601,988,456
2602,988,457
2603,991,457
2604,991,457
2605,992,456
2606,992,457
2607,994,456
2608,996,455
2609,997,455
2610,997,455
2611,998,455
2612,1000,455
2613,1000,455
2614,1001,455
2615,1003,455
2616,1004,454
2617,1006,454
2618,1007,454
2619,1009,454
2620,1010,454
2621,1009,455
2622,1011,454
2623,1009,447
2624,1008,437
2625,1006,428
2626,1005,418
2627,1004,409
2628,1004,400
2629,1003,390
2630,1000,385
2631,999,377
2632,999,369
2633,998,362
2634,997,355
2635,996,349
2636,997,342
2637,996,336
2638,995,330
2639,996,324
2640,995,318
2641,995,312
2642,995,307
2643,995,302
2644,995,297
2645,996,291
2646,995,287
2647,996,282
2648,996,277
2649,996,274
2650,997,269
2651,996,265
2652,997,261
2653,997,258
2654,998,254
2655,998,251
2656,999,247
2657,999,243
2658,999,241
2659,1000,236
2660,1001,232
2661,1001,228
2662,1002,224
2663,1002,219
2664,1002,216
2665,1003,212
2666,1003,208
2667,1004,204
2668,1005,201
2669,1005,198
2670,1007,195
2671,1007,192
2672,1008,188
2673,1009,185
2674,1010,182
2675,1009,179
2676,1010,177
2677,1011,174
2678,1011,171
2679,1013,168
2680,1013,167
2681,1014,164
2682,1014,162
2683,1016,159
2684,1016,157
2685,1017,155
2686,1017,153
2687,1018,151
2688,1020,149
2689,1020,147
2690,1021,146
2691,1022,144
2692,1023,143
2693,1024,141
2694,1024,140
2695,1025,139
2696,1025,138
2697,1026,137
2698,1028,135
2699,1028,135
2700,1029,134
2701,1030,133
2702,1030,132
2703,1031,131
2704,1031,131
2705,1032,130
2706,1033,130
2707,1034,129
2708,1034,130
2709,1035,129
2710,1037,129
2711,1037,129
2712,1038,129
2713,1038,129
2714,1039,129
2715,1040,128
2716,1041,128
2717,1041,129
2718,1042,129
2719,1043,129
2720,1044,130
2721,1044,131
2722,1045,131
2723,1045,131
2724,1047,133
2725,1048,133
2726,1047,134
2727,1049,135
2728,1049,136
2729,1049,137
2730,1050,138
2731,1050,139
2732,1051,140
2733,1053,141
2734,1052,143
2735,1053,144
2736,1053,145
2737,1054,145
2738,1056,147
2739,1055,150
2740,1056,151
2741,1056,153
2742,1057,154
2743,1058,156
2744,1057,159
2745,1058,160
2746,1058,162
2747,1059,163
2748,1060,165
2749,1059,168
2750,1060,170
2751,1061,171
2752,1061,172
2753,1060,173
2754,1058,173
2755,1055,175
2756,1054,176
2757,1053,177
2758,1050,179
2759,1048,180
2760,1046,180
2761,1045,181
2762,1042,181
2763,1041,181
2764,1040,181
2765,1039,181
2766,1036,182
2767,1036,183
2768,1034,184
2769,1033,184
2770,1033,184
2771,1031,185
2772,1031,185
2773,1030,185
2774,1029,186
2775,1029,186
2776,1028,186
2777,1028,186
2778,1028,186
2779,1027,186
2780,1028,186
2781,1027,186
2782,1026,186
2783,1024,186
2784,1024,186
2785,1021,185
2786,1019,185
2787,1018,185
2788,1017,184
2789,1015,184
2790,1014,184
2791,1013,184
2792,1011,184
2793,1011,183
2794,1010,184
2795,1010,183
2796,1009,183
2797,1009,181
2798,1009,181
2799,1007,182
2800,1008,181
2801,1008,180
2802,1007,181
2803,1008,180
2804,1009,180
2805,1008,180
2806,1009,179
2807,1008,179
2808,1009,179
2809,1009,179
2810,1011,179
2811,1011,179
2812,1012,178
2813,1013,178
2814,1012,178
2815,1014,179
2816,1014,179
2817,1016,178
2818,1016,178
2819,1018,177
2820,1018,177
2821,1018,178
2822,1018,177
2823,1007,175
2824,992,172
2825,977,169
2826,961,168
2827,947,165
2828,934,162
2829,920,160
2830,906,159
2831,894,157
2832,881,155
2833,869,153
2834,858,152
2835,846,152
2836,835,152
2837,824,151
2838,812,151
2839,802,150
2840,792,150
2841,782,150
2842,772,150
2843,763,150
2844,755,152
2845,745,152
2846,737,153
2847,729,154
2848,722,155
2849,715,156
2850,708,158
2851,701,160
2852,695,161
2853,689,163
2854,683,165
2855,678,168
2856,674,169
2857,671,167
2858,670,165
2859,668,163
2860,666,161
2861,665,159
2862,664,157
2863,663,156
2864,661,155
2865,659,154
2866,659,153
2867,659,153
2868,657,153
2869,657,152
2870,655,152
2871,655,152
2872,654,153
2873,654,153
2874,653,153
2875,654,154
2876,653,155
2877,653,156
2878,653,156
2879,652,159
2880,652,160
2881,653,160
2882,654,159
2883,657,156
2884,658,155
2885,660,153
2886,663,152
2887,664,152
2888,666,151
2889,669,149
2890,669,150
2891,671,149
2892,673,148
2893,674,148
2894,675,148
2895,677,148
2896,679,148
2897,681,149
2898,681,150
2899,683,150
2900,685,151
2901,688,151
2902,691,152
2903,694,153
2904,699,153
2905,703,152
2906,708,150
2907,713,149
2908,717,148
2909,720,147
2910,725,147
2911,729,146
2912,733,146
2913,737,145
2914,740,146
2915,745,145
2916,748,146
2917,752,145
2918,756,145
2919,758,146
2920,762,146
2921,766,146
2922,769,146
2923,773,147
2924,775,149
2925,779,148
2926,780,146
2927,785,145
2928,789,146
2929,793,146
2930,797,146
2931,801,145
2932,784,141
2933,787,141
2934,788,140
2935,789,140
2936,790,139
2937,791,138
2938,792,138
2939,793,137
2940,821,144
2941,826,145
2942,832,146
2943,838,147
2944,844,147
2945,850,148
2946,835,141
2947,838,141
2948,839,142
2949,842,142
2950,843,142
2951,846,143
2952,847,143
2953,850,143
2954,853,142
2955,854,142
2956,857,141
2957,860,141
2958,861,142
2959,863,141
2960,864,141
2961,867,141
2962,869,141
2963,871,141
2964,874,140
2965,875,140
2966,877,140
2967,879,140
2968,881,140
2969,883,139
2970,885,139
2971,887,140
2972,889,139
2973,891,139
2974,893,139
2975,895,138
2976,897,138
2977,899,138
2978,901,138
2979,903,138
2980,905,138
2981,907,138
2982,909,138
2983,911,139
2984,914,138
2985,915,138
2986,917,138
2987,920,138
2988,922,138
2989,924,138
2990,926,138
2991,928,137
2992,930,137
2993,933,137
2994,936,137
2995,937,137
2996,939,136
2997,936,136
2998,932,137
2999,925,137
3000,918,138
3001,912,138
3002,905,138
3003,900,139
3004,895,139
3005,888,139
3006,882,139
3007,877,138
3008,871,139
3009,866,139
3010,861,139
3011,855,140
3012,850,140
3013,845,140
3014,838,141
3015,834,141
3016,829,141
3017,823,143
3018,818,143
3019,814,143
3020,809,144
3021,804,143
3022,799,144
3023,795,144
3024,789,145
3025,786,145
3026,781,145
3027,777,145
3028,772,145
3029,768,145
3030,765,145
3031,760,146
3032,757,146
3033,752,146
3034,748,146
3035,745,146
3036,740,146
3037,737,146
3038,734,146
3039,730,146
3040,726,147
3041,723,147
3042,720,147
3043,716,147
3044,713,147
3045,710,147
3046,707,147
3047,704,147
3048,701,147
3049,698,147
3050,695,147
3051,693,148
3052,690,148
3053,687,148
3054,685,148
3055,682,148
3056,680,148
3057,677,148
3058,675,148
3059,673,148
3060,670,148
3061,668,148
3062,666,148
3063,662,149
3064,661,149
3065,659,149
3066,657,148
3067,653,150
3068,652,149
3069,650,149
3070,648,149
3071,646,149
3072,643,150
3073,641,149
3074,640,149
3075,638,149
3076,635,150
3077,634,150
3078,633,149
3079,631,149
3080,628,151
3081,627,150
3082,626,149
3083,622,151
3084,622,151
3085,619,151
3086,619,151
3087,616,151
3088,616,151
3089,616,150
3090,616,150
3091,615,151
3092,616,151
3093,615,151
3094,616,151
3095,615,151
3096,616,150
3097,617,149
3098,616,150
3099,616,150
3100,617,149
3101,615,151
3102,616,150
3103,617,149
3104,615,151
3105,616,151
3106,617,149
3107,617,149
3108,618,148
3109,618,147
3110,619,146
3111,619,145
3112,620,144
3113,620,144
3114,621,143
3116,858,104
3117,856,105
3118,857,105
3119,856,105
3120,857,105
3121,857,105
3122,856,105
3123,857,105
3124,857,105
3125,857,105
3126,857,105
3127,857,105
3128,857,105
3129,857,105
3130,855,106
3131,855,106
3132,855,107
3133,854,107
3134,853,107
3135,853,107
3136,852,106
3137,850,104
3138,851,100
3139,852,97
3140,853,91
3141,852,88
3142,853,85
3143,853,82
3144,853,80
3145,852,77
3146,854,75
3147,853,74
3148,854,74
3149,853,74
3150,854,74
3151,855,74
3152,854,74
3153,855,75
3154,854,75
3155,855,75
3156,856,74
3157,855,74
3158,855,74
3159,856,73
3160,855,72
3161,856,72
3162,855,72
3163,857,72
3164,857,72
3165,856,72
3166,857,72
3167,858,73
3168,858,73
3169,859,73
3170,859,73
3171,858,75
3172,860,76
3173,859,77
3174,860,79
3175,858,80
3176,858,80
3177,858,79
3178,858,80
3179,855,76
3180,854,74
3181,851,75
3182,848,74
3183,846,74
3184,844,73
3185,842,72
3186,838,77
3187,838,77
3188,837,77
3189,834,79
3190,833,79
3191,831,80
3192,830,80
3193,829,80
3194,827,82
3195,827,84
3196,826,85
3197,824,87
3198,823,89
3199,823,90
3200,822,91
3201,822,93
3202,820,96
3203,820,97
3204,819,99
3205,819,101
3206,818,104
3207,818,106
3208,817,109
3209,816,112
3210,816,114
3211,816,117
3212,815,121
3213,814,123
3214,814,127
3215,814,129
3216,813,132
3217,813,136
3218,812,138
3219,811,143
3220,812,146
3221,810,150
3222,810,154
3223,810,158
3224,809,162
3225,809,165
3226,808,170
3227,808,174
3228,808,179
3229,808,183
3230,807,187
3231,808,192
3232,807,195
3233,807,200
3234,807,204
3235,807,208
3236,808,212
3237,807,218
3238,807,222
3239,806,227
3240,807,232
3241,807,236
3242,806,242
3243,806,247
3244,806,252
3245,807,257
3246,806,263
3247,807,268
3248,807,273
3249,811,275
3250,814,275
3251,815,276
3252,819,277
3253,821,279
3254,824,280
3255,826,282
3256,828,283
3257,830,285
3258,831,288
3259,833,290
3260,833,291
3261,834,290
3262,834,290
3263,835,289
3264,835,289
3265,836,289
3266,836,289
3267,837,289
3268,837,289
3269,837,290
3270,838,290
3271,838,291
3272,838,292
3273,839,293
3274,838,294
3275,838,295
3276,838,296
3277,839,298
3278,839,299
3279,839,300
3280,839,300
3281,838,300
3282,838,300
3283,839,300
3284,839,300
3285,839,300
3286,839,300
3287,838,302
3288,841,303
3289,846,306
3290,853,309
3291,858,312
3292,863,314
3293,867,318
3294,871,321
3295,875,324
3296,878,327
3297,881,330
3298,883,333
3299,886,336
3300,888,339
3301,889,343
3302,891,346
3303,892,350
3304,894,353
3305,894,357
3306,896,361
3307,895,365
3308,897,368
3309,897,372
3310,897,376
3311,897,380
3312,897,385
3313,898,389
3314,897,394
3315,897,397
3316,897,398
3317,896,400
3318,894,402
3319,894,404
3320,894,406
3321,892,409
3322,892,412
3323,890,415
3324,891,417
3325,889,421
3326,888,424
3327,887,428
3328,887,431
3329,886,434
3330,884,436
3331,882,437
3332,882,439
3333,880,441
3334,880,444
3335,878,446
3336,878,449
3337,878,449
3338,877,452
3339,876,454
3340,875,457
3341,874,459
3342,872,461
3343,872,463
3344,870,465
3345,870,467
3346,868,470
3347,868,472
3348,866,474
3349,866,476
3350,864,478
3351,864,480
3352,862,482
3353,862,484
3354,860,486
3355,860,488
3356,858,490
3357,858,492
3358,857,494
3359,855,496
3360,853,499
3361,852,501
3362,850,503
3363,849,505
3364,847,508
3365,851,505
3366,850,506
3367,850,507
3368,850,509
3369,849,511
3370,846,512
3371,845,514
3372,845,516
3373,843,518
3374,843,520
3375,844,519
3376,852,513
3377,862,507
3378,872,500
3379,880,495
3380,887,489
3381,893,484
3382,900,479
3383,906,475
3384,912,470
3385,918,467
3386,923,463
3387,928,460
3388,932,456
3389,937,453
3390,941,450
3391,944,448
3392,949,445
3393,952,442
3394,953,441
3395,956,439
3396,958,436
3397,965,434
3398,967,433
3399,970,431
3400,973,429
3401,974,428
3402,977,427
3403,979,426
3404,981,424
3405,983,424
3406,985,423
3407,986,422
3408,988,420
3409,988,418
3410,989,415
3411,990,413
3412,992,411
3413,992,410
3414,993,409
3415,994,408
3416,995,406
3417,995,406
3418,997,405
3419,998,404
3420,999,403
3421,999,402
3422,999,401
3423,999,399
3424,1000,398
3425,1000,397
3426,1000,396
3427,1001,395
3428,1001,395
3429,1001,394
3430,1001,393
3431,1001,391
3432,1002,390
3433,1001,390
3434,1001,389
3435,1002,387
3436,1001,387
3437,1002,386
3438,1001,385
3439,1001,384
3440,1000,384
3441,1001,382
3442,1000,382
3443,1000,380
3444,999,379
3445,1000,378
3446,999,378
3447,1000,377
3448,999,377
3449,999,376
3450,1000,375
3451,996,377
3452,990,380
3453,985,384
3454,980,389
3455,977,393
3456,974,396
3457,970,400
3458,968,404
3459,965,406
3460,963,408
3461,960,410
3462,958,412
3463,956,415
3464,954,418
3465,952,421
3466,951,424
3467,949,427
3468,949,430
3469,947,432
3470,945,434
3471,943,436
3472,942,438
3473,939,440
3474,939,442
3475,937,444
3476,936,445
3477,933,447
3478,933,448
3479,932,450
3480,931,452
3481,929,455
3482,928,457
3483,926,459
3484,925,461
3485,923,463
3486,921,466
3487,920,468
3488,918,470
3489,917,472
3490,923,462
3491,919,463
3492,917,464
3493,916,461
3494,914,460
3495,912,456
3496,910,453
3497,907,448
3498,904,446
3499,901,443
3500,899,440
3501,897,438
3502,896,435
3503,894,433
3504,893,430
3505,892,428
3506,892,426
3507,891,424
3508,890,423
3509,888,422
3510,888,421
3511,888,419
3512,888,419
3513,886,418
3514,885,417
3515,886,416
3516,885,416
3517,885,416
3518,883,416
3519,883,417
3520,881,418
3521,880,419
3522,879,419
3523,878,420
3524,879,418
3525,880,416
3526,881,414
3527,882,412
3528,883,410
3529,884,408
3530,885,406
3531,885,406
3532,887,405
3533,887,404
3534,888,403
3535,888,403
3536,888,402
3537,889,402
3538,889,401
3539,889,400
3540,889,398
3541,888,396
3542,889,394
3543,891,392
3544,889,391
3545,888,390
3546,888,389
3547,886,388
3548,885,387
3549,885,386
3550,883,386
3551,883,386
3552,881,385
3553,881,384
3554,880,384
3555,881,383
3556,880,382
3557,880,381
3558,879,380
3559,879,379
3560,878,379
3561,879,378
3562,878,378
3563,879,377
3564,878,377
3565,879,376
3566,879,375
3567,878,375
3568,878,375
3569,878,374
3570,876,374
3571,877,373
3572,875,372
3573,875,371
3574,875,370
3575,874,371
3576,875,370
3577,874,370
3578,875,369
3579,874,369
3580,875,368
3581,874,368
3582,877,368
3583,882,367
3584,893,366
3585,905,365
3586,916,364
3587,925,363
3588,934,363
3589,941,362
3590,948,362
3591,955,361
3592,961,361
3593,966,361
3594,971,361
3595,976,360
3596,981,360
3597,987,360
3598,985,362
3599,987,363
3600,990,364
3601,992,365
3602,994,366
3603,995,367
3604,997,369
3605,998,370
3606,997,369
3607,996,369
3608,994,368
3609,993,366
3610,991,365
3611,990,363
3612,989,363
3613,987,363
3614,986,362
3615,985,362
3616,984,362
3617,982,362
3618,982,362
3619,980,363
3620,979,363
3621,977,364
3622,977,364
3623,975,366
3624,974,367
3625,973,368
3626,971,369
3627,969,370
3628,968,371
3629,967,373
3630,962,373
3631,956,370
3632,951,367
3633,948,365
3634,943,363
3635,940,361
3636,936,360
3637,934,359
3638,930,358
3639,928,357
3640,924,356
3641,922,356
3642,919,355
3643,916,355
3644,913,354
3645,910,354
3646,910,349
3647,907,349
3648,904,348
3649,903,348
3650,900,347
3651,898,347
3652,895,346
3653,893,346
3654,890,345
3655,882,377
3656,878,384
3657,878,374
3658,876,373
3659,874,372
3660,873,371
3661,871,369
3662,869,368
3663,867,367
3664,865,366
3665,863,365
3678,888,351
3679,888,351
3680,866,329
3681,866,328
3682,865,327
3683,865,326
3684,863,326
3685,864,325
3686,863,326
3687,862,326
3688,861,325
3689,860,325
3690,860,325
3691,859,325
3692,858,325
3693,857,325
3694,856,325
3695,857,320
3696,855,320
3697,851,320
3698,847,319
3699,844,317
3700,840,316
3701,838,314
3702,834,314
3703,832,313
3704,830,312
3705,828,311
3706,826,310
3707,825,309
3708,822,308
3709,822,307
3710,819,306
3711,819,305
3712,819,302
3713,818,300
3714,815,303
3715,815,303
3716,813,303
3717,813,303
3718,811,303
3719,812,303
3720,811,303
3721,811,303
3722,810,303
3723,811,303
3724,810,303
3725,810,303
3726,809,303
3727,810,303
3728,808,304
3729,809,303
3730,808,303
3731,809,303
3732,808,303
3733,806,303
3734,806,303
3735,805,304
3736,804,304
3737,802,305
3738,802,306
3739,801,306
3740,801,307
3741,800,308
3742,800,309
3743,798,311
3744,799,312
3745,797,314
3746,800,315
3747,804,316
3748,808,317
3749,811,319
3750,814,320
3751,815,320
3752,816,320
3753,818,320
3754,819,320
3755,820,321
3756,821,322
3757,823,322
3758,825,322
3759,826,323
3760,829,324
3761,830,324
3762,832,325
3763,832,325
3764,834,325
3765,834,325
3766,835,326
3767,835,326
3768,836,326
3769,836,327
3770,837,327
3771,836,327
3772,835,328
3773,836,328
3774,835,328
3775,834,329
3776,836,329
3777,835,329
3778,834,330
3779,836,330
3780,836,331
3781,836,333
3782,838,334
3783,839,334
3784,842,334
3785,840,334
3786,840,335
3787,840,336
3788,841,337
3789,841,337
3790,841,338
3791,841,339
3792,841,339
3793,841,340
3794,841,341
3796,844,328
3797,844,328
3798,844,328
3799,844,328
3800,844,328
3801,844,328
3802,844,328
3803,844,328
3804,844,328
3817,827,305
3818,825,304
3819,824,303
3820,823,303
3821,824,300
3822,825,299
3823,825,299
3824,825,299
3825,825,298
3826,824,297
3827,826,296
3828,825,295
3829,826,294
3830,827,293
3831,827,293
3832,827,292
3833,827,291
3834,827,291
3835,827,290
3836,827,290
3837,828,289
3838,827,289
3839,828,288
3840,828,288
3841,829,287
3842,828,287
3843,829,287
3844,828,287
3845,828,286
3846,827,286
3847,817,287
3848,814,288
3849,808,289
3850,802,290
3851,800,291
3852,797,292
3853,795,292
3854,788,296
3855,780,298
3856,773,301
3857,767,303
3858,761,305
3859,756,307
3860,751,309
3861,747,311
3862,743,313
3863,739,315
3864,736,317
3865,733,319
3866,729,321
3867,728,322
3868,726,324
3869,724,326
3870,721,328
3871,721,329
3872,719,331
3873,718,332
3874,717,333
3875,717,334
3876,716,335
3877,716,336
3878,715,338
3879,714,340
3880,715,341
3881,714,343
3882,715,344
3883,714,345
3884,716,346
3885,715,347
3886,716,348
3887,716,349
3888,717,350
3889,717,351
3890,719,352
3891,719,353
3892,720,354
3893,720,355
3894,720,356
3895,722,357
3896,722,359
3897,724,359
3898,724,360
3899,726,361
3900,726,362
3901,727,362
3902,729,363
3903,729,364
3904,731,365
3905,731,366
3906,733,366
3907,733,367
3908,735,368
3909,735,368
3910,739,369
3911,743,369
3912,749,369
3913,753,368
3914,758,368
3915,763,370
3916,769,371
3917,772,373
3918,776,373
3919,779,374
3920,782,374
3921,787,374
3922,791,374
3923,793,375
3924,796,375
3925,799,376
3926,802,378
3927,803,382
3928,803,387
3929,802,391
3930,802,394
3931,801,397
3932,801,400
3933,800,404
3934,801,407
3935,800,410
3936,800,413
3937,800,416
3938,799,421
3939,800,424
3940,799,428
3941,800,432
3942,800,436
3943,800,440
3944,800,445
3945,801,447
3946,800,450
3947,801,452
3948,801,454
3949,801,456
3950,801,459
3951,802,462
3952,802,465
3953,803,469
3954,802,472
3955,803,475
3956,804,478
3957,803,481
3958,804,483
3959,804,485
3960,805,487
3961,805,489
3962,805,491
3963,805,493
3964,806,496
3965,805,499
3966,807,502
3967,807,505
3968,806,507
3969,808,508
3970,807,510
3971,808,511
3972,808,513
3973,809,515
3974,808,517
3975,808,516
3976,806,516
3977,803,515
3978,801,515
3979,802,514
3980,802,512
3981,801,512
3982,803,511
3983,803,511
3984,804,510
3985,804,510
3986,806,510
3987,806,511
3988,808,511
3989,808,510
3990,811,510
3991,812,510
3992,812,510
3993,815,510
3994,817,510
3995,817,510
3996,820,510
3997,821,510
3998,823,510
3999,825,510
4000,827,510
4001,827,510
4002,830,510
4003,831,511
4004,834,511
4005,835,511
4006,837,511
4007,838,511
4008,841,511
4009,842,511
4010,844,511
4011,845,511
4012,847,510
4013,849,510
4014,851,510
4015,852,510
4016,856,510
4017,857,510
4018,862,511
4019,864,511
4020,867,511
4021,869,512
4022,872,512
4023,874,512
4024,877,513
4025,879,514
4026,880,515
4027,883,515
4028,884,517
4029,887,518
4030,888,519
4031,891,520
4032,892,521
4033,894,523
4034,895,524
4035,897,526
4036,898,527
4037,901,528
4038,902,528
4039,904,527
4040,904,527
4041,906,526
4042,907,526
4043,909,526
4044,910,526
4045,912,526
4046,913,527
4047,915,527
4048,915,528
4049,917,528
4050,917,530
4051,914,531
4052,905,535
4053,897,538
4054,889,542
4055,880,545
4056,874,548
4057,866,552
4058,860,555
4059,855,558
4060,850,561
4061,845,564
4062,840,567
4063,836,570
4064,830,574
4065,827,577
4066,825,579
4067,822,580
4068,820,581
4069,818,582
4070,816,584
4071,813,586
4072,812,588
4073,811,590
4074,810,591
4075,808,592
4076,808,593
4077,806,594
4078,806,596
4079,807,597
4080,805,598
4081,806,599
4082,805,600
4083,806,601
4084,806,601
4085,806,602
4086,805,604
4087,807,604
4088,807,605
4089,808,606
4090,808,606
4091,809,607
4092,809,608
4093,810,609
4094,810,609
4095,811,610
4096,813,610
4097,813,611
4098,814,612
4099,815,612
4100,816,613
4101,816,613
4102,818,614
4103,818,615
4104,820,615
4105,820,615
4106,822,616
4107,822,617
4108,824,617
4109,824,617
4110,826,618
4111,827,619
4112,828,619
4113,829,619
4114,831,619
4115,831,620
4116,836,620
4117,847,618
4118,860,617
4119,871,615
4120,882,614
4121,890,613
4122,899,612
4123,907,611
4124,916,610
4125,922,610
4126,929,610
4127,934,609
4128,939,609
4129,945,608
4130,949,608
4131,952,607
4132,957,607
4133,960,607
4134,962,606
4135,966,605
4136,968,605
4137,971,604
4138,973,604
4139,976,604
4140,977,604
4141,978,604
4142,980,604
4143,982,604
4144,984,603
4145,985,603
4146,989,603
4147,999,605
4148,1010,608
4149,1021,610
4150,1029,613
4151,1037,616
4152,1044,618
4153,1052,620
4154,1057,623
4155,1063,625
4156,1070,628
4157,1074,631
4158,1078,633
4159,1083,636
4160,1086,638
4161,1089,639
4162,1091,640
4163,1094,641
4164,1096,643
4165,1099,644
4166,1101,646
4167,1101,647
4168,1103,648
4169,1104,648
4170,1104,649
4171,1106,650
4172,1106,651
4173,1107,652
4174,1107,654
4175,1108,655
4176,1107,655
4177,1106,656
4178,1107,656
4179,1108,657
4180,1107,658
4181,1107,659
4182,1106,660
4183,1106,660
4184,1104,661
4185,1104,661
4186,1103,662
4187,1103,663
4188,1103,663
4189,1101,664
4190,1100,664
4191,1100,664
4192,1097,665
4193,1097,665
4194,1095,666
4195,1095,666
4196,1093,666
4197,1092,666
4198,1090,666
4199,1090,666
4200,1088,667
4201,1088,668
4202,1086,670
4203,1086,672
4204,1084,675
4205,1083,677
4206,1081,680
4207,1081,683
4208,1081,686
4209,1079,689
4210,1073,692
4211,1060,694
4212,1048,696
4213,1038,698
4214,1029,700
4215,1022,702
4216,1015,705
4217,1009,707
4218,1003,709
4219,999,711
4220,993,713
4221,990,715
4222,986,717
4223,984,719
4224,983,721
4225,980,723
4226,979,723
4227,979,725
4228,977,726
4229,977,728
4230,978,729
4231,976,731
4232,976,734
4233,977,736
4234,976,738
4235,977,740
4236,978,741
4237,979,742
4238,979,743
4239,980,745
4240,981,747
4241,982,749
4242,983,751
4243,984,752
4244,985,753
4245,987,755
4246,989,756
4247,989,758
4248,991,759
4249,992,761
4250,994,762
4251,995,764
4252,997,765
4253,997,766
4254,997,768
4255,995,769
4256,993,771
4257,992,774
4258,990,776
4259,990,778
4260,989,780
4261,990,781
4262,989,783
4263,990,785
4264,990,787
4265,991,789
4266,991,791
4267,992,793
4268,992,794
4269,995,795
4270,995,797
4271,998,799
4272,1000,800
4273,1000,802
4274,1002,804
4275,1003,806
4276,1005,807
4277,1008,808
4278,1009,810
4279,1011,811
4280,1012,812
4281,1015,813
4282,1018,815
4283,1019,816
4284,1022,817
4285,1023,818
4286,1026,819
4287,1027,821
4288,1029,822
4289,1027,822
4290,1011,817
4291,992,813
4292,974,809
4293,962,806
4294,973,808
4295,986,803
4296,999,797
4297,1009,791
4298,1019,784
4299,1027,778
4300,1035,772
4301,1042,767
4302,1050,761
4303,1056,756
4304,1061,751
4305,1067,746
4306,1071,741
4307,1075,736
4308,1080,732
4309,1084,729
4310,1086,724
4311,1091,720
4312,1093,716
4313,1097,712
4314,1098,709
4315,1102,706
4316,1103,703
4317,1106,700
4318,1107,697
4319,1108,694
4320,1110,692
4321,1113,689
4322,1113,687
4323,1115,685
4324,1115,683
4325,1117,681
4326,1119,680
4327,1118,679
4328,1120,677
4329,1120,676
4330,1121,675
4331,1123,674
4332,1122,674
4333,1122,674
4334,1123,673
4335,1125,673
4336,1124,673
4337,1125,673
4338,1127,673
4339,1129,674
4340,1129,675
4341,1131,675
4342,1131,676
4343,1133,677
4344,1134,678
4345,1136,679
4346,1137,681
4347,1139,682
4348,1140,684
4349,1142,686
4350,1142,688
4351,1144,690
4352,1144,692
4353,1146,694
4354,1146,697
4355,1148,699
4356,1148,702
4357,1150,706
4358,1150,709
4359,1151,711
4360,1152,714
4361,1154,718
4362,1154,722
4363,1154,727
4364,1155,730
4365,1156,734
4366,1157,737
4367,1158,741
4368,1159,745
4369,1160,749
4370,1161,752
4371,1162,756
4372,1163,760
4374,1130,693
4375,1130,693
4376,1130,693
4377,1130,693
4378,1130,693
4379,1130,693
4380,1130,693
4381,1130,693
4382,1130,693
4384,1050,643
4385,1045,639
4386,1040,636
4387,1037,632
4388,1032,628
4389,1029,625
4390,1027,620
4391,1026,614
4392,1025,608
4393,1022,603
4394,1022,599
4395,1021,594
4396,1018,590
4397,1018,586
4398,1016,582
4399,1016,578
4400,1014,575
4401,1013,571
4402,1012,569
4403,1011,566
4404,1010,566
4405,1010,567
4406,1009,568
4407,1009,568
4408,1009,567
4409,1010,566
4410,1009,566
4411,1010,565
4412,1009,565
4413,1010,564
4414,1010,564
4415,1010,564
4416,1010,564
4417,1010,564
4418,1010,565
4419,1011,565
4420,1010,565
4421,1011,564
4422,1011,564
4423,1012,564
4424,1012,564
4425,1013,564
4426,1014,564
4427,1013,564
4428,1014,564
4429,1014,564
4430,1015,564
4431,1015,564
4432,1016,564
4433,1015,564
4434,1016,564
4435,1018,564
4436,1017,563
4437,1017,564
4438,1018,564
4439,1018,564
4440,1019,564
4441,1019,564
4442,1020,564
4443,1020,564
4444,1022,564
4445,1021,564
4446,1023,564
4447,1022,564
4448,1025,565
4449,1027,565
4450,1031,565
4451,1032,565
4452,1035,566
4453,1036,566
4454,1039,566
4455,1040,567
4456,1040,568
4457,1041,568
4458,1042,569
4459,1042,569
4460,1043,570
4461,1044,570
4462,1045,571
4463,1045,571
4464,1046,572
4473,1057,568
4474,1058,569
4475,1058,569
4476,1058,569
4477,1059,569
4478,1059,569
4479,1060,569
4480,1056,570
4481,1057,570
4482,1055,570
4483,1056,570
4484,1056,570
4485,1058,550
4486,1059,541
4487,1040,542
4488,1035,538
4489,1030,533
4490,1025,528
4491,1023,522
4492,1021,520
4493,1018,516
4494,1015,513
4495,1012,510
4496,1011,508
4497,1008,506
4498,1006,504
4499,1004,502
4500,1003,502
4501,1001,501
4502,1000,499
4503,998,498
4504,997,497
4505,995,496
4506,995,494
4507,993,493
4508,993,490
4509,991,488
4510,991,487
4511,991,486
4512,989,486
4513,990,485
4514,989,485
4515,989,485
4516,988,484
4517,988,483
4518,987,482
4519,987,481
4520,986,481
4521,987,480
4522,986,480
4523,987,480
4524,986,479
4525,986,479
4526,986,479
4527,987,478
4528,986,478
4529,988,478
4530,988,478
4531,989,477
4532,989,477
4533,991,476
4534,991,475
4535,993,474
4536,993,474
4537,995,473
4538,995,473
4539,996,473
4540,996,473
4541,998,473
4542,998,473
4543,999,474
4544,999,474
4545,1000,475
4546,1000,475
4547,1002,475
4548,1002,475
4549,1000,478
4550,995,484
4551,988,490
4552,981,495
4553,976,500
4554,971,505
4555,967,509
4556,963,513
4557,959,517
4558,954,521
4559,952,525
4560,949,528
4561,945,532
4562,943,535
4563,942,539
4564,939,542
4565,938,545
4566,935,549
4567,936,551
4568,934,552
4569,935,552
4570,934,553
4571,933,554
4572,934,556
4573,933,557
4574,934,558
4575,934,560
4576,933,562
4577,934,564
4578,934,565
4579,936,565
4580,936,565
4581,938,565
4582,938,566
4583,939,566
4584,939,568
4585,941,568
4586,943,569
4587,943,569
4588,945,569
4589,946,570
4590,948,570
4591,949,571
4592,951,571
4593,951,572
4594,954,572
4595,955,572
4596,957,572
4597,958,573
4598,960,573
4599,961,573
4600,964,573
4601,965,573
4602,968,573
4603,969,573
4604,971,573
4605,974,573
4606,979,569
4607,982,567
4608,975,557
4609,976,552
4610,976,547
4611,975,543
4612,975,539
4613,975,535
4614,975,532
4615,976,529
4616,976,526
4617,977,524
4618,977,522
4619,979,519
4620,980,517
4621,981,515
4622,981,514
4623,982,512
4624,983,511
4625,985,509
4626,985,508
4627,987,507
4628,988,506
4629,989,505
4630,991,504
4631,991,503
4632,993,503
4633,994,502
4634,996,502
4635,997,501
4636,999,501
4637,1000,501
4638,1003,500
4639,1004,499
4640,1006,498
4641,1007,498
4642,1009,498
4643,1009,498
4644,1011,498
4645,1011,498
4646,1013,497
4647,1014,497
4648,1014,497
4649,1016,496
4650,1017,497
4651,1018,496
4652,1020,496
4653,1021,495
4654,1023,495
4655,1024,495
4656,1025,494
4657,1027,494
4658,1025,497
4659,1027,497
4660,1027,497
4661,1029,496
4662,1029,497
4663,1031,496
4664,1031,497
4665,1033,497
4666,1033,497
4667,1035,497
4668,1036,497
4669,1037,497
4670,1038,497
4671,1039,497
4672,1040,497
4673,1042,497
4674,1042,497
4675,1042,497
4676,1044,497
4677,1045,497
4678,1047,497
4679,1047,496
4680,1049,496
4681,1049,497
4682,1051,497
4683,1052,497
4684,1062,497
4685,1079,498
4686,1096,498
4687,1111,498
4688,1125,498
4689,1138,498
4690,1149,498
4691,1159,498
4692,1168,498
4693,1176,497
4694,1184,497
4695,1191,497
4696,1197,496
4697,1203,496
4698,1208,496
4699,1213,495
4700,1217,496
4701,1221,495
4702,1224,495
4703,1227,495
4704,1229,494
4705,1232,494
4706,1233,493
4707,1235,493
4708,1236,493
4709,1238,493
4710,1238,493
4711,1240,492
4712,1240,492
4713,1240,492
4714,1240,492
4715,1241,492
4716,1240,492
4717,1241,491
4718,1240,491
4719,1240,491
4720,1239,491
4721,1238,490
4722,1237,490
4723,1237,490
4724,1236,490
4725,1235,490
4726,1234,490
4727,1233,490
4728,1232,490
4729,1232,490
4730,1230,490
4731,1229,489
4732,1226,489
4733,1225,489
4734,1223,490
4735,1219,490
4736,1212,486
4737,1209,480
4738,1205,476
4739,1200,471
4740,1196,467
4741,1192,462
4742,1188,458
4743,1184,453
4744,1181,446
4745,1177,442
4746,1175,439
4747,1172,435
4748,1171,431
4749,1167,428
4750,1166,425
4751,1164,421
4752,1163,417
4753,1160,413
4754,1160,409
4755,1158,405
4756,1156,401
4757,1155,398
4758,1154,394
4759,1153,391
4760,1151,388
4761,1151,385
4762,1150,382
4763,1149,379
4764,1148,377
4765,1147,375
4766,1146,373
4767,1146,371
4768,1145,369
4769,1144,367
4770,1143,366
4771,1143,364
4772,1142,363
4773,1142,362
4774,1141,360
4775,1140,356
4776,1138,353
4777,1137,349
4778,1136,346
4779,1135,343
4780,1133,340
4781,1133,337
4782,1132,335
4783,1131,332
4784,1130,330
4785,1129,327
4786,1128,326
4787,1128,324
4788,1127,322
4789,1126,320
4790,1125,319
4791,1125,317
4792,1124,315
4793,1124,314
4794,1123,313
4795,1122,312
4796,1122,312
4797,1121,311
4798,1120,310
4799,1120,309
4800,1120,309
4801,1118,310
4802,1118,309
4803,1118,309
4804,1117,309
4805,1115,310
4806,1115,309
4807,1114,307
4808,1113,304
4809,1113,301
4810,1111,299
4811,1111,297
4812,1109,295
4813,1109,293
4814,1108,291
4815,1107,290
4816,1109,293
4817,1113,298
4818,1115,304
4819,1118,309
4820,1119,314
4821,1122,319
4822,1123,324
4823,1126,328
4824,1127,333
4825,1128,337
4826,1129,341
4827,1131,346
4828,1132,350
4829,1134,355
4830,1134,359
4831,1135,363
4832,1136,368
4833,1137,372
4834,1138,377
4835,1139,381
4836,1139,386
4837,1140,390
4838,1140,395
4839,1142,399
4840,1141,404
4841,1141,409
4842,1142,411
4843,1142,414
4844,1143,416
4845,1142,419
4846,1143,422
4847,1142,425
4848,1143,428
4849,1143,432
4850,1143,434
4851,1143,437
4852,1144,440
4853,1143,444
4854,1144,447
4855,1143,451
4856,1144,453
4857,1143,456
4858,1144,459
4859,1143,462
4860,1144,464
4861,1143,467
4862,1143,469
4863,1142,472
4864,1143,474
4865,1141,477
4866,1142,479
4867,1140,481
4868,1141,484
4869,1140,487
4870,1140,489
4871,1139,492
4872,1139,493
4873,1138,495
4874,1138,497
4875,1136,500
4876,1136,502
4877,1134,504
4878,1134,506
4879,1133,507
4880,1133,509
4881,1131,512
4882,1131,514
4883,1130,516
4884,1128,517
4885,1128,518
4886,1126,519
4887,1125,521
4888,1123,523
4889,1118,522
4890,1111,519
4891,1103,516
4892,1094,512
4893,1087,508
4894,1081,505
4895,1076,503
4896,1071,501
4897,1066,499
4898,1062,497
4899,1057,496
4900,1054,494
4901,1052,493
4902,1048,492
4903,1046,491
4904,1043,490
4905,1040,490
4906,1039,490
4907,1036,490
4908,1035,490
4909,1032,490
4910,1031,490
4911,1029,491
4912,1029,490
4913,1029,487
4914,1028,486
4915,1026,484
4916,1025,483
4917,1030,481
4918,1035,476
4919,1039,472
4920,1042,468
4921,1046,464
4922,1049,461
4923,1053,457
4924,1056,453
4925,1060,449
4926,1060,439
4927,1062,435
4928,1064,431
4929,1065,427
4930,1067,422
4931,1068,418
4932,1069,414
4933,1070,410
4934,1072,407
4935,1072,404
4936,1074,401
4937,1074,398
4938,1075,394
4939,1076,392
4940,1077,389
4941,1077,388
4942,1079,386
4943,1079,383
4944,1079,381
4945,1080,377
4946,1080,374
4947,1080,370
4948,1080,368
4949,1081,365
4950,1081,363
4951,1081,361
4952,1081,359
4953,1082,357
4954,1081,356
4955,1082,353
4956,1082,350
4957,1082,348
4958,1081,346
4959,1082,343
4960,1082,342
4961,1082,340
4962,1082,339
4963,1082,336
4964,1082,334
4965,1082,332
4966,1082,330
4967,1081,329
4968,1082,327
4969,1081,325
4970,1082,323
4971,1081,321
4972,1082,319
4973,1080,318
4974,1081,316
4975,1081,314
4976,1080,313
4977,1080,310
4978,1080,309
4979,1080,307
4980,1079,306
4981,1079,304
4982,1079,303
4983,1080,301
4984,1079,300
4985,1079,298
4986,1079,296
4987,1079,295
4988,1078,294
4989,1078,292
4990,1078,291
4991,1077,291
4992,1078,289
4993,1077,288
4994,1077,286
4995,1077,285
4996,1076,284
4997,1076,283
4998,1076,282
4999,1076,281
5000,1075,280
5001,1075,279
5002,1075,277
5003,1074,277
5004,1071,276
5005,1067,276
5006,1063,275
5007,1061,274
5008,1059,273
5009,1056,272
5010,1054,272
5011,1053,271
5012,1050,271
5013,1048,269
5014,1048,269
5015,1046,268
5016,1045,267
5017,1044,266
5018,1042,266
5019,1042,266
5020,1040,265
5021,1040,265
5022,1038,264
5023,1038,263
5024,1037,263
5025,1038,262
5026,1037,262
5027,1037,261
5028,1036,261
5029,1033,261
5030,1023,259
5031,1013,258
5032,1003,256
5033,994,255
5034,987,253
5035,980,251
5036,973,250
5037,967,248
5038,962,247
5039,957,245
5040,952,244
5041,948,243
5042,944,242
5043,940,241
5044,937,239
5045,934,238
5046,932,236
5047,929,235
5048,927,234
5049,925,233
5050,922,232
5051,921,231
5052,920,230
5053,918,229
5054,917,227
5055,915,227
5056,915,226
5057,913,225
5058,913,224
5059,911,224
5060,913,223
5061,914,221
5062,915,220
5063,916,219
5064,917,218
5065,918,218
5066,920,217
5067,921,216
5068,922,216
5069,924,214
5070,926,213
5071,928,212
5072,929,211
5073,932,210
5074,933,209
5075,936,207
5076,938,206
5077,939,205
5078,940,204
5079,942,203
5080,944,202
5081,945,202
5082,946,202
5083,948,201
5084,949,202
5085,951,201
5086,951,202
5087,954,201
5088,955,200
5089,958,198
5090,960,197
5091,961,196
5092,963,195
5093,964,194
5094,967,193
5095,969,192
5096,974,192
5097,977,192
5098,981,193
5099,984,193
5100,988,193
5101,991,193
5102,994,193
5103,997,193
5104,1000,193
5105,1001,193
5106,1004,192
5107,1007,192
5108,1009,192
5109,1009,193
5110,1013,193
5111,1014,193
5112,1016,192
5113,1017,192
5114,1017,192
5115,1019,191
5116,1020,192
5117,1022,192
5118,1022,192
5119,1024,192
5120,1024,192
5121,1026,191
5122,1026,192
5123,1028,191
5124,1029,191
5125,1032,191
5126,1036,191
5127,1039,191
5128,1042,191
5129,1045,191
5130,1048,191
5131,1048,191
5132,1051,191
5133,1051,192
5134,1055,191
5135,1055,192
5136,1057,192
5137,1059,191
5138,1059,191
5139,1061,191
5140,1063,190
5141,1062,189
5142,1063,190
5143,1063,191
5144,1064,191
5145,1065,192
5146,1055,189
5147,1054,188
5148,1050,188
5149,1048,187
5150,1045,187
5151,1044,187
5152,1042,186
5153,1041,186
5154,1038,186
5155,1037,185
5156,1035,186
5157,1035,185
5158,1034,185
5159,1034,184
5160,1033,184
5161,1033,184
5162,1032,184
5163,1033,183
5164,1034,183
5165,1033,183
5166,1034,183
5167,1048,162
5168,1057,150
5169,1053,158
5170,1056,155
5171,1035,178
5172,1034,180
5173,1035,180
5174,1037,179
5175,1037,178
5176,1038,177
5177,1038,176
5178,1039,176
5179,1039,176
5180,1040,175
5181,1042,174
5182,1041,174
5183,1043,173
5184,1044,173
5185,1043,173
5186,1045,172
5187,1045,172
5188,1046,171
5189,1046,171
5190,1047,170
5191,1047,170
5192,1048,169
5193,1047,169
5194,1051,168
5195,1054,169
5196,1058,168
5197,1061,168
5198,1065,168
5199,1068,168
5200,1072,168
5201,1075,168
5202,1078,168
5203,1082,168
5204,1085,167
5205,1069,168
5206,1070,168
5207,1071,168
5208,1070,169
5209,1072,168
5210,1075,169
5211,1085,170
5212,1095,171
5213,1104,171
5214,1113,172
5215,1120,173
5216,1126,174
5217,1133,174
5218,1138,175
5219,1142,176
5220,1147,177
5221,1151,178
5222,1154,179
5223,1158,179
5224,1161,180
5225,1164,181
5226,1165,182
5227,1167,183
5228,1168,184
5229,1170,184
5230,1170,185
5231,1171,186
5232,1171,187
5233,1172,187
5234,1172,188
5235,1173,189
5236,1172,190
5237,1172,191
5238,1171,191
5239,1170,192
5240,1170,193
5241,1169,194
5242,1168,195
5243,1168,195
5244,1166,196
5245,1165,196
5246,1164,196
5247,1162,197
5248,1161,197
5249,1160,198
5250,1159,199
5251,1157,200
5252,1157,201
5253,1155,202
5254,1154,204
5255,1152,204
5256,1150,204
5257,1149,204
5258,1146,205
5259,1145,205
5260,1144,206
5261,1142,207
5262,1141,208
5263,1139,210
5264,1138,210
5265,1135,210
5266,1134,210
5267,1131,211
5268,1131,211
5269,1130,211
5270,1127,212
5271,1126,213
5272,1125,213
5273,1123,215
5274,1121,215
5275,1118,216
5276,1110,216
5277,1101,216
5278,1092,217
5279,1084,217
5280,1077,218
5281,1071,219
5282,1066,220
5283,1061,221
5284,1054,223
5285,1051,224
5286,1048,224
5287,1045,224
5288,1043,224
5289,1039,225
5290,1037,225
5291,1036,225
5292,1034,225
5293,1033,225
5294,1030,226
5295,1030,226
5296,1027,227
5297,1024,228
5298,1023,229
5299,1020,230
5300,1018,232
5301,1015,233
5302,1015,235
5303,1013,235
5304,1013,236
5305,1012,236
5306,1012,236
5307,1012,236
5308,1012,236
5309,1011,238
5310,1011,239
5311,1010,240
5312,1010,241
5313,1011,241
5314,1010,241
5315,1011,242
5316,1011,242
5317,1011,243
5318,1012,243
5319,1012,243
5320,1013,244
5321,1012,245
5322,1014,245
5323,1014,245
5324,1013,246
5325,1014,246
5326,1014,247
5327,1015,247
5328,1015,248
5329,1015,248
5330,1015,248
5331,1017,248
5332,1017,249
5333,1017,249
5334,1017,250
5335,1018,250
5336,1017,250
5337,1018,250
5338,1019,250
5339,1019,251
5340,1019,251
5341,1019,251
5342,1020,251
5343,1020,251
5344,1021,250
5345,1019,250
5346,1019,249
5347,1018,249
5348,1018,249
5349,1017,248
5350,1017,248
5351,1016,247
5352,1015,247
5353,1015,246
5357,617,424
5358,617,424
5359,628,428
5360,632,430
5361,636,431
5362,640,433
5363,644,434
5364,648,436
5365,652,437
5366,657,439
5367,661,441
5369,1022,236
5370,1024,236
5371,1025,235
5372,1026,234
5373,1027,233
5374,1028,232
5375,1029,231
5376,1025,236
5377,1022,235
5378,1019,235
5379,1019,233
5380,1016,233
5381,1016,232
5382,1014,232
5383,1014,232
5384,1013,232
5385,1013,231
5386,1012,231
5387,1012,231
5388,1013,230
5389,1011,230
5390,1012,230
5391,1013,229
5392,1012,229
5393,1013,229
5394,1013,228
5395,1013,228
5396,1013,227
5397,1013,227
5398,1014,227
5399,1014,227
5400,1015,227
5401,1015,227
5402,1017,227
5403,1016,226
5404,1017,226
5405,1017,226
5406,1018,225
5407,1017,227
5408,1014,230
5409,1011,232
5410,1008,235
5411,1006,237
5412,1004,240
5413,1001,243
5414,1000,246
5415,998,250
5416,998,252
5417,997,255
5418,996,257
5419,996,259
5420,996,261
5421,994,264
5422,995,266
5423,995,267
5424,994,270
5425,995,272
5426,994,274
5427,995,276
5428,996,278
5429,995,280
5430,996,281
5431,997,283
5432,998,284
5433,998,287
5434,999,288
5435,999,290
5436,999,292
5437,1001,293
5438,1001,295
5439,1002,296
5440,1003,298
5441,1004,299
5442,1006,300
5443,1007,301
5444,1008,303
5445,1009,304
5446,1011,305
5447,1002,322
5448,1004,321
5449,1006,323
5450,1007,324
5451,1009,325
5452,1010,327
5453,1012,328
5454,1017,315
5455,1019,314
5456,1022,312
5457,1017,321
5458,1019,323
5459,1021,323
5460,1022,325
5461,1022,326
5462,1024,326
5463,1025,326
5464,1027,326
5465,1018,326
5466,1012,325
5467,1006,323
5468,1002,322
5469,997,321
5470,993,321
5471,990,320
5472,990,321
5473,987,321
5474,984,320
5475,981,320
5476,979,320
5477,978,321
5478,975,321
5479,974,322
5480,974,321
5481,974,321
5482,974,321
5483,974,321
5484,973,321
5485,974,321
5486,974,322
5487,974,322
5488,975,322
5489,976,322
5490,977,322
5491,978,322
5492,980,322
5493,980,323
5494,982,323
5495,982,324
5496,985,324
5497,986,324
5498,987,324
5499,988,325
5500,990,325
5501,992,325
5502,993,325
5503,996,325
5504,997,326
5505,998,326
5506,1000,326
5507,1001,327
5508,1004,327
5509,1005,327
5510,1007,327
5511,1009,327
5512,1010,328
5513,1012,328
5514,1013,328
5515,1016,328
5516,1017,329
5517,1019,329
5518,1021,329
5519,1024,327
5520,1021,326
5521,1017,324
5522,1015,321
5523,1012,319
5524,1010,315
5525,1008,313
5526,1006,311
5527,1004,310
5528,1003,309
5529,1002,307
5530,1001,305
5531,999,305
5532,999,303
5533,999,302
5534,999,300
5535,998,298
5536,998,297
5537,998,296
5538,998,295
5539,998,294
5540,998,293
5541,999,292
5542,999,291
5543,1000,290
5544,1001,289
5545,1000,289
5546,1002,288
5547,1002,287
5548,1003,285
5549,1004,284
5550,1004,283
5551,1005,282
5552,1006,281
5553,1006,281
5554,1008,280
5555,1009,280
5556,1011,279
5557,1011,278
5558,1013,277
5559,1014,276
5560,1014,276
5561,1016,275
5562,1017,275
5563,1018,274
5564,1019,274
5565,1020,273
5566,1021,273
5567,1023,272
5568,1024,271
5569,1025,271
5570,1027,270
5571,1027,270
5572,1030,269
5573,1031,268
5574,1032,268
5575,1033,267
5576,1035,266
5577,1035,266
5578,1037,266
5579,1038,265
5580,1039,265
5581,1041,264
5582,1042,264
5583,1043,264
5584,1045,263
5585,1045,263
5586,1047,262
5587,1048,262
5588,1050,262
5589,1052,261
5590,1052,261
5591,1054,261
5592,1055,259
5593,1056,259
5594,1058,259
5595,1059,258
5596,1060,258
5597,1061,258
5598,1064,259
5599,1065,259
5600,1068,260
5601,1068,261
5602,1067,262
5603,1069,262
5604,1069,263
5605,1070,263
5606,1072,264
5607,1072,265
5608,1073,266
5609,1073,267
5610,1074,268
5611,1075,269
5612,1077,269
5613,1076,270
5614,1077,270
5615,1078,271
5616,1078,272
5617,1079,272
5618,1080,273
5619,1081,273
5620,1083,273
5621,1088,273
5622,1096,274
5623,1103,274
5624,1108,275
5625,1114,275
5626,1119,276
5627,1124,276
5628,1127,278
5629,1131,279
5630,1135,280
5631,1138,280
5632,1141,282
5633,1143,283
5634,1146,283
5635,1148,284
5636,1150,287
5637,1152,288
5638,1153,290
5639,1155,291
5640,1158,293
5641,1160,294
5642,1162,295
5643,1160,297
5644,1159,298
5645,1158,298
5646,1158,298
5647,1158,298
5648,1157,298
5649,1158,299
5650,1157,299
5651,1158,300
5652,1157,301
5653,1157,302
5654,1156,303
5655,1157,304
5656,1156,306
5657,1156,307
5658,1156,308
5659,1156,309
5660,1154,310
5661,1154,309
5662,1154,309
5663,1152,310
5664,1152,310
5665,1151,311
5666,1150,312
5667,1150,312
5668,1149,313
5669,1149,314
5670,1148,315
5671,1148,315
5672,1147,315
5673,1147,315
5674,1146,315
5675,1145,315
5676,1144,315
5677,1143,315
5678,1143,315
5679,1146,319
5680,1140,320
5681,1132,321
5682,1123,322
5683,1113,323
5684,1107,325
5685,1103,326
5686,1099,326
5687,1094,327
5688,1091,328
5689,1087,328
5690,1083,329
5691,1079,330
5692,1075,330
5693,1071,331
5694,1061,335
5695,1055,336
5696,1050,337
5697,1045,339
5698,1040,340
5699,1034,341
5700,1029,343
5701,1024,344
5702,1019,345
5704,1062,343
5705,1062,342
5706,1059,342
5707,1056,342
5708,1053,342
5709,1050,342
5710,1065,323
5711,1056,316
5712,1034,335
5713,1025,340
5714,1022,341
5715,1019,340
5716,1016,340
5717,1011,340
5718,1007,339
5719,1004,339
5720,1000,339
5721,996,339
5722,994,339
5723,990,339
5724,987,339
5725,983,339
5726,981,339
5727,977,339
5728,974,339
5729,971,339
5730,967,339
5731,965,339
5732,962,339
5733,960,339
5734,956,339
5735,955,339
5736,951,339
5737,949,339
5738,946,338
5739,944,338
5740,941,339
5741,940,339
5742,937,339
5743,936,339
5744,933,339
5745,931,338
5746,928,339
5747,927,339
5748,925,339
5749,923,338
5750,921,338
5751,919,339
5752,918,339
5753,916,339
5754,914,339
5755,913,338
5756,910,339
5757,910,339
5758,907,339
5759,907,339
5760,905,339
5761,903,339
5762,903,339
5763,901,339
5764,900,339
5765,899,339
5766,898,339
5767,896,339
5768,895,339
5769,894,338
5770,892,339
5771,891,339
5772,890,339
5773,889,339
5774,887,339
5775,887,339
5776,885,339
5777,885,339
5778,883,339
5779,883,339
5780,881,339
5781,877,340
5782,873,341
5783,868,342
5784,865,343
5785,860,345
5786,857,345
5787,853,346
5788,849,348
5789,846,349
5790,842,350
5791,839,351
5792,835,352
5793,832,352
5794,828,353
5795,826,354
5796,823,354
5797,820,356
5798,818,356
5799,814,357
5800,812,357
5801,810,358
5802,807,358
5803,804,359
5804,802,360
5805,799,360
5806,797,361
5807,794,362
5808,793,362
5809,790,363
5810,788,363
5811,786,363
5812,783,364
5813,782,364
5814,781,365
5815,778,365
5816,777,366
5817,775,366
5818,773,366
5819,772,367
5820,770,367
5821,768,368
5822,767,368
5823,765,368
5824,764,369
5825,763,369
5826,761,369
5827,760,369
5828,758,370
5829,758,370
5830,756,370
5831,756,370
5832,754,371
5833,753,371
5834,751,372
5835,751,372
5836,749,372
5837,749,372
5838,747,372
5839,747,372
5840,745,373
5841,745,373
5842,743,373
5843,743,373
5844,741,374
5845,739,374
5846,738,374
5847,736,374
5848,734,374
5849,735,375
5850,741,380
5851,749,386
5852,757,391
5853,764,396
5854,772,401
5855,780,406
5856,787,411
5857,795,415
5858,804,420
5859,811,424
5860,817,429
5861,825,434
5862,831,439
5863,838,443
5864,845,448
5865,852,452
5866,857,457
5867,863,462
5868,869,467
5869,876,471
5870,882,476
5871,889,481
5872,895,486
5873,902,491
5874,908,496
5875,915,501
5876,921,506
5877,928,511
5878,934,516
5879,941,521
5880,947,526
5881,954,530
5882,959,533
5883,964,535
5884,971,538
5885,976,540
5886,983,543
5887,988,546
5888,995,550
5889,1000,554
5890,1007,558
5891,1012,562
5892,1017,565
5893,1001,562
5894,972,556
5895,939,549
5896,909,541
5897,880,534
5898,853,528
5899,826,523
5900,801,519
5901,776,516
5902,752,513
5903,729,509
5904,706,506
5905,683,503
5906,662,500
5907,641,497
5908,621,495
5909,602,492
5910,584,489
5911,565,487
5912,548,485
5913,530,482
5914,514,479
5915,498,476
5916,483,474
5917,468,472
5918,446,471
5919,425,470
5920,406,470
5921,398,469
5922,389,468
5923,381,466
5924,377,466
5925,374,465
5926,370,465
5927,369,465
5928,368,466
5929,367,467
5930,367,468
5931,368,469
5932,369,470
5933,371,470
5934,371,470
5935,374,471
5936,376,472
5937,378,473
5938,378,473
5939,381,473
5940,382,474
5941,386,475
5942,389,474
5943,390,475
5944,390,477
5945,392,478
5946,393,479
5947,396,481
5948,397,482
5949,400,483
5950,402,484
5951,403,487
5952,405,485
5953,405,482
5954,406,479
5955,408,480
5956,407,479
5957,406,477
5958,409,476
5959,408,475
5960,410,473
5961,409,472
5962,410,472
5963,409,471
5964,411,471
5965,411,470
5966,413,470
5967,415,470
5968,414,470
5969,415,470
5970,416,471
5971,417,471
5972,417,471
5973,419,471
5974,418,471
5975,418,472
5976,421,471
5977,421,468
5978,421,467
5979,423,466
5980,423,464
5981,423,463
5982,424,461
5983,424,460
5984,428,459
5985,430,457
5986,430,457
5987,430,457
5988,429,457
5989,430,457
5990,430,457
5991,430,457
5992,430,457
5993,430,457
5994,430,457
5995,430,457
5996,430,457
5997,430,457
5998,430,457
5999,430,457
6000,430,457
6001,430,457
6002,430,457
6003,430,457
6004,430,457
6005,430,457
6006,430,457
6007,430,458
6008,431,458
6009,431,458
6011,963,502
6012,961,503
6013,962,503
6014,961,503
6015,961,504
6016,962,503
6017,961,503
6018,961,503
6019,960,503
6020,961,503
6021,960,503
6022,961,502
6023,960,503
6024,961,502
6025,960,503
6026,961,502
6027,960,503
6028,961,502
6029,960,502
6030,961,502
6031,961,503
6032,961,502
6033,960,502
6034,962,502
6035,960,502
6036,951,502
6037,938,502
6038,926,502
6039,915,502
6040,907,501
6041,898,501
6042,891,501
6043,884,501
6044,878,501
6045,872,501
6046,868,501
6047,862,501
6048,859,501
6049,855,501
6050,853,501
6051,850,501
6052,846,501
6053,845,501
6054,844,501
6055,841,501
6056,841,501
6057,839,501
6058,839,501
6059,840,500
6060,839,499
6061,840,498
6062,840,497
6063,841,496
6064,841,496
6065,842,496
6066,841,496
6067,842,496
6068,842,496
6069,843,497
6070,843,497
6071,844,498
6072,844,499
6073,846,499
6074,858,500
6075,878,500
6076,898,500
6077,915,500
6078,931,501
6079,946,501
6080,959,502
6081,971,502
6082,981,502
6083,990,502
6084,998,502
6085,1005,501
6086,1012,501
6087,1018,501
6088,1025,500
6089,1030,501
6090,1035,501
6091,1039,502
6092,1044,502
6093,1047,503
6094,1050,503
6095,1052,502
6096,1054,501
6097,1056,501
6098,1058,501
6099,1058,501
6100,1061,501
6101,1061,501
6102,1063,502
6103,1063,502
6104,1065,503
6105,1064,503
6106,1063,502
6107,1063,502
6108,1062,501
6109,1063,501
6110,1062,501
6111,1062,501
6112,1055,500
6113,1046,497
6114,1035,495
6115,1024,492
6116,1016,489
6117,1008,485
6118,1001,482
6119,994,478
6120,987,475
6121,982,471
6122,977,468
6123,972,464
6124,968,460
6125,964,457
6126,960,453
6127,957,449
6128,953,445
6129,951,441
6130,949,438
6131,946,434
6132,945,430
6133,942,426
6134,943,426
6135,941,423
6136,941,422
6137,940,420
6138,938,416
6139,938,412
6140,936,408
6141,936,405
6142,934,400
6143,935,395
6144,935,391
6145,933,390
6146,933,386
6147,932,384
6148,932,381
6149,932,379
6150,932,377
6151,931,375
6152,932,372
6153,931,370
6154,932,368
6155,931,367
6156,932,365
6157,932,363
6158,933,362
6159,932,361
6160,933,359
6161,933,358
6162,933,357
6163,933,356
6164,934,356
6165,934,355
6166,935,355
6167,934,354
6168,935,354
6169,935,354
6170,936,354
6171,936,354
6172,937,354
6173,936,355
6174,937,355
6175,937,356
6176,938,357
6177,938,358
6178,939,359
6179,938,361
6180,939,362
6181,939,364
6182,940,365
6183,941,367
6184,940,369
6185,941,371
6186,942,373
6187,941,376
6188,942,378
6189,941,381
6190,942,383
6191,942,386
6192,943,389
6193,943,392
6194,943,395
6195,945,399
6196,944,402
6197,944,406
6198,944,410
6199,946,414
6200,945,418
6201,946,422
6202,945,426
6203,946,431
6204,946,435
6205,947,440
6206,947,445
6207,948,450
6208,947,455
6209,948,460
6210,948,466
6211,949,471
6212,949,476
6213,950,482
6214,949,488
6215,950,494
6216,951,500
6217,950,506
6218,951,512
6219,950,519
6220,951,525
6221,951,532
6222,952,539
6223,951,545
6224,952,552
6225,951,560
6226,952,567
6227,952,574
6228,953,581
6229,952,589
6230,953,596
6231,953,604
6232,954,612
6233,953,620
6234,954,628
6235,954,636
6236,956,639
6237,958,638
6238,961,636
6239,963,635
6240,963,635
6241,966,635
6242,967,636
6243,969,636
6244,969,637
6245,971,639
6246,971,640
6247,972,639
6248,971,636
6249,972,633
6250,972,630
6251,971,627
6252,972,624
6253,971,622
6254,971,620
6255,970,619
6256,970,616
6257,969,613
6258,970,610
6259,971,607
6260,970,605
6261,971,603
6262,970,602
6263,970,600
6264,969,600
6265,969,599
6266,968,598
6267,968,598
6268,967,598
6269,967,598
6270,966,598
6271,966,599
6272,965,600
6273,965,600
6274,964,601
6275,963,602
6276,961,601
6277,960,600
6278,958,598
6279,959,597
6280,955,596
6281,953,595
6282,953,594
6283,951,594
6284,951,593
6285,949,593
6286,946,592
6287,946,591
6288,945,591
6289,944,590
6290,943,590
6291,942,589
6292,940,587
6293,939,585
6294,936,583
6295,935,581
6296,933,580
6297,933,578
6298,930,577
6299,929,576
6300,927,575
6301,926,574
6302,923,574
6303,923,573
6304,921,574
6305,922,574
6306,921,574
6307,919,574
6308,917,574
6309,918,574
6310,916,575
6311,916,575
6312,915,576
6313,913,577
6314,914,578
6315,912,578
6316,910,577
6317,910,576
6318,908,575
6319,906,574
6320,905,573
6321,901,572
6322,889,570
6323,878,567
6324,866,565
6325,858,562
6326,850,561
6327,843,559
6328,836,557
6329,831,556
6330,825,553
6331,821,552
6332,817,550
6333,812,549
6334,809,548
6335,808,548
6336,805,548
6337,804,546
6338,801,545
6339,799,544
6340,795,543
6341,794,542
6342,792,541
6343,792,540
6344,790,539
6345,790,539
6346,788,538
6347,788,538
6348,787,537
6349,788,537
6350,787,537
6351,787,536
6352,787,535
6353,788,535
6354,787,535
6355,788,534
6356,787,534
6357,788,534
6358,788,534
6359,789,534
6360,789,534
6361,790,533
6362,790,533
6363,791,533
6364,791,533
6365,792,532
6366,792,532
6367,794,532
6368,793,532
6369,795,531
6370,796,531
6371,798,531
6372,799,531
6373,813,530
6374,834,530
6375,854,529
6376,876,528
6377,894,528
6378,911,527
6379,926,526
6380,940,526
6381,953,525
6382,965,525
6383,975,524
6384,986,524
6385,995,523
6386,1003,523
6387,1011,523
6388,1019,523
6389,1025,522
6390,1033,522
6391,1038,522
6392,1043,522
6393,1049,522
6394,1053,522
6395,1058,522
6396,1061,522
6397,1064,522
6398,1066,521
6399,1069,519
6400,1070,518
6401,1073,517
6402,1073,516
6403,1076,515
6404,1076,514
6405,1078,514
6406,1079,513
6407,1081,513
6408,1083,513
6409,1084,513
6410,1086,512
6411,1085,513
6412,1086,513
6413,1086,514
6414,1087,515
6415,1087,515
6416,1086,514
6417,1087,513
6418,1086,513
6419,1084,512
6420,1083,511
6421,1081,511
6422,1080,511
6423,1077,511
6424,1077,511
6425,1074,511
6426,1073,511
6427,1070,511
6428,1068,511
6429,1065,510
6430,1064,510
6431,1061,510
6432,1050,513
6433,1037,517
6434,1022,521
6435,1008,525
6436,996,528
6437,986,531
6438,975,534
6439,965,536
6440,956,539
6441,948,541
6442,940,543
6443,933,545
6444,925,547
6445,920,548
6446,914,550
6447,909,551
6448,902,552
6449,899,553
6450,893,555
6451,891,555
6452,887,556
6453,882,557
6454,884,558
6455,883,559
6456,883,560
6457,881,562
6458,881,563
6459,880,563
6460,879,563
6461,878,564
6462,876,565
6463,876,565
6464,875,566
6465,875,567
6466,874,568
6467,872,568
6468,872,568
6469,871,569
6470,871,569
6471,869,569
6472,869,569
6473,867,569
6474,867,568
6475,865,568
6476,865,568
6477,863,568
6478,863,568
6479,862,569
6480,862,569
6481,860,569
6482,860,569
6483,859,569
6484,858,568
6485,857,569
6486,857,569
6487,859,569
6488,862,570
6489,864,570
6490,866,571
6491,868,571
6492,870,572
6493,872,573
6494,872,573
6495,872,574
6496,874,574
6497,874,574
6498,875,574
6499,874,575
6500,875,575
6501,875,575
6502,874,576
6503,875,576
6504,874,576
6505,876,575
6506,879,573
6507,880,571
6508,882,569
6509,883,568
6510,883,566
6511,885,564
6512,885,563
6513,886,562
6514,885,561
6515,886,560
6516,885,559
6517,886,558
6518,885,558
6519,886,557
6520,885,557
6521,885,556
6522,883,556
6523,883,555
6524,882,555
6525,882,555
6526,884,556
6527,892,558
6528,902,561
6529,911,564
6530,918,567
6531,924,570
6532,929,572
6533,934,575
6534,940,577
6535,944,580
6536,947,583
6537,950,586
6538,954,588
6539,956,591
6540,958,594
6541,961,597
6542,962,599
6543,962,600
6544,963,601
6545,963,602
6546,962,604
6547,963,605
6548,962,607
6549,963,609
6550,961,610
6551,959,611
6552,959,612
6553,958,613
6554,956,614
6555,956,615
6556,954,616
6557,952,616
6558,950,617
6559,949,617
6560,946,618
6561,945,619
6562,943,620
6563,942,621
6564,939,622
6565,937,622
6566,934,623
6567,933,624
6568,930,624
6569,928,625
6570,925,625
6571,924,626
6572,921,626
6573,920,627
6574,917,627
6575,914,628
6576,903,625
6577,887,621
6578,871,616
6579,857,611
6580,844,606
6581,832,603
6582,821,599
6583,812,597
6584,803,594
6585,796,592
6586,788,589
6587,782,587
6588,776,586
6589,771,585
6590,764,583
6591,760,583
6592,756,582
6593,753,581
6594,748,581
6595,746,581
6596,743,581
6597,740,582
6598,738,582
6599,737,582
6600,734,583
6601,731,582
6602,728,580
6603,725,579
6604,722,578
6605,720,576
6606,719,575
6607,718,575
6608,715,574
6609,714,574
6610,712,574
6611,712,574
6612,711,574
6613,711,574
6614,710,575
6615,710,575
6616,708,575
6617,708,574
6618,706,573
6619,705,572
6620,704,571
6621,704,571
6622,703,571
6623,703,571
6624,703,571
6625,703,571
6626,703,572
6627,703,571
6628,702,571
6629,703,570
6630,704,570
6631,703,570
6632,704,570
6633,704,570
6634,705,570
6635,705,570
6636,707,569
6637,707,569
6638,708,569
6639,709,569
6640,710,569
6641,711,569
6642,713,569
6643,714,568
6644,716,568
6645,718,568
6646,720,568
6647,721,568
6648,723,568
6649,725,567
6650,726,567
6651,750,574
6652,757,575
6653,763,576
6654,767,578
6655,771,579
6656,774,580
6657,779,581
6658,783,583
6659,786,585
6660,792,585
6661,797,584
6662,803,583
6663,807,583
6664,811,583
6665,814,583
6666,818,583
6667,820,583
6668,822,582
6669,823,582
6670,825,581
6671,829,581
6672,831,582
6673,833,582
6674,833,582
6675,832,582
6676,833,580
6677,833,578
6678,835,577
6679,835,576
6680,836,575
6681,836,574
6682,837,573
6683,836,573
6684,837,572
6685,836,572
6686,837,571
6687,836,571
6688,837,570
6689,836,569
6690,833,568
6691,831,567
6692,827,566
6693,826,566
6694,824,565
6695,822,565
6696,821,564
6697,819,564
6698,817,563
6699,815,562
6700,814,562
6701,812,561
6702,810,561
6703,808,560
6704,807,560
6705,810,559
6706,810,558
6707,809,557
6708,807,558
6709,809,559
6710,808,559
6711,808,559
6712,807,559
6713,809,557
6714,807,557
6715,808,556
6716,808,555
6717,810,557
6718,812,558
6719,815,555
6720,816,554
6721,818,553
6722,822,552
6723,824,551
6724,827,550
6725,828,549
6726,831,548
6727,832,548
6728,834,548
6729,835,547
6730,838,547
6731,839,547
6732,840,546
6733,842,546
6734,842,546
6735,845,546
6736,845,546
6737,848,546
6738,849,546
6739,851,547
6740,853,547
6741,866,545
6742,869,544
6743,871,544
6744,875,544
6745,877,544
6746,880,544
6747,881,544
6748,883,544
6749,886,544
6750,887,544
6751,889,544
6752,890,544
6753,892,544
6754,892,543
6755,894,543
6756,895,543
6757,896,543
6758,897,543
6759,898,543
6760,898,543
6761,900,543
6762,900,544
6763,902,543
6764,901,543
6765,898,539
6766,896,537
6767,894,534
6768,879,526
6769,875,522
6770,871,518
6771,868,515
6772,863,512
6773,861,510
6774,857,508
6775,856,506
6776,853,505
6777,851,503
6778,850,501
6779,849,499
6780,846,497
6781,846,496
6782,844,494
6783,843,494
6784,842,493
6785,842,492
6786,841,491
6787,841,490
6788,840,489
6789,841,489
6790,840,488
6791,840,488
6792,841,487
6793,840,486
6794,840,486
6795,840,486
6796,841,485
6797,841,485
6798,841,485
6799,841,484
6800,842,484
6801,842,484
6802,843,483
6803,843,483
6804,844,483
6805,844,483
6806,845,485
6807,845,486
6808,848,487
6809,848,488
6810,852,489
6811,853,490
6812,856,490
6813,857,491
6814,859,492
6815,860,493
6816,864,493
6817,870,494
6818,878,495
6819,883,496
6820,887,498
6821,892,499
6822,898,498
6823,902,499
6824,906,499
6825,909,499
6826,913,500
6827,916,500
6828,918,501
6829,921,501
6830,923,501
6831,926,501
6832,930,501
6833,930,502
6834,933,503
6835,936,503
6836,937,504
6837,938,504
6838,940,504
6839,941,505
6840,942,505
6841,944,505
6842,948,511
6843,948,513
6844,950,514
6845,953,515
6846,954,516
6847,956,517
6848,957,518
6849,958,519
6850,960,520
6851,961,521
6852,962,522
6853,962,523
6854,962,524
6855,964,525
6856,964,526
6857,965,526
6858,965,527
6859,967,528
6860,968,529
6861,968,530
6862,968,531
6863,970,531
6864,970,531
6865,972,531
6866,972,531
6867,974,532
6868,974,532
6869,976,532
6870,976,532
6871,978,532
6872,978,533
6873,980,532
6874,978,535
6875,976,540
6876,973,545
6877,972,550
6878,968,554
6879,966,558
6880,963,562
6881,962,565
6882,959,569
6883,958,571
6884,955,575
6885,955,577
6886,954,579
6887,951,582
6888,951,584
6889,949,586
6890,948,589
6891,947,591
6892,947,592
6893,945,594
6894,945,596
6895,944,597
6896,943,599
6897,942,601
6898,943,602
6899,943,603
6900,941,604
6901,940,606
6902,941,606
6903,940,607
6904,940,608
6905,939,610
6906,940,611
6907,939,612
6908,940,613
6909,939,614
6910,939,614
6911,938,615
6912,938,616
6913,937,617
6914,938,617
6915,941,617
6916,945,615
6917,947,614
6918,948,612
6919,953,611
6920,957,610
6921,960,609
6922,962,608
6923,966,607
6924,968,606
6925,972,605
6926,974,605
6927,977,604
6928,978,603
6929,981,602
6930,982,602
6931,985,602
6932,986,602
6933,989,601
6934,990,601
6935,993,601
6936,994,601
6937,996,601
6938,998,601
6939,1000,601
6940,1001,600
6941,1004,600
6942,1005,600
6943,1007,600
6944,1008,599
6945,1010,599
6946,1011,600
6947,1013,600
6948,1014,600
6949,1016,600
6950,1017,600
6951,1019,600
6952,1018,602
6953,1013,605
6954,1008,609
6955,1003,612
6956,999,616
6957,994,619
6958,990,623
6959,986,626
6960,981,629
6961,978,632
6962,975,636
6963,973,639
6964,969,642
6965,967,645
6966,965,646
6967,962,648
6968,961,649
6969,960,651
6970,957,653
6971,956,655
6972,954,657
6973,953,659
6974,951,661
6975,951,662
6976,950,663
6977,950,664
6978,948,666
6979,949,667
6980,949,667
6981,947,669
6982,947,670
6983,946,671
6984,947,671
6985,946,672
6986,947,673
6987,946,674
6988,946,675
6989,946,675
6990,946,676
6991,946,677
6992,947,677
6993,946,678
6994,947,679
6995,947,679
6996,948,680
6997,947,680
6998,948,681
6999,948,681
7000,949,682
7001,949,682
7002,950,683
7003,950,684
7004,951,686
7005,951,689
7006,952,693
7007,952,697
7008,953,701
7009,953,706
7010,954,710
7011,954,714
7012,955,717
7013,955,721
7014,956,725
7015,956,728
7016,957,732
7017,957,736
7018,958,739
7019,958,743
7020,959,746
7021,960,749
7022,961,753
7023,961,756
7024,962,759
7025,962,763
7026,963,765
7027,963,769
7028,965,772
7029,964,775
7030,963,776
7031,960,776
7032,959,776
7033,957,776
7034,957,777
7035,957,777
7036,956,777
7037,957,778
7038,958,778
7039,957,779
7040,958,779
7041,958,779
7042,960,780
7043,962,780
7044,961,781
7045,963,781
7046,965,782
7047,965,782
7048,968,783
7049,969,783
7050,972,784
7051,973,784
7052,975,784
7053,977,785
7054,980,785
7055,981,786
7056,984,786
7057,985,787
7058,988,787
7059,989,788
7060,992,789
7061,992,789
7062,995,789
7063,997,790
7064,1000,790
7065,1001,790
7066,1004,790
7067,1005,791
7068,1005,791
7069,1004,792
7070,1005,792
7071,1004,793
7072,1005,793
7073,1005,794
7074,1006,794
7075,1006,794
7076,1008,795
7077,1008,795
7078,1010,796
7079,1010,797
7080,1012,797
7081,1013,797
7082,1014,798
7083,1016,798
7084,1017,798
7085,1019,798
7086,1020,799
7087,1022,798
7088,1022,799
7089,1025,799
7090,1029,798
7091,1034,796
7092,1037,795
7093,1042,794
7094,1045,793
7095,1050,793
7096,1055,792
7097,1059,791
7098,1060,786
7099,1062,785
7100,1065,784
7101,1066,783
7102,1068,782
7103,1070,781
7104,1072,781
7105,1073,780
7106,1073,778
7107,1076,777
7108,1079,776
7109,1081,775
7110,1081,775
7111,1081,775
7112,1082,774
7113,1083,774
7114,1083,773
7115,1084,773
7116,1085,772
7117,1086,772
7118,1086,771
7119,1087,771
7122,1141,759
7123,1144,759
7124,1147,758
7125,1149,758
7126,1151,756
7127,1155,755
7128,1156,754
7129,1157,753
7130,1159,752
7131,1160,750
7132,1162,749
7133,1163,748
7134,1165,748
7135,1164,747
7136,1164,746
7137,1165,745
7138,1167,744
7139,1166,743
7140,1167,742
7141,1166,742
7142,1167,740
7143,1166,740
7144,1166,739
7145,1165,738
7146,1165,738
7147,1164,737
7148,1163,737
7149,1171,728
7150,1176,719
7151,1181,712
7152,1187,703
7153,1190,696
7154,1193,690
7155,1197,683
7156,1199,676
7157,1203,669
7158,1204,663
7159,1207,657
7160,1207,651
7161,1210,645
7162,1210,640
7163,1210,634
7164,1212,628
7165,1212,622
7166,1213,615
7167,1212,610
7168,1213,604
7169,1212,599
7170,1213,594
7171,1212,589
7172,1213,584
7173,1211,579
7174,1212,574
7175,1211,569
7176,1211,564
7177,1209,559
7178,1209,556
7179,1210,555
7180,1208,554
7181,1209,554
7182,1208,553
7183,1208,553
7184,1207,552
7185,1207,551
7186,1206,551
7187,1206,550
7188,1205,550
7189,1205,550
7190,1204,549
7191,1204,548
7192,1203,548
7193,1203,548
7194,1202,547
7195,1202,547
7196,1201,547
7197,1201,546
7198,1200,546
7199,1200,546
7200,1199,545
7201,1199,545
7202,1197,545
7203,1197,545
7204,1196,544
7205,1196,544
7206,1195,544
7207,1195,544
7208,1194,544
7209,1191,544
7210,1186,545
7211,1179,546
7212,1172,546
7213,1168,547
7214,1163,548
7215,1157,549
7216,1154,550
7217,1149,551
7218,1147,552
7219,1143,552
7220,1141,553
7221,1138,553
7222,1137,554
7223,1134,554
7224,1133,554
7225,1130,555
7226,1130,555
7227,1128,556
7228,1128,556
7229,1126,556
7230,1126,556
7231,1124,557
7232,1124,557
7233,1123,557
7234,1123,557
7235,1121,557
7236,1121,557
7237,1120,558
7238,1121,558
7239,1120,558
7240,1120,558
7241,1119,558
7242,1119,558
7243,1118,559
7244,1118,559
7245,1117,559
7246,1118,559
7247,1117,559
7248,1116,560
7249,1113,558
7250,1102,551
7251,1090,544
7252,1078,538
7253,1069,532
7254,1060,527
7255,1052,523
7256,1046,518
7257,1039,514
7258,1033,511
7259,1028,507
7260,1023,504
7261,1019,501
7262,1015,498
7263,1011,495
7264,1008,493
7265,1005,491
7266,1002,489
7267,1000,487
7268,998,486
7269,996,484
7270,993,482
7271,992,480
7272,990,479
7273,990,478
7274,988,477
7275,988,475
7276,986,474
7277,986,473
7278,985,472
7279,985,471
7280,984,470
7281,984,470
7282,983,469
7283,983,468
7284,983,468
7285,983,467
7286,982,466
7287,983,465
7288,982,465
7289,982,465
7290,982,465
7291,982,464
7292,982,463
7293,982,463
7294,982,462
7295,983,462
7296,982,461
7297,983,461
7298,982,461
7299,983,460
7300,983,460
7301,983,460
7302,983,460
7303,984,459
7304,984,459
7305,985,458
7306,986,457
7307,986,456
7308,986,455
7309,986,455
7310,987,454
7311,987,454
7312,987,454
7313,987,454
7314,988,454
7315,989,453
7316,992,458
7317,997,465
7318,1002,472
7319,1006,479
7320,1011,486
7321,1014,492
7322,1018,498
7323,1021,503
7324,1025,508
7325,1027,513
7326,1030,516
7327,1031,520
7328,1034,523
7329,1036,526
7330,1037,529
7331,1040,532
7332,1041,535
7333,1041,535
7334,1042,537
7335,1043,539
7336,1044,541
7337,1045,543
7338,1046,545
7339,1047,547
7340,1048,549
7341,1048,551
7342,1049,552
7343,1050,553
7344,1050,554
7345,1051,555
7346,1050,556
7347,1051,557
7348,1051,558
7349,1052,559
7350,1053,560
7351,1054,561
7352,1054,562
7353,1055,562
7354,1056,563
7355,1057,564
7356,1058,565
7357,1059,566
7358,1060,567
7359,1060,567
7365,1057,569
7366,1054,569
7367,1056,569
7368,1055,568
7369,1053,568
7370,1055,569
7371,1055,569
7372,1056,569
7373,1058,569
7374,1060,569
7375,1060,569
7376,1062,569
7377,1063,569
7378,1065,569
7379,1064,569
7380,1067,569
7381,1068,569
7382,1070,568
7383,1071,568
7384,1069,569
7385,1068,569
7386,1067,570
7387,1068,569
7388,1069,569
7389,1069,569
7390,1070,568
7391,1069,569
7392,1070,568
7393,1070,569
7394,1071,569
7395,1071,569
7396,1070,569
7397,1071,568
7398,1071,568
7399,1072,568
7400,1071,568
7401,1072,568
7402,1071,568
7403,1072,568
7404,1072,568
7405,1072,568
7406,1073,568
7407,1072,568
7408,1072,568
7409,1072,569
7410,1069,568
7411,1065,568
7412,1061,568
7413,1057,567
7414,1054,567
7415,1051,567
7416,1047,567
7417,1046,566
7418,1043,566
7419,1042,566
7420,1039,566
7421,1038,566
7422,1036,566
7423,1036,566
7424,1034,566
7425,1034,566
7426,1033,566
7427,1033,566
7428,1032,566
7429,1032,566
7430,1031,566
7431,1032,565
7432,1030,565
7433,1022,564
7434,1011,562
7435,1000,561
7436,988,559
7437,980,558
7438,972,556
7439,965,554
7440,956,553
7441,950,552
7442,944,551
7443,939,550
7444,932,549
7445,927,547
7446,923,546
7447,919,545
7448,913,545
7449,910,544
7450,906,542
7451,902,542
7452,899,541
7453,897,540
7454,897,540
7455,896,539
7456,895,539
7457,895,539
7458,894,539
7459,895,538
7460,894,538
7461,895,538
7462,896,538
7463,895,538
7464,896,538
7465,896,539
7466,898,539
7467,898,539
7468,899,540
7469,899,541
7470,900,541
7471,901,543
7472,903,543
7473,903,544
7474,904,545
7475,905,545
7476,906,547
7477,907,548
7478,908,550
7479,910,551
7480,910,552
7481,912,554
7482,914,555
7483,914,557
7484,916,559
7485,916,561
7486,918,563
7487,919,565
7488,921,567
7489,921,570
7490,923,572
7491,924,574
7492,926,576
7493,929,579
7494,941,580
7495,953,582
7496,967,584
7497,977,587
7498,988,590
7499,997,593
7500,1007,596
7501,1015,599
7502,1024,602
7503,1030,602
7504,1036,600
7505,1043,598
7506,1047,597
7507,1052,597
7508,1058,596
7509,1062,595
7510,1065,595
7511,1070,595
7512,1073,595
7513,1076,595
7514,1078,595
7515,1080,595
7516,1084,595
7517,1085,596
7518,1087,597
7519,1090,598
7520,1091,599
7521,1092,600
7522,1095,602
7523,1096,603
7524,1098,605
7525,1098,606
7526,1100,605
7527,1101,605
7528,1101,604
7529,1098,602
7530,1094,600
7531,1090,598
7532,1087,596
7533,1083,596
7534,1081,594
7535,1080,593
7536,1078,591
7537,1078,590
7538,1076,589
7539,1076,588
7540,1074,587
7541,1074,587
7542,1073,587
7543,1073,586
7544,1074,585
7545,1073,584
7546,1074,584
7547,1074,584
7548,1075,583
7549,1074,583
7550,1075,583
7551,1075,583
7552,1077,582
7553,1078,582
7554,1079,582
7555,1080,581
7556,1080,581
7557,1081,581
7558,1082,581
7559,1084,581
7560,1084,580
7561,1083,580
7562,1085,580
7563,1087,579
7564,1091,579
7565,1096,579
7566,1101,578
7567,1103,578
7568,1106,578
7569,1109,578
7570,1111,579
7571,1114,579
7572,1116,579
7573,1117,579
7574,1120,578
7575,1121,578
7576,1124,578
7577,1125,578
7578,1126,578
7579,1128,577
7580,1129,577
7581,1131,577
7582,1132,577
7583,1133,577
7584,1122,594
7585,1121,597
7586,1120,600
7587,1119,604
7588,1118,607
7589,1117,610
7590,1116,613
7591,1115,616
7592,1114,619
7594,1153,571
7595,1152,570
7596,1154,569
7597,1153,568
7598,1153,569
7599,1154,569
7600,1154,568
7601,1155,568
7602,1156,568
7603,1156,568
7604,1157,568
7605,1131,545
7606,1129,537
7607,1124,531
7608,1119,525
7609,1115,519
7610,1111,512
7611,1107,506
7612,1104,503
7613,1101,499
7614,1097,496
7615,1095,493
7616,1092,489
7617,1090,486
7618,1087,484
7619,1086,482
7620,1085,479
7621,1082,478
7622,1081,476
7623,1079,474
7624,1078,473
7625,1076,472
7626,1076,471
7627,1074,470
7628,1074,470
7629,1072,469
7630,1072,468
7631,1071,466
7632,1071,465
7633,1070,464
7634,1070,462
7635,1069,462
7636,1070,461
7637,1068,460
7638,1069,460
7639,1068,459
7640,1069,459
7641,1068,458
7642,1069,457
7643,1068,457
7644,1069,456
7645,1068,455
7646,1069,455
7647,1068,454
7648,1069,454
7649,1068,454
7650,1069,454
7651,1069,454
7652,1070,453
7653,1069,453
7654,1070,452
7655,1070,452
7656,1071,451
7657,1071,451
7658,1071,451
7659,1071,452
7660,1072,451
7661,1072,451
7662,1073,451
7663,1073,451
7664,1074,450
7665,1074,451
7666,1075,450
7667,1074,450
7668,1076,450
7669,1076,450
7670,1077,450
7671,1076,450
7672,1078,450
7673,1078,450
7674,1078,450
7675,1078,450
7676,1079,448
7677,1079,446
7678,1079,445
7679,1080,443
7680,1079,441
7681,1080,439
7682,1080,438
7683,1081,436
7684,1081,434
7685,1081,433
7686,1082,431
7687,1081,432
7688,1082,432
7689,1081,433
7690,1082,432
7691,1081,433
7692,1081,433
7693,1082,433
7694,1081,433
7695,1083,433
7696,1082,433
7697,1084,433
7698,1083,433
7699,1083,433
7700,1083,433
7701,1085,433
7702,1085,433
7703,1086,432
7704,1085,432
7705,1086,432
7706,1086,432
7707,1087,432
7708,1087,432
7709,1088,431
7710,1087,431
7711,1084,430
7712,1076,426
7713,1067,423
7714,1057,420
7715,1049,416
7716,1042,413
7717,1035,410
7718,1029,408
7719,1024,405
7720,1019,403
7721,1014,401
7722,1011,398
7723,1007,396
7724,1004,393
7725,1002,391
7726,999,389
7727,998,386
7728,996,384
7729,995,381
7730,993,379
7731,991,378
7732,992,376
7733,991,374
7734,990,372
7735,990,370
7736,990,368
7737,989,367
7738,990,365
7739,990,363
7740,990,361
7741,990,360
7742,992,358
7743,992,356
7744,994,354
7745,994,352
7746,994,351
7747,995,349
7748,996,348
7749,996,347
7750,998,345
7751,999,344
7752,1001,343
7753,1001,341
7754,1003,340
7755,1003,339
7756,1005,336
7757,1006,335
7758,1008,334
7759,1008,333
7760,1010,331
7761,1011,330
7762,1014,328
7763,1015,327
7764,1017,325
7765,1017,324
7766,1019,323
7767,1020,322
7768,1022,321
7769,1022,320
7770,1024,319
7771,1025,318
7772,1030,319
7773,1032,321
7774,1037,323
7775,1039,325
7776,1043,327
7777,1047,329
7778,1049,331
7779,1050,334
7780,1053,335
7781,1054,336
7782,1057,337
7783,1058,339
7784,1060,340
7785,1062,341
7786,1063,343
7787,1066,345
7788,1067,346
7789,1069,346
7790,1069,348
7791,1071,348
7792,1072,349
7793,1074,350
7794,1074,351
7795,1076,352
7796,1077,353
7797,1079,354
7798,1079,355
7799,1078,356
7800,1076,356
7801,1075,357
7802,1073,357
7803,1072,358
7804,1070,359
7805,1069,359
7806,1067,360
7807,1067,360
7808,1065,362
7809,1065,362
7810,1062,363
7811,1062,363
7812,1060,365
7813,1060,365
7814,1058,366
7815,1057,366
7816,1055,366
7817,1055,367
7818,1053,367
7819,1053,367
7820,1051,368
7821,1051,368
7822,1050,369
7823,1049,369
7824,1048,369
7825,1047,370
7826,1045,370
7827,1045,371
7828,1044,371
7829,1044,372
7830,1042,372
7831,1041,373
7832,1040,373
7833,1040,373
7834,1039,374
7835,1037,374
7836,1037,374
7837,1035,375
7838,1035,375
7839,1035,375
7840,1033,376
7841,1033,376
7842,1031,376
7843,1031,377
7844,1029,377
7845,1019,380
7846,1005,382
7847,992,385
7848,978,388
7849,966,390
7850,952,392
7851,940,394
7852,926,397
7853,913,399
7854,900,401
7855,887,403
7856,874,406
7857,862,407
7858,851,409
7859,839,410
7860,828,411
7861,818,412
7862,807,413
7863,797,414
7864,788,415
7865,778,415
7866,769,416
7867,759,417
7868,750,416
7869,741,416
7870,731,417
7871,723,417
7872,713,418
7873,704,418
7874,693,418
7875,683,418
7876,675,419
7877,667,419
7878,656,419
7879,647,419
7880,637,420
7881,628,420
7882,618,420
7883,609,420
7884,601,421
7885,590,420
7886,581,420
7887,574,420
7888,563,421
7889,554,421
7890,543,421
7891,534,421
7892,524,421
7893,515,420
7894,504,421
7895,494,422
7896,487,422
7897,470,424
7898,455,426
7899,438,429
7900,421,432
7901,403,435
7902,386,437
7903,369,439
7904,352,441
7905,335,443
7906,318,445
7907,298,450
7908,281,453
7909,261,456
7910,243,459
7911,226,462
7912,208,465
7913,188,468
7914,170,471
7915,150,474
7916,131,478
7917,113,481
7918,94,484
7919,73,487
7920,53,491
7921,33,495
7922,13,498
7923,-7,502
7924,-27,505
7925,-47,509
7926,-67,512
7927,-87,516
7928,-107,519
7942,1144,52
7943,1144,52
7944,1144,52
7945,1144,52
7946,1144,52
7947,1144,52
7948,1144,52
7949,1144,52
7950,1144,52
8034,1649,165
8035,1649,165
8036,1649,167
8037,1649,167
8038,1649,167
8039,1649,167
8040,1647,168
8041,1646,168
8042,1648,167
8043,1649,167
8044,1647,167
8045,1646,168
8046,1645,168
8047,1649,167
8048,1649,166
8049,1649,167
8050,1649,167
8051,1649,167
8052,1649,167
8053,1649,167
8054,1649,167
8055,1649,167
8056,1649,167
8057,1649,166
8058,1649,166
8059,1649,166
8060,1649,166
8062,1754,417
8063,1754,417
8064,1754,417
8065,1754,417
8066,1754,417
8067,1754,417
8068,1754,417
8069,1754,417
8070,1754,417
8072,982,755
8073,984,754
8074,983,754
8075,983,754
8076,982,754
8077,984,754
8078,983,754
8079,984,754
8080,983,754
8081,984,754
8082,983,754
8083,982,754
8084,982,754
8085,981,754
8086,981,754
8087,980,754
8088,980,754
8089,979,754
8090,979,754
8092,717,528
8093,716,529
8094,718,528
8095,718,528
8096,717,528
8097,718,528
8098,717,529
8099,718,528
8100,717,529
8101,718,528
8102,717,529
8103,718,528
8104,717,529
8105,718,528
8106,717,529
8107,718,528
8108,717,529
8109,718,528
8110,717,529
8111,718,528
8112,717,529
8113,718,528
8114,717,529
8115,718,528
8116,717,529
8117,718,528
8118,717,529
8119,718,528
8120,717,529
8121,718,528
8122,717,529
8123,718,528
8124,717,528
8125,718,528
8126,717,528
8127,718,528
8128,717,529
8129,730,528
8130,745,527
8131,759,528
8132,772,528
8133,783,528
8134,794,528
8135,803,528
8136,812,528
8137,821,528
8138,828,528
8139,835,528
8140,841,528
8141,847,527
8142,852,526
8143,858,526
8144,862,526
8145,866,526
8146,871,526
8147,875,526
8148,878,526
8149,882,527
8150,885,527
8151,889,528
8152,891,529
8153,893,529
8154,894,529
8155,897,528
8156,898,528
8157,900,528
8158,901,528
8159,904,529
8160,905,530
8161,905,530
8162,907,530
8163,908,530
8164,909,530
8165,909,530
8166,910,530
8167,910,530
8168,911,530
8169,911,530
8170,912,530
8171,912,531
8172,913,530
8173,913,531
8174,912,531
8175,913,530
8176,913,530
8177,914,531
8178,913,531
8179,913,531
8180,913,531
8181,913,531
8182,913,531
8183,913,531
8184,912,531
8185,913,531
8186,912,531
8187,912,531
8188,911,531
8189,911,531
8190,907,532
8191,899,534
8192,890,535
8193,882,537
8194,877,538
8195,869,540
8196,865,542
8197,860,543
8198,856,543
8199,850,544
8200,847,545
8201,842,546
8202,839,547
8203,835,548
8204,833,549
8205,830,549
8206,828,549
8207,825,550
8208,823,550
8209,820,551
8210,820,551
8211,819,551
8212,818,551
8213,815,551
8214,814,552
8215,812,552
8216,811,552
8217,809,552
8218,808,552
8219,807,552
8220,805,553
8221,805,553
8222,803,553
8223,803,553
8224,802,553
8225,802,553
8226,804,554
8227,813,559
8228,824,565
8229,835,571
8230,845,577
8231,854,582
8232,862,587
8233,870,591
8234,877,596
8235,885,600
8236,891,604
8237,896,608
8238,901,612
8239,907,615
8240,912,619
8241,916,623
8242,921,626
8243,924,630
8244,929,633
8245,931,636
8246,934,639
8247,938,642
8248,940,644
8249,942,646
8250,945,648
8251,946,650
8252,949,652
8253,950,654
8254,953,656
8255,954,658
8256,956,659
8257,956,661
8258,958,662
8259,958,664
8260,959,665
8261,959,667
8262,960,667
8263,959,668
8264,961,669
8265,960,670
8266,961,672
8267,960,673
8268,961,675
8269,960,676
8270,961,676
8271,960,678
8272,960,678
8273,959,679
8274,959,679
8275,957,680
8276,956,681
8277,957,682
8278,957,684
8279,955,685
8280,955,685
8281,953,686
8282,953,687
8283,952,688
8284,951,689
8285,950,690
8286,949,690
8287,948,691
8288,947,692
8289,946,693
8290,945,693
8291,944,694
8292,944,695
8293,945,695
8294,943,696
8295,944,696
8296,943,697
8297,944,699
8298,943,704
8299,943,708
8300,941,712
8301,941,717
8302,940,721
8303,940,726
8304,941,731
8305,940,736
8306,940,741
8307,938,746
8308,937,751
8309,936,757
8310,938,763
8311,933,764
8312,927,764
8313,921,767
8314,918,769
8315,914,771
8316,908,775
8317,904,777
8318,901,778
8319,898,781
8320,893,782
8321,890,784
8322,888,785
8323,886,786
8324,882,789
8325,880,791
8326,879,793
8327,876,795
8328,874,797
8329,871,799
8330,870,800
8331,868,802
8332,867,804
8333,866,804
8334,866,805
8335,863,808
8336,862,809
8337,859,812
8338,858,814
8339,857,815
8340,863,811
8341,873,803
8342,881,798
8343,894,789
8344,902,782
8345,910,775
8346,919,768
8347,925,761
8348,930,755
8349,936,748
8350,942,742
8351,946,736
8352,949,730
8353,954,723
8354,957,718
8355,959,712
8356,963,706
8357,965,701
8358,967,696
8359,970,690
8360,971,685
8361,973,680
8362,974,675
8363,976,670
8364,976,665
8365,978,660
8366,978,655
8367,980,650
8368,980,646
8369,979,642
8370,981,637
8371,981,632
8372,982,628
8373,982,624
8374,983,620
8375,983,616
8376,982,612
8377,983,608
8378,982,604
8379,983,601
8380,983,597
8381,983,593
8382,982,590
8383,982,586
8384,981,583
8385,982,579
8386,982,575
8387,981,573
8388,981,572
8389,979,572
8390,980,571
8391,979,571
8392,978,571
8393,973,568
8394,967,565
8395,962,562
8396,958,560
8397,953,557
8398,948,555
8399,944,552
8400,955,544
8401,951,543
8402,949,540
8403,947,538
8404,946,536
8405,944,535
8406,942,533
8407,940,532
8408,938,530
8409,936,529
8410,936,528
8411,934,526
8412,933,525
8413,931,524
8414,931,524
8415,929,523
8416,929,522
8417,927,521
8418,927,520
8419,926,520
8420,924,519
8421,924,519
8422,923,519
8423,923,518
8424,922,517
8425,920,517
8426,920,516
8427,919,516
8428,919,515
8429,918,515
8430,918,515
8431,916,514
8432,916,514
8433,915,514
8434,915,514
8435,914,513
8436,914,513
8437,912,513
8438,912,513
8439,911,513
8440,911,512
8441,909,512
8442,909,512
8443,908,512
8444,908,512
8445,906,512
8446,906,512
8447,905,512
8448,905,512
8449,904,511
8450,904,511
8451,905,510
8452,904,509
8453,901,511
8454,900,512
8455,897,514
8456,895,515
8457,895,515
8458,895,516
8459,896,517
8460,893,520
8461,893,519
8462,891,521
8463,890,520
8464,889,520
8465,888,521
8466,885,522
8467,884,523
8468,883,523
8469,886,520
8470,890,518
8471,895,516
8472,898,514
8473,902,512
8474,904,510
8475,907,508
8476,908,506
8477,910,504
8478,912,503
8479,913,502
8480,915,501
8481,915,500
8482,916,499
8483,916,498
8484,916,497
8485,918,496
8486,917,495
8487,917,495
8488,918,494
8489,917,493
8490,917,493
8491,916,492
8492,915,492
8493,916,491
8494,915,491
8495,915,490
8496,913,490
8497,912,490
8498,913,489
8499,911,489
8500,910,489
8501,910,488
8502,909,488
8503,908,488
8504,906,488
8505,906,488
8506,905,488
8507,902,488
8508,898,488
8509,894,488
8510,890,488
8511,887,489
8512,883,489
8513,880,489
8514,878,489
8515,875,490
8516,872,490
8517,870,491
8518,869,491
8519,866,491
8520,865,491
8521,862,491
8522,861,491
8523,859,492
8524,859,492
8525,857,493
8526,857,493
8527,855,493
8528,854,493
8529,854,493
8530,853,493
8531,852,493
8532,852,493
8533,852,494
8534,852,494
8535,851,494
8536,847,494
8537,849,494
8538,848,495
8539,847,495
8540,850,495
8541,852,495
8542,854,494
8543,856,494
8544,858,495
8545,859,495
8546,862,495
8547,863,496
8548,865,496
8549,866,497
8550,866,497
8551,868,498
8552,868,499
8553,869,499
8554,869,499
8555,869,499
8556,868,499
8557,869,499
8558,868,499
8559,869,500
8560,870,501
8561,869,504
8562,870,506
8563,870,508
8564,871,508
8565,870,509
8566,870,510
8567,869,511
8568,870,512
8569,869,513
8570,870,514
8571,869,515
8572,869,515
8573,868,516
8574,868,516
8575,867,517
8576,865,517
8577,866,517
8578,865,518
8579,864,518
8580,863,518
8581,863,518
8582,861,519
8583,861,519
8584,860,519
8585,860,519
8586,860,519
8587,862,522
8588,862,524
8589,863,526
8590,865,528
8591,865,530
8592,865,532
8593,865,533
8594,866,534
8595,866,536
8596,867,537
8597,866,538
8598,867,539
8599,866,540
8600,866,541
8601,865,542
8602,865,542
8603,864,543
8604,864,543
8605,863,543
8606,863,544
8607,862,544
8608,862,545
8609,860,546
8610,860,547
8611,859,547
8612,859,547
8613,857,547
8614,857,548
8615,856,548
8616,856,548
8617,854,549
8618,854,549
8619,852,549
8620,852,549
8621,851,550
8622,850,550
8623,849,550
8624,848,550
8625,846,550
8626,846,550
8627,845,550
8628,844,550
8629,843,550
8630,843,550
8631,841,550
8632,841,550
8633,839,550
8634,839,550
8635,838,550
8636,837,550
8637,836,550
8638,835,550
8639,833,550
8640,833,550
8641,833,550
8642,831,550
8643,831,550
8644,829,550
8645,829,550
8646,827,550
8647,827,550
8648,826,549
8649,826,549
8650,824,549
8651,824,549
8652,827,548
8653,837,544
8654,847,541
8655,857,538
8656,864,536
8657,872,534
8658,878,532
8659,883,530
8660,888,529
8661,894,527
8662,898,527
8663,901,526
8664,905,525
8665,908,524
8666,910,524
8667,913,524
8668,915,524
8669,918,524
8670,919,524
8671,919,523
8672,921,522
8673,920,520
8674,920,519
8675,921,518
8676,921,517
8677,922,517
8678,921,517
8679,922,516
8680,921,517
8681,922,516
8682,921,517
8683,922,517
8684,921,518
8685,921,518
8686,920,518
8687,918,517
8688,918,516
8689,916,516
8690,916,516
8691,914,516
8692,914,516
8693,913,516
8694,912,516
8695,910,516
8696,909,516
8697,907,516
8698,907,516
8699,905,516
8700,905,516
8701,903,516
8702,902,516
8703,900,516
8704,900,516
8705,898,516
8706,897,516
8707,895,516
8708,894,516
8709,892,516
8710,892,516
8711,890,516
8712,889,516
8713,887,516
8714,887,516
8715,885,516
8716,884,516
8717,883,516
8718,882,516
8719,880,517
8720,879,516
8721,877,517
8722,877,516
8723,875,516
8724,874,516
8725,874,516
8726,872,517
8727,871,517
8728,868,517
8729,868,517
8730,868,516
8731,864,515
8732,859,514
8733,856,511
8734,850,511
8735,843,511
8736,839,510
8737,835,509
8738,832,508
8739,829,508
8740,827,508
8741,823,508
8742,823,507
8743,820,506
8744,819,505
8745,816,505
8746,816,505
8747,814,505
8748,815,504
8749,816,502
8750,818,500
8751,819,498
8752,821,495
8753,819,494
8754,821,493
8755,820,492
8756,819,491
8757,819,490
8758,818,489
8759,818,489
8760,817,488
8761,820,491
8762,821,490
8763,821,490
8764,821,490
8765,821,490
8766,822,490
8767,822,490
8768,822,490
8769,824,481
8770,823,482
8771,823,482
8772,822,482
8773,822,482
8774,822,482
8775,823,481
8776,824,480
8777,824,479
8778,822,478
8779,821,477
8780,821,477
8781,820,476
8782,820,475
8783,819,474
8784,819,473
8785,818,472
8786,817,471
8789,819,480
8790,819,480
8791,813,483
8792,814,482
8793,814,481
8794,814,480
8795,814,480
8796,814,479
8797,814,478
8798,813,478
8799,815,477
8800,817,477
8801,819,477
8802,827,479
8803,830,480
8804,832,481
8805,834,481
8806,837,481
8807,838,481
8808,839,482
8809,841,482
8810,842,483
8811,843,483
8812,845,484
8813,845,485
8814,846,485
8815,847,485
8816,846,485
8817,847,485
8818,846,485
8819,847,485
8820,847,486
8821,845,487
8822,844,488
8823,841,490
8824,840,491
8825,837,493
8826,836,494
8827,833,496
8828,833,498
8829,831,499
8830,831,499
8831,829,500
8832,829,501
8833,827,502
8834,827,502
8835,827,502
8836,828,502
8837,827,503
8838,829,503
8839,830,503
8840,829,504
8841,830,504
8842,830,504
8843,829,505
8844,830,505
8845,829,506
8846,828,507
8847,828,506
8848,828,507
8849,828,507
8850,828,508
8851,829,508
8852,829,509
8853,831,509
8854,833,509
8855,834,510
8856,837,510
8857,838,510
8858,840,510
8859,842,511
8860,844,511
8861,845,511
8862,848,511
8863,850,512
8864,853,512
8865,855,512
8866,857,512
8867,860,512
8868,864,513
8869,866,515
8870,871,516
8871,873,517
8872,877,518
8873,880,519
8874,884,520
8875,886,520
8876,888,521
8877,890,521
8878,894,522
8879,896,522
8880,900,522
8881,902,523
8882,905,523
8883,906,523
8884,910,523
8885,912,523
8886,914,523
8887,916,524
8888,919,524
8889,920,524
8890,923,524
8891,925,524
8892,927,524
8893,929,524
8894,931,524
8895,933,524
8896,935,523
8897,936,524
8898,938,523
8899,940,523
8900,942,523
8901,942,524
8902,940,527
8903,935,532
8904,931,535
8905,928,539
8906,923,542
8907,920,545
8908,916,548
8909,913,551
8910,909,554
8911,906,557
8912,902,559
8913,898,562
8914,895,565
8915,891,568
8916,889,570
8917,885,573
8918,882,576
8919,880,578
8920,875,581
8921,873,584
8922,868,587
8923,866,590
8924,862,593
8925,859,596
8926,856,599
8927,853,602
8928,850,605
8929,847,609
8930,843,612
8931,842,612
8932,838,613
8933,836,612
8934,834,613
8935,830,614
8936,828,615
8937,826,616
8938,822,618
8939,820,620
8940,817,622
8941,815,623
8942,812,625
8943,810,627
8944,806,627
8945,806,627
8946,805,627
8947,806,627
8948,806,627
8949,805,628
8950,806,629
8951,805,630
8952,806,631
8953,805,633
8954,806,634
8955,805,636
8956,806,636
8957,806,636
8958,807,635
8959,807,636
8960,808,636
8961,807,636
8962,809,637
8963,808,638
8964,809,639
8965,809,639
8966,793,641
8967,786,642
8968,778,643
8969,771,644
8970,764,645
8971,757,646
8972,749,648
8973,742,649
8974,735,650
8976,786,587
8977,783,579
8978,779,572
8979,777,566
8980,773,560
8981,771,555
8982,768,550
8983,767,545
8984,764,541
8985,763,537
8986,760,534
8987,760,531
8988,758,529
8989,757,526
8990,755,524
8991,755,522
8992,754,520
8993,753,519
8994,752,518
8995,752,517
8996,751,517
8997,750,516
8998,750,515
8999,749,515
9000,748,515
9001,749,513
9002,750,511
9003,750,509
9004,751,507
9005,751,506
9006,752,504
9007,752,504
9008,753,503
9009,753,502
9010,754,501
9011,753,501
9012,754,501
9013,754,501
9014,755,501
9015,755,501
9016,756,501
9017,755,502
9018,756,502
9019,755,503
9020,757,502
9021,757,501
9022,759,500
9023,760,500
9024,761,499
9025,762,499
9026,763,498
9027,763,498
9028,764,498
9029,764,499
9030,766,499
9031,766,499
9032,767,500
9033,767,501
9034,769,500
9035,771,500
9036,771,500
9037,772,499
9038,773,499
9039,775,499
9040,775,499
9041,777,499
9042,777,499
9043,778,500
9044,778,500
9045,781,500
9046,782,500
9047,784,499
9048,785,498
9049,786,498
9050,787,498
9051,793,500
9052,800,503
9053,808,505
9054,815,507
9055,821,510
9056,828,512
9057,833,515
9058,840,517
9059,845,519
9060,849,521
9061,855,523
9062,859,525
9063,864,528
9064,867,530
9065,871,532
9066,875,534
9067,879,536
9068,882,539
9069,884,540
9070,887,540
9071,889,540
9072,892,540
9073,893,540
9074,896,540
9075,897,540
9076,900,541
9077,901,541
9078,904,542
9079,905,543
9080,908,544
9081,909,545
9082,911,545
9083,912,545
9084,914,545
9085,915,544
9086,917,544
9087,918,544
9088,920,544
9089,920,545
9090,922,545
9091,923,546
9092,925,545
9093,926,545
9094,928,545
9095,928,547
9096,927,552
9097,925,557
9098,922,562
9099,921,566
9100,918,570
9101,917,573
9102,915,577
9103,914,581
9104,913,584
9105,910,587
9106,910,589
9107,908,592
9108,907,594
9109,907,595
9110,905,597
9111,904,598
9112,903,600
9113,903,601
9114,903,603
9115,901,605
9116,901,607
9117,900,609
9118,900,611
9119,898,614
9120,899,615
9121,899,616
9122,897,617
9123,898,618
9124,897,618
9125,897,619
9126,896,621
9127,896,622
9128,897,624
9129,896,625
9130,896,625
9131,895,626
9132,896,627
9133,895,627
9134,896,628
9135,895,628
9136,896,629
9137,897,630
9138,896,630
9139,896,630
9140,896,631
9141,896,632
9142,896,632
9143,895,633
9144,897,633
9145,896,633
9146,897,634
9147,897,634
9148,896,635
9149,897,635
9150,897,635
9151,898,635
9152,897,636
9153,898,636
9154,898,636
9155,899,637
9156,898,637
9157,899,637
9158,899,637
9159,900,638
9160,899,638
9161,900,638
9162,900,638
9163,901,638
9164,900,639
9165,901,639
9166,900,639
9167,901,639
9168,905,636
9169,915,631
9170,926,624
9171,938,617
9172,947,611
9173,956,605
9174,963,600
9175,970,596
9176,977,591
9177,983,587
9178,988,584
9179,994,580
9180,998,577
9181,1001,574
9182,1006,572
9183,1009,569
9184,1011,567
9185,1013,565
9186,1016,563
9187,1017,561
9188,1019,558
9189,1020,557
9190,1022,556
9191,1022,555
9192,1024,553
9193,1024,552
9194,1025,551
9195,1024,550
9196,1024,549
9197,1025,548
9198,1025,547
9199,1025,546
9200,1025,546
9201,1025,545
9202,1024,544
9203,1024,544
9204,1023,543
9205,1023,543
9206,1022,542
9207,1022,542
9208,1020,542
9209,1020,541
9210,1019,541
9211,1017,541
9212,1017,540
9213,1013,542
9214,1006,545
9215,998,548
9216,993,551
9217,988,554
9218,982,558
9219,978,561
9220,973,563
9221,971,566
9222,969,569
9223,965,571
9224,964,574
9225,961,577
9226,960,579
9227,960,581
9228,957,584
9229,957,586
9230,957,587
9231,956,587
9232,957,587
9233,958,587
9234,957,587
9235,958,588
9236,959,588
9237,958,589
9238,959,590
9239,959,591
9240,961,592
9241,961,593
9242,963,594
9243,963,595
9244,965,596
9245,966,596
9246,967,596
9247,969,595
9248,970,595
9249,972,595
9250,973,596
9251,975,596
9252,978,596
9253,978,597
9254,980,597
9255,981,597
9256,984,597
9257,984,597
9258,987,597
9259,988,597
9260,990,597
9261,993,597
9262,980,599
9263,963,602
9264,945,605
9265,929,608
9266,912,612
9267,898,616
9268,884,619
9269,872,622
9270,860,625
9271,850,629
9272,840,632
9273,832,633
9274,825,635
9275,819,636
9276,813,637
9277,807,639
9278,802,641
9279,796,643
9280,793,644
9281,791,645
9282,788,645
9283,784,645
9284,782,646
9285,781,647
9286,778,649
9287,776,651
9288,776,650
9289,776,649
9290,777,647
9291,776,646
9292,777,645
9293,777,645
9294,776,645
9295,777,645
9296,777,646
9297,778,646
9298,777,647
9299,778,648
9300,777,649
9301,778,650
9302,777,652
9303,778,654
9304,777,656
9305,778,658
9306,777,660
9307,777,663
9308,780,662
9309,782,661
9310,783,660
9311,786,659
9312,787,658
9313,790,658
9314,790,658
9315,793,658
9316,793,659
9317,795,660
9318,795,661
9319,796,664
9320,796,668
9321,797,671
9322,797,676
9323,798,680
9324,800,684
9325,802,686
9326,804,688
9327,805,690
9328,807,691
9329,808,694
9330,810,696
9331,810,697
9332,812,698
9333,812,701
9334,814,704
9335,816,707
9336,816,710
9337,818,714
9338,817,717
9339,819,721
9340,821,723
9341,822,725
9342,824,727
9343,825,729
9344,827,732
9345,827,734
9346,828,737
9347,833,730
9348,836,723
9349,840,717
9350,843,712
9351,843,702
9352,847,696
9353,848,691
9354,850,686
9355,854,686
9356,858,688
9357,860,690
9358,864,692
9359,867,694
9360,869,695
9361,872,696
9362,874,697
9363,878,698
9364,879,699
9365,881,700
9366,882,701
9367,885,702
9368,886,703
9369,888,703
9370,889,704
9371,891,705
9372,894,705
9373,894,705
9374,897,706
9375,897,706
9376,899,707
9377,900,708
9378,901,709
9379,902,710
9380,904,710
9381,904,711
9382,906,711
9383,906,712
9384,908,712
9385,909,713
9386,910,713
9387,910,714
9388,912,714
9389,914,715
9390,914,715
9391,916,716
9392,916,716
9393,918,716
9394,918,717
9395,920,717
9396,921,718
9397,923,718
9398,923,719
9399,925,719
9400,925,719
9401,926,720
9402,927,720
9403,929,721
9404,929,721
9405,930,721
9406,932,722
9407,932,722
9408,934,723
9409,936,723
9410,939,723
9411,939,724
9412,942,724
9413,943,724
9414,945,725
9415,946,725
9416,948,725
9417,949,726
9418,952,726
9419,953,726
9420,956,727
9421,957,727
9422,959,727
9423,960,728
9424,963,728
9425,964,728
9426,966,729
9427,967,729
9428,970,729
9429,971,729
9430,973,730
9431,974,730
9432,977,730
9433,978,730
9434,980,731
9435,982,731
9436,984,731
9437,978,731
9438,970,729
9439,962,728
9440,953,727
9441,947,726
9442,942,725
9443,937,724
9444,932,723
9445,928,723
9446,923,723
9447,920,723
9448,918,723
9449,917,722
9450,914,723
9451,913,723
9452,912,723
9453,912,724
9454,910,725
9455,910,725
9456,910,726
9457,912,724
9458,914,723
9459,915,722
9460,918,721
9461,921,720
9462,922,720
9463,924,720
9464,926,719
9465,928,719
9466,930,719
9467,933,719
9468,934,720
9469,937,720
9470,938,721
9471,941,721
9472,945,720
9473,947,719
9474,951,719
9475,954,718
9476,956,718
9477,960,717
9478,963,717
9479,966,717
9480,968,717
9481,972,718
9482,974,717
9483,978,717
9484,982,716
9485,984,715
9486,988,715
9487,990,715
9488,994,715
9489,995,715
9490,999,715
9491,1003,714
9492,1005,714
9493,1009,713
9494,1011,713
9495,1014,713
9496,1016,714
9497,1020,713
9498,1022,713
9499,1026,713
9500,1028,713
9501,1031,713
9502,1033,712
9503,1037,712
9504,1039,712
9505,1042,712
9506,1044,712
9507,1048,711
9508,1050,711
9509,1053,711
9510,1054,711
9511,1057,711
9512,1059,711
9513,1062,710
9514,1064,710
9515,1067,710
9516,1068,710
9517,1071,709
9518,1072,709
9519,1074,709
9520,1077,709
9521,1078,709
9522,1080,709
9523,1081,709
9524,1083,709
9525,1084,708
9526,1087,708
9527,1088,708
9528,1090,708
9529,1091,709
9530,1094,708
9531,1096,708
9532,1099,707
9533,1103,707
9534,1105,708
9535,1109,708
9536,1112,708
9537,1115,707
9538,1118,707
9539,1120,706
9540,1123,706
9541,1126,705
9542,1129,705
9543,1132,704
9544,1114,703
9545,1114,702
9546,1113,701
9547,1114,699
9548,1114,698
9549,1114,697
9550,1114,696
9551,1114,695
9552,1113,694
9553,1114,693
9554,1113,693
9555,1112,693
9556,1123,692
9557,1125,690
9558,1127,690
9559,1130,686
9560,1133,684
9561,1136,681
9562,1139,679
9563,1142,676
9564,1141,688
9565,1144,689
9566,1143,684
9567,1142,682
9568,1140,680
9569,1144,681
9570,1148,682
9571,1152,682
9572,1154,683
9573,1156,682
9574,1157,682
9575,1160,680
9576,1161,680
9577,1163,680
9578,1163,680
9579,1165,680
9580,1165,680
9581,1167,680
9582,1167,680
9583,1168,679
9584,1168,679
9585,1169,678
9586,1168,678
9587,1169,678
9588,1169,678
9589,1170,679
9590,1169,678
9591,1170,677
9592,1169,677
9593,1170,677
9594,1169,677
9595,1170,677
9596,1169,677
9597,1169,676
9598,1168,676
9599,1168,676
9600,1167,676
9601,1167,676
9602,1165,675
9603,1165,675
9604,1163,675
9605,1163,675
9606,1161,674
9607,1160,674
9608,1160,674
9609,1159,673
9610,1156,674
9611,1156,669
9612,1158,661
9613,1159,652
9614,1161,644
9615,1162,636
9616,1164,629
9617,1165,622
9618,1167,616
9619,1167,609
9620,1167,602
9621,1168,596
9622,1168,590
9623,1167,583
9624,1167,576
9625,1168,570
9626,1166,564
9627,1166,558
9628,1167,554
9629,1165,553
9630,1165,551
9631,1164,550
9632,1164,548
9633,1163,546
9634,1163,544
9635,1161,543
9636,1161,541
9637,1160,540
9638,1160,539
9639,1158,538
9640,1158,537
9641,1156,536
9642,1156,535
9643,1154,535
9644,1154,534
9645,1152,533
9646,1152,532
9647,1151,532
9648,1149,531
9649,1149,531
9650,1147,530
9651,1147,530
9652,1145,529
9653,1145,529
9654,1143,528
9655,1143,528
9656,1143,527
9657,1141,527
9658,1140,527
9659,1139,527
9660,1139,526
9661,1137,526
9662,1137,526
9663,1135,525
9664,1135,525
9665,1133,525
9666,1133,525
9667,1132,525
9668,1131,525
9669,1130,525
9670,1130,524
9671,1128,525
9672,1129,524
9673,1129,527
9674,1132,536
9675,1137,547
9676,1142,556
9677,1145,565
9678,1150,573
9679,1153,580
9680,1156,587
9681,1160,593
9682,1163,599
9683,1166,605
9684,1168,611
9685,1170,616
9686,1173,621
9687,1175,626
9688,1176,630
9689,1179,634
9690,1180,638
9691,1181,641
9692,1183,645
9693,1184,648
9694,1186,651
9695,1186,654
9696,1188,657
9697,1188,660
9698,1189,662
9699,1189,665
9700,1191,667
9701,1190,669
9702,1190,672
9703,1191,673
9704,1191,675
9705,1192,677
9706,1191,679
9707,1192,680
9708,1191,682
9709,1191,683
9710,1190,685
9711,1190,687
9712,1191,688
9713,1189,689
9714,1188,691
9715,1189,692
9716,1187,693
9717,1186,693
9718,1186,692
9719,1186,692
9720,1184,693
9721,1184,694
9722,1184,695
9723,1182,696
9724,1181,698
9725,1180,699
9726,1180,701
9727,1179,703
9728,1180,708
9729,1178,713
9730,1179,718
9731,1177,723
9732,1177,728
9733,1176,734
9734,1176,740
9735,1175,746
9736,1175,752
9737,1174,759
9738,1174,764
9739,1172,769
9740,1172,774
9741,1171,780
9742,1171,785
9743,1169,791
9744,1170,795
9745,1168,801
9746,1168,806
9747,1166,811
9748,1167,816
9749,1165,821
9750,1165,826
9751,1163,831
9752,1164,836
9753,1162,841
9754,1162,846
9755,1158,848
9756,1153,844
9757,1147,840
9758,1139,835
9759,1132,831
9760,1146,812
9761,1148,802
9762,1151,791
9763,1153,780
9764,1156,770
9765,1158,759
9766,1160,748
9767,1163,738
9768,1165,727
9770,1093,803
9771,1083,799
9772,1078,797
9773,1074,795
9774,1069,794
9775,1064,792
9776,1060,790
9777,1055,788
9778,1050,786
9779,1046,784
9781,1146,714
9782,1149,707
9783,1152,699
9784,1153,693
9785,1156,686
9786,1159,679
9787,1162,672
9788,1160,668
9789,1163,662
9790,1162,656
9791,1164,651
9792,1163,646
9793,1164,641
9794,1164,636
9795,1165,631
9796,1167,627
9797,1167,622
9798,1169,618
9799,1168,612
9800,1167,607
9801,1168,600
9802,1167,595
9803,1168,590
9804,1167,585
9805,1167,580
9806,1166,576
9807,1167,572
9808,1166,568
9809,1166,564
9810,1166,560
9811,1165,558
9812,1166,557
9813,1165,557
9814,1165,556
9815,1165,555
9816,1163,555
9817,1164,554
9818,1162,554
9819,1163,554
9820,1163,554
9821,1161,554
9822,1162,554
9823,1161,554
9824,1159,553
9825,1159,552
9826,1159,552
9827,1157,552
9828,1157,552
9829,1156,552
9830,1156,552
9831,1155,552
9832,1155,552
9833,1154,552
9834,1152,552
9835,1152,551
9836,1151,551
9837,1151,551
9838,1150,551
9839,1150,551
9840,1149,551
9841,1149,551
9842,1147,551
9843,1147,551
9844,1147,551
9845,1145,551
9846,1145,551
9847,1144,553
9848,1145,557
9849,1146,562
9850,1145,568
9851,1144,572
9852,1145,576
9853,1144,581
9854,1144,584
9855,1143,588
9856,1143,590
9857,1141,593
9858,1141,595
9859,1140,598
9860,1138,600
9861,1138,602
9862,1137,604
9863,1135,606
9864,1135,607
9865,1134,609
9866,1133,610
9867,1131,611
9868,1129,613
9869,1129,614
9870,1127,615
9871,1125,616
9872,1125,617
9873,1123,618
9874,1120,619
9875,1120,619
9876,1118,620
9877,1117,620
9878,1115,621
9879,1112,622
9880,1111,622
9881,1109,622
9882,1108,622
9883,1106,622
9884,1105,623
9885,1102,623
9886,1101,623
9887,1100,623
9888,1097,624
9889,1095,624
9890,1093,624
9891,1091,624
9892,1088,625
9893,1087,625
9894,1086,625
9895,1083,625
9896,1081,625
9897,1078,625
9898,1077,625
9899,1076,624
9900,1076,622
9901,1074,619
9902,1075,617
9903,1074,615
9904,1075,612
9905,1073,611
9906,1072,609
9907,1072,607
9908,1070,606
9909,1070,605
9910,1068,604
9911,1067,603
9912,1064,602
9913,1063,601
9914,1061,600
9915,1060,600
9916,1058,599
9917,1057,598
9918,1053,597
9919,1049,596
9920,1042,592
9921,1038,589
9922,1034,589
9923,1030,588
9924,1027,588
9925,1024,587
9926,1021,586
9927,1018,585
9928,1014,584
9929,1012,584
9930,1010,582
9931,1008,581
9932,1002,581
9933,999,580
9934,996,580
9935,994,580
9936,993,580
9937,989,580
9938,988,579
9939,987,578
9940,985,577
9941,983,576
9942,980,575
9943,978,575
9944,976,574
9945,973,573
9946,972,573
9947,970,572
9948,969,572
9949,966,571
9950,965,571
9951,963,570
9952,962,570
9953,959,570
9954,958,570
9955,957,570
9956,956,569
9957,955,569
9958,954,569
9959,953,569
9960,949,569
9961,947,569
9962,946,569
9963,944,569
9964,943,569
9965,943,569
9966,952,571
9967,967,571
9968,982,572
9969,997,572
9970,1008,573
9971,1019,573
9972,1029,573
9973,1038,574
9974,1047,574
9975,1055,574
9976,1062,575
9977,1068,575
9978,1074,576
9979,1081,576
9980,1085,576
9981,1089,576
9982,1093,577
9983,1098,578
9984,1101,578
9985,1105,578
9986,1107,579
9987,1110,580
9988,1112,581
9989,1116,582
9990,1117,583
9991,1120,583
9992,1121,585
9993,1124,586
9994,1125,587
9995,1127,588
9996,1128,589
9997,1128,591
9998,1130,592
9999,1131,594
10000,1131,596
10001,1133,597
10002,1133,599
10003,1132,599
10004,1132,598
10005,1130,597
10006,1129,596
10007,1129,596
10008,1127,596
10009,1127,596
10010,1126,596
10011,1126,597
10012,1125,597
10013,1125,598
10014,1123,599
10015,1124,600
10016,1122,600
10017,1120,600
10018,1119,599
10019,1116,598
10020,1115,598
10021,1113,598
10022,1112,598
10023,1112,598
10024,1110,599
10025,1109,599
10026,1107,600
10027,1107,601
10028,1105,601
10029,1102,601
10030,1101,600
10031,1099,599
10032,1098,599
10033,1095,599
10034,1094,599
10035,1094,600
10036,1092,600
10037,1091,601
10038,1088,601
10039,1085,601
10040,1085,600
10041,1082,600
10042,1081,600
10043,1079,600
10044,1078,600
10045,1076,601
10046,1075,601
10047,1073,601
10048,1072,600
10049,1069,600
10050,1068,600
10051,1066,600
10052,1065,600
10053,1063,601
10054,1062,601
10055,1060,601
10056,1059,601
10057,1056,601
10058,1057,601
10059,1058,601
10060,1060,601
10061,1063,601
10062,1066,601
10063,1067,601
10064,1070,601
10065,1071,601
10066,1074,601
10067,1076,601
10068,1078,601
10069,1079,601
10070,1082,600
10071,1083,600
10072,1086,600
10073,1087,600
10074,1089,600
10075,1091,600
10076,1093,600
10077,1094,600
10078,1096,600
10079,1099,600
10080,1099,600
10081,1100,599
10082,1102,599
10083,1103,599
10084,1105,599
10085,1106,599
10086,1108,599
10087,1109,599
10088,1111,599
10089,1111,599
10090,1113,599
10091,1114,599
10092,1116,598
10093,1117,599
10094,1119,598
10095,1119,599
10096,1121,599
10097,1122,599
10098,1124,598
10099,1124,598
10100,1126,598
10101,1126,598
10102,1128,598
10103,1129,598
10104,1131,598
10105,1131,598
10106,1131,598
10107,1133,598
10108,1134,598
10109,1136,598
10110,1136,598
10111,1138,598
10112,1138,597
10113,1139,597
10114,1140,597
10115,1141,597
10116,1142,597
10117,1143,597
10118,1143,597
10119,1145,597
10120,1145,597
10121,1146,597
10122,1147,597
10123,1148,597
10124,1148,597
10125,1150,597
10126,1150,597
10127,1152,597
10128,1152,597
10129,1153,596
10130,1153,596
10131,1155,596
10132,1158,595
10133,1163,593
10134,1169,591
10135,1175,588
10136,1179,586
10137,1183,584
10138,1188,582
10139,1192,580
10140,1195,579
10141,1199,577
10142,1202,576
10143,1206,575
10144,1208,574
10145,1212,572
10146,1215,572
10147,1217,571
10148,1220,570
10149,1222,569
10150,1226,568
10151,1228,567
10152,1231,567
10153,1232,566
10154,1235,566
10155,1237,565
10156,1240,565
10157,1241,565
10158,1243,564
10159,1245,563
10160,1247,562
10161,1249,562
10162,1251,561
10163,1252,561
10164,1255,561
10165,1256,560
10166,1258,560
10167,1259,560
10168,1261,560
10169,1262,559
10170,1265,559
10171,1266,559
10172,1268,559
10173,1269,559
10174,1271,559
10175,1272,558
10176,1274,558
10177,1275,558
10178,1277,558
10179,1278,558
10180,1280,557
10181,1281,557
10182,1283,557
10183,1284,557
10184,1285,557
10185,1286,557
10186,1288,557
10187,1289,557
10188,1290,556
10189,1293,556
10190,1294,556
10191,1293,557
10192,1294,557
10193,1295,557
10194,1291,554
10195,1276,548
10196,1262,539
10197,1248,531
10198,1235,524
10199,1221,518
10200,1209,512
10201,1198,507
10202,1186,503
10203,1173,498
10204,1161,494
10205,1148,489
10206,1142,489
10207,1133,487
10208,1125,484
10209,1116,481
10210,1109,478
10211,1101,476
10212,1094,474
10213,1088,472
10214,1080,471
10215,1073,470
10216,1067,469
10217,1060,468
10218,1055,466
10219,1049,465
10220,1043,464
10221,1038,462
10222,1032,462
10223,1027,461
10224,1022,461
10225,1018,460
10226,1012,460
10227,1010,459
10228,1021,458
10229,1037,455
10230,1053,452
10231,1068,448
10232,1082,444
10233,1094,441
10234,1106,437
10235,1119,432
10236,1129,428
10237,1141,423
10238,1150,418
10239,1160,414
10240,1170,409
10241,1178,404
10242,1186,399
10243,1195,394
10244,1202,389
10245,1210,384
10246,1217,379
10247,1224,373
10248,1231,369
10249,1238,363
10250,1243,358
10251,1251,353
10252,1256,348
10253,1262,343
10254,1268,337
10255,1272,333
10256,1279,329
10257,1286,324
10258,1293,320
10259,1298,314
10260,1309,308
10261,1321,304
10262,1332,299
10263,1341,296
10264,1351,291
10265,1362,288
10266,1373,283
10267,1383,280
10268,1392,275
10269,1403,272
10270,1412,270
10271,1423,265
10272,1431,261
10273,1442,257
10274,1451,253
10275,1461,249
10276,1471,245
10277,1481,241
10278,1491,238
10279,1501,234
10280,1511,230
10281,1518,234
10282,1528,232
10283,1539,229
10284,1546,227
10285,1556,225
10286,1565,223
10287,1575,221
10288,1584,219
10289,1593,217
10290,1602,216
10291,1610,215
10292,1619,214
10293,1628,212
10294,1636,211
10295,1645,210
10296,1653,210
10297,1662,209
10298,1670,208
10299,1679,208
10300,1689,208
10301,1697,208
10302,1705,208
10303,1713,208
10304,1722,208
10305,1730,208
10306,1738,209
10307,1746,209
10308,1755,209
10309,1763,209
10310,1770,210
10311,1777,211
10312,1786,212
10313,1794,212
10314,1802,213
10315,1810,213
10316,1818,217
10317,1825,218
10318,1833,220
10319,1841,220
10320,1848,221
10321,1852,226
10322,1858,229
10323,1864,232
10324,1870,235
10325,1877,238
10326,1883,241
10327,1889,243
10328,1895,246
10329,1901,249
10392,1690,1040
10393,1689,1040
10394,1689,1040
10395,1687,1041
10396,1686,1041
10397,1686,1041
10398,1686,1041
10399,1686,1040
10400,1686,1040
10401,1686,1040
10402,1686,1040
10403,1687,1040
10404,1686,1040
10405,1686,1040
10406,1686,1040
10407,1686,1040
10408,1686,1040
10409,1686,1040
10410,1686,1040
10411,1686,1040
10412,1686,1040
10413,1686,1040
10414,1686,1040
10415,1686,1040
10416,1686,1040
10417,1686,1040
10418,1686,1040
10419,1686,1040
10420,1686,1040
10421,1686,1040
10422,1686,1040
10423,1686,1040
10424,1686,1040
10425,1686,1040
10426,1686,1040
10427,1686,1040
10428,1686,1040
10429,1686,1040
10430,1686,1040
10431,1686,1040
10432,1686,1040
10433,1686,1040
10434,1686,1040
10435,1686,1040
10436,1686,1039
10437,1686,1039
10438,1686,1039
10439,1686,1039
10440,1686,1039
10441,1686,1039
10442,1686,1039
10443,1686,1039
10444,1686,1038
10445,1686,1038
10446,1686,1038
10447,1685,1038
10448,1685,1038
10449,1685,1037
10450,1685,1037
10451,1685,1037
10452,1685,1037
10453,1685,1037
10454,1684,1036
10455,1685,1036
10456,1685,1035
10457,1685,1035
10458,1684,1035
10459,1684,1034
10460,1684,1034
10461,1684,1034
10462,1683,1034
10463,1683,1033
10464,1684,1033
10465,1685,1032
10466,1685,1031
10467,1686,1030
10468,1678,1032
10469,1680,1032
10470,1681,1031
10471,1681,1030
10472,1681,1031
10473,1681,1029
10474,1680,1028
10475,1656,1020
10476,1644,1016
10477,1633,1013
10478,1621,1009
10479,1610,1005
10480,1598,1001
10481,1597,990
10482,1589,985
10483,1581,980
10484,1572,974
10485,1564,969
10486,1555,964
10487,1546,958
10488,1538,953
10489,1529,948
10490,1519,950
10491,1513,947
10492,1504,943
10493,1498,939
10494,1491,936
10495,1484,932
10496,1476,929
10497,1469,925
10498,1462,922
10499,1456,918
10500,1452,915
10501,1450,911
10502,1447,907
10503,1448,898
10504,1445,893
10505,1441,888
10506,1439,881
10507,1435,875
10508,1433,870
10509,1431,865
10510,1427,861
10511,1427,856
10512,1424,851
10513,1422,846
10514,1420,841
10515,1419,837
10516,1416,832
10517,1415,828
10518,1412,823
10519,1411,819
10520,1408,815
10521,1407,811
10522,1404,807
10523,1403,803
10524,1401,800
10525,1400,796
10526,1398,792
10527,1396,789
10528,1394,785
10529,1393,782
10530,1391,779
10531,1390,775
10532,1389,773
10533,1387,769
10534,1386,766
10535,1384,763
10536,1383,760
10537,1381,756
10538,1380,754
10539,1378,751
10540,1378,748
10541,1376,745
10542,1375,742
10543,1373,740
10544,1372,737
10545,1370,735
10546,1370,731
10547,1369,729
10548,1367,726
10549,1366,724
10550,1364,722
10551,1364,719
10552,1361,717
10553,1359,714
10554,1358,711
10555,1356,710
10556,1356,707
10557,1360,705
10558,1366,703
10559,1370,700
10560,1373,698
10561,1378,696
10562,1381,694
10563,1385,691
10564,1388,689
10565,1392,687
10566,1395,686
10567,1397,684
10568,1399,682
10569,1402,680
10570,1404,678
10571,1411,675
10572,1414,673
10573,1416,673
10574,1417,671
10575,1422,669
10576,1424,668
10577,1427,666
10578,1429,665
10579,1432,663
10580,1434,662
10581,1433,661
10582,1429,659
10583,1423,658
10584,1416,658
10585,1411,657
10586,1404,657
10587,1400,657
10588,1394,656
10589,1389,655
10590,1383,654
10591,1379,654
10592,1376,653
10593,1370,653
10594,1366,652
10595,1362,652
10596,1357,651
10597,1353,650
10598,1348,650
10599,1344,649
10600,1340,649
10601,1337,648
10602,1332,647
10603,1329,647
10604,1327,646
10605,1322,646
10606,1319,645
10607,1317,644
10608,1313,644
10609,1310,643
10610,1308,642
10611,1303,642
10612,1300,641
10613,1297,640
10614,1294,640
10615,1299,638
10616,1300,638
10617,1299,638
10618,1300,638
10619,1298,637
10620,1292,637
10621,1283,636
10622,1275,635
10623,1268,634
10624,1261,633
10625,1254,633
10626,1247,632
10627,1234,631
10628,1228,631
10629,1223,630
10630,1218,629
10631,1211,628
10632,1207,627
10633,1201,627
10634,1197,626
10635,1191,626
10636,1187,625
10637,1181,625
10638,1178,625
10639,1174,624
10640,1169,624
10641,1165,623
10642,1162,623
10643,1157,623
10644,1154,623
10645,1151,622
10646,1146,622
10647,1144,622
10648,1141,621
10649,1137,621
10650,1134,621
10651,1132,620
10652,1128,620
10653,1126,620
10654,1124,619
10655,1120,619
10656,1118,619
10657,1115,619
10658,1114,618
10659,1110,618
10660,1104,618
10661,1097,617
10662,1090,617
10663,1085,616
10664,1078,615
10665,1073,615
10666,1067,614
10667,1063,614
10668,1057,613
10669,1053,612
10670,1047,612
10671,1043,611
10672,1038,611
10673,1034,611
10674,1029,612
10675,1025,611
10676,1022,611
10677,1017,611
10678,1014,611
10679,1010,610
10680,1007,610
10681,1005,609
10682,1000,609
10683,998,609
10684,994,609
10685,991,609
10686,987,609
10687,985,609
10688,983,609
10689,980,609
10690,976,609
10691,975,608
10692,973,608
10693,970,608
10694,968,608
10695,965,608
10696,964,608
10697,961,608
10698,959,608
10699,957,608
10700,956,608
10701,953,608
10702,952,608
10703,950,608
10704,949,608
10705,946,608
10706,945,608
10707,942,608
10708,941,608
10709,939,608
10710,938,608
10711,936,608
10712,935,608
10713,933,608
10714,930,610
10715,929,613
10716,927,614
10717,925,616
10718,921,617
10719,920,619
10720,919,621
10721,917,622
10722,916,624
10723,913,625
10724,910,626
10725,910,627
10726,907,628
10727,906,629
10728,904,630
10729,903,630
10730,901,632
10731,900,632
10732,901,634
10733,902,635
10734,902,637
10735,903,639
10736,903,641
10737,904,642
10738,903,643
10739,902,645
10740,903,646
10741,904,647
10742,902,648
10743,903,648
10744,901,649
10745,901,650
10746,902,650
10747,900,651
10748,900,652
10749,899,652
10750,899,653
10751,898,653
10752,898,654
10753,897,655
10754,897,656
10755,896,658
10756,896,660
10757,895,661
10758,895,663
10759,894,665
10760,894,666
10761,893,668
10762,893,669
10763,894,671
10764,892,673
10765,893,674
10766,894,675
10767,896,675
10768,898,676
10769,898,676
10770,900,676
10771,901,677
10772,903,677
10773,903,677
10774,906,677
10775,906,678
10776,907,678
10777,908,678
10778,909,678
10779,909,678
10780,911,679
10781,911,679
10782,913,679
10783,913,680
10784,914,679
10785,916,678
10786,919,676
10787,923,673
10788,925,671
10789,930,669
10790,932,667
10791,935,665
10792,939,663
10793,940,662
10794,942,660
10795,944,658
10796,946,657
10797,948,655
10798,950,653
10799,952,652
10800,952,651
10801,955,650
10802,956,649
10803,959,648
10804,960,647
10805,960,646
10806,963,644
10807,964,643
10808,966,642
10809,966,641
10810,968,639
10811,968,638
10812,970,637
10813,970,637
10814,972,636
10815,972,635
10816,974,634
10817,974,633
10818,975,632
10819,975,631
10820,977,630
10821,978,629
10822,977,628
10823,979,627
10824,980,626
10825,979,627
10826,981,626
10827,982,626
10828,984,625
10829,985,625
10830,976,620
10831,974,619
10832,972,617
10833,970,616
10834,965,609
10835,964,608
10836,962,606
10837,957,604
10838,956,601
10839,956,600
10840,956,599
10841,953,598
10842,953,596
10843,950,596
10844,947,595
10845,945,595
10846,943,594
10847,940,594
10848,939,593
10849,938,592
10850,936,593
10851,934,594
10852,933,594
10853,934,593
10854,935,593
10855,935,592
10856,938,596
10857,941,599
10858,941,600
10859,940,600
10860,941,597
10861,942,594
10862,943,591
10863,942,590
10864,944,588
10865,944,586
10866,946,584
10867,946,582
10868,945,581
10869,945,580
10870,945,579
10871,945,578
10872,944,576
10873,944,575
10874,944,574
10875,944,572
10876,943,571
10881,434,254
10882,434,254
10883,434,254
10884,434,254
10885,434,254
10886,434,254
10887,434,254
10888,434,254
10889,434,254
10891,926,560
10892,917,559
10893,910,556
10894,902,554
10895,896,552
10896,890,550
10897,882,549
10898,876,547
10899,869,546
10900,864,545
10901,859,543
10902,852,542
10903,847,541
10904,841,540
10905,837,539
10906,831,539
10907,828,538
10908,823,537
10909,819,536
10910,814,535
10911,810,534
10912,806,534
10913,802,533
10914,798,533
10915,794,533
10916,790,533
10917,787,532
10918,784,532
10919,780,531
10920,777,531
10921,773,531
10922,770,530
10923,768,530
10924,764,530
10925,761,529
10926,757,530
10927,756,530
10928,752,530
10929,750,529
10930,747,529
10931,745,529
10932,741,529
10933,740,529
10934,736,529
10935,735,529
10936,732,529
10937,730,529
10938,727,528
10939,725,528
10940,722,528
10941,721,528
10942,721,528
10943,721,528
10944,722,528
10945,722,527
10946,726,527
10947,730,527
10948,733,527
10949,735,527
10950,738,527
10951,740,527
10952,743,527
10953,745,527
10954,746,527
10955,749,527
10956,750,527
10957,751,527
10958,754,528
10959,754,528
10960,756,528
10961,757,528
10962,759,528
10963,759,528
10964,761,528
10965,761,528
10966,763,528
10967,763,529
10968,763,529
10969,762,529
10970,763,525
10971,766,528
10972,769,528
10973,766,528
10974,771,523
10975,773,520
10976,785,513
10977,791,508
10978,798,506
10979,802,504
10980,805,502
10981,808,499
10982,810,496
10983,813,494
10984,816,491
10985,818,488
10986,825,486
10987,826,485
10988,827,484
10989,830,482
10990,831,481
10991,833,479
10992,834,478
10993,834,477
10994,837,476
10995,837,475
10996,839,474
10997,839,473
10998,840,472
10999,839,471
11000,841,471
11001,840,470
11002,841,470
11003,841,469
11004,842,469
11005,841,468
11006,842,467
11007,841,467
11008,843,467
11009,845,466
11010,847,466
11011,850,465
11012,851,465
11013,854,465
11014,855,465
11015,859,465
11016,860,464
11017,862,464
11018,862,468
11019,862,473
11020,861,476
11021,862,479
11022,862,483
11023,863,485
11024,862,488
11025,863,491
11026,863,494
11027,863,495
11028,863,497
11029,863,498
11030,863,500
11031,864,501
11032,863,503
11033,864,504
11034,863,506
11035,864,507
11036,863,508
11037,864,509
11038,864,509
11039,863,510
11040,864,511
11041,864,512
11042,865,512
11043,864,513
11044,865,513
11045,865,514
11046,865,516
11047,865,517
11048,864,519
11049,865,520
11050,864,521
11051,866,522
11052,865,523
11053,865,524
11054,866,525
11055,865,525
11056,866,526
11057,866,527
11058,866,527
11059,866,527
11060,866,528
11061,866,528
11062,865,529
11063,866,529
11064,866,529
11065,867,530
11066,867,530
11067,866,530
11068,867,530
11069,867,530
11070,867,530
11071,867,530
11072,867,530
11073,867,530
11074,869,530
11075,884,527
11076,905,524
11077,926,521
11078,947,518
11079,966,515
11080,986,512
11081,1005,510
11082,1025,507
11083,1045,504
11084,1064,501
11085,1084,498
11086,1104,495
11087,1123,492
11089,915,484
11090,907,481
11091,897,479
11092,888,478
11093,878,476
11094,869,474
11095,863,473
11096,854,472
11097,847,471
11098,840,470
11099,833,470
11100,826,469
11101,820,469
11102,812,470
11103,807,470
11104,800,470
11105,795,470
11106,788,470
11107,783,471
11108,777,471
11109,772,472
11110,766,473
11111,762,474
11112,756,475
11113,751,476
11114,745,477
11115,741,478
11116,735,480
11117,732,479
11118,729,478
11119,726,477
11120,722,475
11121,720,474
11122,716,473
11123,714,471
11124,713,470
11125,713,468
11126,715,467
11127,715,465
11128,717,464
11129,717,463
11130,720,462
11131,720,462
11132,723,461
11133,725,461
11134,728,462
11135,731,462
11136,733,463
11137,736,463
11138,736,461
11139,740,462
11140,742,462
11141,745,462
11142,747,462
11143,750,462
11144,753,462
11145,755,462
11146,758,462
11147,751,471
11148,754,472
11149,756,474
11150,759,475
11151,763,473
11152,765,472
11153,769,471
11154,771,470
11155,775,469
11156,777,469
11157,780,468
11158,782,467
11159,785,467
11160,787,467
11161,790,467
11162,791,467
11163,794,467
11164,796,467
11165,799,467
11166,800,467
11167,803,468
11168,806,469
11169,798,466
11170,791,462
11171,784,459
11172,777,457
11173,771,454
11174,765,451
11175,760,449
11176,755,446
11177,752,443
11178,748,440
11179,745,438
11180,743,435
11181,740,433
11182,737,431
11183,737,429
11184,735,426
11185,735,423
11186,733,421
11187,733,419
11188,732,417
11189,732,415
11190,731,413
11191,732,411
11192,732,409
11193,732,406
11194,733,404
11195,733,402
11196,734,400
11197,734,399
11198,735,397
11199,735,396
11200,736,394
11201,738,393
11202,738,391
11203,740,389
11204,740,387
11205,742,386
11206,742,384
11207,744,383
11208,744,382
11209,746,380
11210,747,378
11211,749,377
11212,749,376
11213,751,374
11214,752,373
11215,754,371
11216,754,370
11217,756,368
11218,757,367
11219,759,365
11220,760,365
11221,761,363
11222,762,362
11223,765,360
11224,765,359
11225,766,358
11226,769,357
11227,769,356
11228,770,355
11229,772,353
11230,773,352
11231,775,351
11232,776,350
11233,778,349
11234,779,348
11235,780,347
11236,782,348
11237,782,351
11238,781,355
11239,780,359
11240,780,363
11241,779,366
11242,779,370
11243,778,374
11244,777,378
11245,777,381
11246,776,385
11247,776,388
11248,774,392
11249,775,395
11250,774,399
11251,773,403
11252,773,407
11253,773,410
11254,771,414
11255,771,418
11256,771,422
11257,770,426
11258,770,430
11259,769,434
11260,769,438
11261,768,443
11262,767,447
11263,767,452
11264,766,456
11265,767,458
11266,768,458
11267,768,459
11268,768,460
11269,769,461
11270,769,461
11271,769,462
11272,770,463
11273,769,465
11274,770,466
11275,770,468
11276,770,470
11277,770,474
11278,771,477
11279,771,479
11280,771,482
11281,771,484
11282,771,487
11283,771,490
11284,772,493
11285,771,496
11286,771,499
11287,772,503
11288,771,506
11289,772,510
11290,772,514
11291,771,518
11292,773,518
11293,776,517
11294,777,516
11295,779,516
11296,780,516
11297,782,516
11298,783,516
11299,785,516
11300,785,517
11301,787,517
11302,787,518
11303,789,520
11304,790,521
11305,790,522
11306,791,523
11307,793,524
11308,793,526
11309,793,528
11310,795,529
11311,795,530
11312,797,531
11313,797,532
11314,798,533
11315,800,535
11316,801,536
11317,803,538
11318,799,524
11319,798,520
11320,798,516
11321,797,512
11322,797,508
11323,794,502
11324,796,498
11325,796,494
11326,797,490
11327,797,487
11328,798,483
11329,797,483
11330,798,481
11331,798,479
11332,799,476
11333,798,475
11334,799,473
11335,799,472
11336,800,471
11337,801,470
11338,801,470
11339,801,468
11340,803,467
11341,803,465
11342,805,463
11343,805,461
11344,807,458
11345,807,456
11346,809,454
11347,809,452
11348,810,451
11349,810,449
11350,812,448
11351,812,447
11352,814,446
11353,814,445
11354,815,444
11355,815,443
11356,817,441
11357,818,439
11358,820,437
11359,821,436
11360,822,434
11361,823,433
11362,825,431
11363,825,431
11364,827,429
11365,827,429
11366,828,428
11367,829,427
11368,830,427
11369,831,426
11370,833,424
11371,834,422
11372,836,421
11373,836,420
11374,838,418
11375,839,417
11376,839,416
11377,842,416
11378,842,415
11379,842,415
11380,844,414
11381,845,413
11382,846,412
11383,846,412
11384,848,411
11385,847,410
11386,849,409
11387,849,408
11388,851,407
11389,851,406
11390,852,405
11391,853,404
11392,854,403
11393,854,403
11394,855,402
11395,855,402
11396,857,400
11397,856,400
11398,857,399
11399,857,399
11400,859,397
11401,859,397
11402,860,396
11403,860,395
11404,860,394
11405,860,394
11406,861,393
11407,861,392
11408,861,392
11409,862,391
11410,861,390
11411,862,389
11412,862,388
11413,863,388
11414,863,387
11415,863,386
11416,863,385
11417,864,385
11418,864,384
11419,865,384
11420,866,383
11421,867,382
11422,868,382
11423,867,384
11424,868,385
11425,867,387
11426,866,389
11427,866,391
11428,865,393
11429,866,393
11430,866,394
11431,868,394
11432,868,395
11433,868,396
11434,870,397
11435,870,398
11436,870,399
11437,872,399
11438,873,400
11439,873,401
11440,875,401
11441,876,402
11442,876,403
11443,879,403
11444,879,403
11445,879,404
11446,881,404
11447,884,402
11448,884,401
11449,886,400
11450,888,398
11451,888,397
11452,891,395
11453,892,395
11454,894,394
11455,894,393
11456,895,392
11457,896,392
11458,898,392
11459,900,392
11460,899,391
11461,901,391
11462,902,391
11463,903,391
11464,904,391
11465,905,390
11466,906,390
11467,907,390
11468,908,390
11469,909,389
11470,923,381
11471,928,380
11472,930,379
11473,932,378
11474,933,378
11475,935,378
11476,937,377
11477,939,377
11478,940,377
11479,942,377
11480,943,377
11481,944,376
11482,945,375
11483,946,374
11484,947,373
11485,948,373
11486,949,373
11487,949,373
11488,950,373
11489,951,373
11490,950,373
11491,952,373
11492,952,373
11493,954,372
11494,955,371
11495,954,371
11496,956,371
11497,958,370
11498,958,371
11499,958,370
11500,959,370
11501,960,370
11502,961,369
11503,962,369
11504,961,369
11505,962,369
11506,962,369
11507,964,369
11508,964,369
11509,965,368
11510,965,368
11511,966,368
11512,965,367
11513,961,361
11514,958,358
11515,946,350
11516,938,345
11517,933,340
11518,928,335
11519,923,331
11520,918,327
11521,914,323
11522,910,319
11523,906,315
11524,903,312
11525,900,309
11526,897,305
11527,894,303
11528,892,300
11529,889,297
11530,887,295
11531,885,293
11532,884,290
11533,882,288
11534,881,287
11535,879,284
11536,877,283
11537,876,281
11538,875,280
11539,874,279
11540,873,278
11541,873,277
11542,871,276
11543,871,276
11544,870,275
11545,869,274
11546,868,275
11547,868,274
11548,867,274
11549,866,275
11550,866,275
11551,866,275
11552,867,273
11553,868,271
11554,869,267
11555,870,265
11556,871,262
11557,872,260
11558,872,258
11559,875,256
11560,875,255
11561,876,253
11562,877,251
11563,878,248
11564,877,248
11565,879,248
11566,879,248
11567,880,245
11568,880,244
11569,881,243
11570,881,243
11571,882,242
11572,882,241
11573,882,242
11574,883,241
11575,883,241
11576,884,241
11577,884,242
11578,884,242
11579,884,243
11580,886,242
11581,888,240
11582,890,237
11583,891,236
11584,892,234
11585,893,234
11586,895,232
11587,896,230
11588,898,229
11589,898,229
11590,899,228
11591,899,227
11592,901,226
11593,902,225
11594,904,225
11595,905,224
11596,907,223
11597,908,223
11598,910,222
11599,911,221
11600,913,221
11601,914,220
11602,915,219
11606,909,220
11607,911,218
11608,911,218
11609,912,217
11610,911,216
11611,913,215
11612,912,214
11613,914,213
11614,913,213
11615,915,212
11616,916,211
11617,915,212
11618,915,211
11619,915,211
11620,916,211
11621,917,211
11622,917,211
11623,918,209
11624,918,208
11625,920,206
11626,919,206
11627,921,204
11628,921,204
11629,922,203
11630,922,202
11631,923,202
11632,923,202
11633,924,201
11634,924,201
11635,925,200
11636,925,200
11637,926,200
11638,926,200
11639,928,199
11640,929,197
11641,929,196
11642,929,195
11643,930,194
11644,931,193
11645,930,192
11646,931,192
11647,927,192
11648,924,192
11649,923,191
11650,923,190
11651,922,188
11652,922,187
11653,923,186
11654,922,186
11655,923,185
11656,923,185
11657,924,184
11658,924,184
11659,925,183
11660,926,184
11661,926,184
11662,928,184
11663,929,184
11664,931,183
11665,934,181
11666,935,180
11667,937,180
11668,938,179
11669,941,179
11670,942,178
11671,944,178
11672,946,178
11673,947,178
11674,950,178
11675,952,177
11676,953,177
11677,956,176
11678,957,175
11679,960,173
11680,963,172
11681,964,172
11682,966,171
11683,968,171
11684,970,171
11685,972,171
11686,973,171
11687,976,171
11688,977,171
11689,979,170
11690,982,170
11691,983,169
11692,985,168
11693,987,167
11694,988,168
11695,990,167
11696,993,165
11697,995,165
11698,996,165
11699,998,165
11700,1000,165
11701,1001,165
11702,1003,165
11703,1005,164
11704,1006,164
11705,1008,163
11706,1009,163
11707,1012,162
11708,1013,162
11709,1015,161
11710,1016,162
11711,1018,161
11712,1019,162
11713,1022,161
11714,1023,161
11715,1024,161
11716,1027,160
11717,1028,160
11718,1030,159
11719,1031,159
11720,1033,159
11721,1034,159
11722,1038,159
11723,1038,159
11724,1041,157
11725,1042,157
11726,1044,156
11727,1045,156
11728,1046,156
11729,1047,156
11730,1049,155
11731,1050,156
11732,1052,155
11733,1055,154
11734,1059,155
11735,1063,154
11736,1066,155
11737,1070,155
11738,1072,156
11739,1076,155
11740,1077,156
11741,1080,156
11742,1084,155
11743,1088,155
11744,1088,156
11745,1090,155
11746,1092,155
11747,1088,155
11748,1088,154
11749,1089,154
11750,1088,154
11751,1088,154
11752,1087,155
11753,1088,155
11754,1088,155
11755,1088,154
11756,1087,154
11757,1087,153
11758,1086,152
11759,1086,152
11760,1085,152
11761,1085,151
11762,1086,151
11763,1085,151
11764,1086,150
11765,1087,149
11766,1085,150
11767,1086,149
11768,1086,148
11769,1087,148
11770,1086,148
11771,1087,147
11772,1088,147
11773,1087,147
11774,1088,147
11775,1088,147
11776,1089,147
11777,1089,146
11778,1090,146
11779,1089,146
11780,1090,145
11781,1091,145
11782,1091,145
11783,1092,144
11784,1092,144
11785,1092,144
11786,1093,143
11787,1092,143
11788,1093,143
11789,1093,143
11790,1094,143
11791,1094,143
11792,1095,142
11793,1096,141
11794,1095,142
11795,1096,141
11796,1097,141
11797,1097,141
11798,1097,141
11799,1097,140
11800,1098,140
11801,1098,140
11802,1098,140
11803,1099,140
11804,1098,140
11805,1099,139
11806,1100,139
11807,1099,139
11808,1100,139
11809,1099,139
11810,1098,139
11811,1098,139
11812,1097,138
11813,1096,139
11814,1096,138
11815,1095,138
11816,1094,138
11817,1093,138
11818,1092,138
11819,1092,138
11820,1092,138
11821,1090,138
11822,1090,137
11823,1089,137
11824,1089,137
11825,1089,137
11826,1087,137
11827,1087,137
11828,1087,136
11829,1085,137
11830,1085,136
11831,1085,136
11832,1083,136
11833,1084,136
11834,1082,136
11835,1083,136
11836,1081,136
11837,1081,136
11838,1079,136
11839,1080,135
11840,1078,136
11841,1078,135
11842,1077,136
11843,1077,135
11844,1076,135
11845,1077,135
11846,1075,135
11847,1075,135
11848,1076,133
11849,1073,134
11850,1073,133
11851,1072,133
11852,1072,133
11853,1072,133
11854,1071,133
11855,1071,132
11856,1069,133
11857,1069,133
11858,1068,133
11859,1069,135
11860,1069,136
11861,1069,138
11862,1072,133
11863,1070,132
11864,1071,132
11865,1070,132
11866,1067,131
11867,1066,130
11868,1065,130
11869,1063,129
11870,1062,129
11871,1060,128
11872,1059,128
11873,1060,124
11874,1059,122
11875,1055,122
11876,1055,118
11877,1055,116
11878,1053,115
11879,1053,113
11880,1053,110
11881,1053,107
11882,1051,107
11883,1050,106
11884,1050,104
11885,1049,103
11886,1049,102
11887,1048,100
11888,1048,99
11889,1047,98
11890,1044,93
11891,1044,91
11892,1042,90
11893,1041,89
11894,1042,88
11895,1041,86
11896,1043,84
11897,1044,82
11898,1043,82
11899,1041,82
11900,1040,81
11901,1042,80
11902,1041,80
11903,1043,78
11904,1044,76
11905,1045,75
11906,1043,77
11907,1043,77
11908,1044,76
11909,1045,76
11910,1044,77
11911,1043,77
11912,1043,77
11913,1043,77
11914,1042,78
11915,1042,78
11916,1044,77
11917,1044,77
11918,1044,77
11919,1044,77
11920,1044,77
11921,1044,76
11922,1044,76
11923,1044,76
11924,1044,76
11926,890,102
11927,890,102
11928,890,102
11929,890,102
11930,887,104
11931,888,103
11932,887,104
11933,888,103
11934,888,103
11935,887,104
11936,887,104
11937,886,104
11938,887,104
11939,887,105
11940,886,105
11941,887,105
11942,887,105
11943,887,105
11944,887,105
11945,887,105
11946,887,105
11947,887,105
11948,887,105
11949,885,105
11950,886,106
11951,885,106
11952,884,107
11953,884,107
11954,883,107
11955,882,106
11956,882,105
11957,882,103
11958,882,100
11959,882,97
11960,882,94
11961,882,88
11962,883,83
11963,882,80
11964,883,78
11965,884,76
11966,882,76
11967,883,75
11968,884,75
11969,884,74
11970,883,75
11971,884,75
11972,885,75
11973,886,75
11974,884,75
11975,885,75
11976,886,75
11977,884,75
11978,885,74
11979,886,74
11980,885,74
11981,885,74
11982,883,75
11983,885,75
11984,885,75
11985,886,74
11986,886,74
11987,885,74
11988,886,74
11989,887,74
11990,886,74
11991,887,74
11992,887,74
11993,888,74
11994,889,74
11995,890,74
11996,890,74
11997,888,75
11998,888,74
11999,886,74
12000,887,74
12001,888,74
12002,887,74
12003,888,74
12004,887,74
12005,888,74
12006,887,74
12007,888,74
12008,887,74
12009,888,74
12010,887,74
12011,888,74
12012,887,74
12013,888,74
12014,887,74
12015,888,74
12016,887,74
12017,888,74
12018,888,74
12019,889,73
12020,888,74
12021,890,73
12022,889,73
12023,891,73
12024,890,74
12025,889,74
12026,890,74
12027,889,74
12028,891,74
12029,890,74
12030,891,73
12031,890,73
12032,891,73
12033,891,73
12034,892,73
12035,891,73
12036,892,72
12037,891,72
12038,891,72
12039,890,73
12040,891,72
12041,891,73
12042,891,73
12043,892,73
12044,892,73
12045,893,74
12046,894,76
12047,892,79
12048,892,79
12049,891,80
12050,890,79
12051,889,79
12052,886,76
12053,883,74
12054,881,73
12055,877,74
12056,871,75
12057,868,75
12058,865,75
12059,863,75
12060,861,75
12061,857,76
12062,855,76
12063,853,77
12064,852,77
12065,850,79
12066,847,80
12067,846,80
12068,844,81
12069,843,82
12070,842,83
12071,841,84
12072,841,85
12073,839,88
12074,838,90
12075,837,91
12076,837,93
12077,836,95
12078,834,98
12079,833,99
12080,832,103
12081,830,104
12082,829,107
12083,829,109
12084,827,112
12085,826,114
12086,826,117
12087,824,121
12088,823,123
12089,823,127
12090,821,130
12091,821,133
12092,820,136
12093,818,140
12094,818,143
12095,816,147
12096,815,151
12097,814,154
12098,814,159
12099,813,162
12100,811,167
12101,811,171
12102,810,175
12103,809,180
12104,808,185
12105,808,189
12106,806,194
12107,806,198
12108,805,202
12109,804,208
12110,804,212
12111,804,216
12112,804,221
12113,802,226
12114,803,230
12115,803,234
12116,807,235
12117,813,237
12118,818,237
12119,821,239
12120,826,239
12121,828,241
12122,831,242
12123,835,243
12124,838,245
12125,840,248
12126,842,249
12127,845,251
12128,847,253
12129,848,255
12130,850,258
12131,851,258
12132,851,256
12133,851,255
12134,853,253
12135,853,252
12136,853,251
12137,853,250
12138,854,249
12139,854,249
12140,854,249
12141,855,248
12142,855,248
12143,856,248
12144,860,249
12145,867,252
12146,875,254
12147,882,256
12148,888,259
12149,895,261
12150,900,264
12151,905,267
12152,910,269
12153,914,272
12154,918,275
12155,923,277
12156,926,281
12157,930,283
12158,932,287
12159,936,289
12160,937,291
12161,939,291
12162,940,291
12163,941,291
12164,943,292
12165,944,293
12166,944,295
12167,946,296
12168,946,297
12169,948,299
12170,949,300
12171,949,303
12172,949,304
12173,949,307
12174,948,308
12175,948,308
12176,946,310
12177,946,309
12178,944,311
12179,943,311
12180,942,312
12181,940,313
12182,940,314
12183,939,315
12184,939,317
12185,937,319
12186,936,320
12187,935,320
12188,933,321
12189,932,322
12190,930,323
12191,930,324
12192,928,325
12193,927,325
12194,925,326
12195,924,326
12196,922,327
12197,922,328
12198,920,329
12199,919,330
12200,917,331
12201,917,331
12202,915,332
12203,913,333
12204,912,332
12205,909,331
12206,911,333
12207,911,331
12208,913,327
12209,917,323
12210,920,318
12211,923,313
12212,926,310
12213,928,306
12214,931,303
12215,933,299
12216,935,296
12217,938,294
12218,939,291
12219,941,288
12220,941,287
12221,943,284
12222,944,282
12223,946,280
12224,946,279
12225,948,277
12226,948,276
12227,950,275
12228,950,274
12229,950,273
12230,951,271
12231,951,268
12232,950,267
12233,949,265
12234,950,263
12235,949,261
12236,949,259
12237,948,258
12238,948,256
12239,947,256
12240,948,254
12241,947,253
12242,947,251
12243,946,251
12244,946,251
12245,945,249
12246,944,248
12247,943,247
12248,942,245
12249,941,243
12250,940,242
12251,939,242
12252,939,241
12253,938,240
12254,937,240
12255,936,238
12256,935,236
12257,933,235
12258,932,234
12259,931,233
12260,930,232
12261,929,231
12262,927,231
12263,927,231
12264,927,229
12265,925,228
12266,925,227
12267,925,225
12268,924,225
12269,925,224
12270,924,223
12271,925,223
12272,924,222
12273,924,221
12274,925,221
12275,925,220
12276,924,220
12277,923,218
12278,923,218
12279,922,217
12280,922,217
12281,922,215
12282,921,216
12283,921,215
12284,921,216
12285,921,215
12286,922,214
12287,922,212
12288,918,214
12289,917,216
12290,916,220
12291,915,225
12292,916,228
12293,915,232
12294,914,235
12295,915,238
12296,914,241
12297,915,244
12298,915,247
12299,915,251
12300,915,252
12301,915,256
12302,915,258
12303,916,260
12304,915,264
12305,916,266
12306,917,268
12307,917,272
12308,917,274
12309,918,276
12310,918,278
12311,918,281
12312,919,282
12313,919,284
12314,920,287
12315,919,289
12316,920,291
12317,921,293
12318,920,295
12319,921,297
12320,921,298
12321,922,300
12322,921,303
12323,922,304
12324,922,306
12325,922,308
12326,923,309
12327,922,311
12328,923,312
12329,922,313
12330,923,314
12331,923,315
12332,924,317
12333,923,320
12334,923,321
12335,923,323
12336,924,324
12337,923,326
12338,924,328
12339,923,329
12340,924,330
12341,923,332
12342,924,333
12343,923,335
12344,922,336
12345,919,337
12346,922,337
12347,923,335
12348,924,334
12349,923,341
12350,923,340
12351,920,340
12352,918,339
12353,916,338
12354,915,336
12355,914,334
12356,912,332
12357,910,331
12358,910,330
12359,910,329
12360,909,329
12361,910,328
12362,910,328
12363,910,327
12364,909,327
12365,910,326
12366,909,327
12367,910,326
12368,909,326
12369,909,325
12370,908,325
12371,908,325
12372,907,325
12373,907,324
12374,906,324
12375,907,324
12376,905,324
12377,905,323
12378,905,323
12379,904,323
12380,904,322
12381,903,322
12382,904,322
12383,902,322
12384,902,322
12385,903,321
12386,902,322
12387,902,322
12388,901,322
12389,902,322
12390,901,322
12391,901,321
12392,901,321
12393,900,321
12394,902,321
12395,913,321
12396,925,320
12397,937,320
12398,947,320
12399,958,319
12400,966,320
12401,974,320
12402,981,320
12403,987,321
12404,994,321
12405,1000,322
12406,1006,322
12407,1012,323
12408,1017,324
12409,1022,325
12410,1027,326
12411,1031,327
12412,1034,329
12413,1038,330
12414,1041,332
12415,1043,333
12416,1044,336
12417,1045,338
12418,1046,340
12419,1046,342
12420,1047,344
12421,1047,347
12422,1047,349
12423,1047,352
12424,1047,355
12425,1046,358
12426,1046,361
12427,1045,364
12428,1045,367
12429,1043,371
12430,1043,374
12431,1041,375
12432,1037,374
12433,1034,373
12434,1030,373
12435,1028,373
12436,1026,373
12437,1022,374
12438,1020,374
12439,1017,375
12440,1016,376
12441,1013,377
12442,1012,378
12443,1009,379
12444,1008,381
12445,1007,383
12446,1004,385
12447,1002,387
12448,1000,389
12449,998,391
12450,996,393
12451,994,395
12452,992,397
12453,990,395
12454,986,395
12455,983,395
12456,979,396
12457,975,396
12458,971,396
12459,967,397
12460,963,397
12461,959,397
12462,955,398
12463,951,398
12464,947,398
12465,960,402
12466,957,404
12467,955,405
12468,953,407
12469,950,410
12470,949,411
12471,946,411
12472,943,411
12473,941,411
12474,937,411
12475,936,411
12476,932,412
12477,931,412
12478,928,413
12479,927,414
12480,924,415
12481,923,416
12482,920,418
12483,919,419
12484,917,420
12485,916,421
12486,913,422
12487,911,421
12488,908,422
12489,907,422
12490,905,423
12491,904,423
12492,901,425
12493,901,425
12494,899,426
12495,898,427
12496,896,427
12497,896,427
12498,895,428
12499,893,429
12500,893,430
12501,892,430
12502,891,430
12503,890,430
12504,889,431
12505,888,431
12506,888,432
12507,886,433
12508,886,434
12509,885,435
12510,885,435
12511,883,436
12512,883,436
12513,881,437
12514,881,437
12515,880,438
12516,880,439
12517,879,439
12518,878,439
12519,878,440
12520,876,441
12521,876,441
12522,875,442
12523,875,442
12524,873,442
12525,873,442
12526,872,443
12527,871,443
12528,870,444
12529,870,444
12530,869,444
12531,868,445
12532,868,445
12533,867,446
12534,866,446
12535,865,446
12536,865,447
12537,864,448
12538,864,448
12539,863,449
12540,863,449
12541,862,449
12542,862,450
12543,861,451
12544,861,451
12545,860,451
12546,860,451
12547,858,452
12548,859,452
12549,858,453
12550,858,453
12551,856,454
12552,856,455
12553,855,455
12554,854,455
12555,854,454
12556,854,454
12557,861,454
12558,876,454
12559,891,455
12560,905,453
12561,917,453
12562,926,452
12563,935,451
12564,944,451
12565,951,451
12566,958,451
12567,964,452
12568,970,452
12569,976,453
12570,981,453
12571,984,453
12572,986,453
12573,991,453
12574,993,453
12575,993,453
12576,994,452
12577,996,452
12578,997,452
12579,998,452
12580,1000,452
12581,1000,454
12582,1000,454
12583,1000,455
12584,999,455
12585,1000,454
12586,999,455
12587,999,455
12588,998,456
12589,997,456
12590,996,456
12591,996,456
12592,1002,456
12593,1010,457
12594,1020,457
12595,1027,457
12596,1036,457
12597,1043,457
12598,1052,457
12599,1060,458
12600,1068,458
12601,1075,458
12602,1083,458
12603,1090,458
12604,1097,458
12605,1105,458
12606,1113,457
12607,1119,457
12608,1126,457
12609,1133,458
12610,1141,458
12611,1147,458
12612,1154,458
12613,1160,458
12614,1168,458
12615,1174,458
12616,1179,458
12617,1186,458
12618,1193,458
12619,1200,458
12620,1206,458
12621,1213,457
12622,1220,457
12623,1226,457
12624,1233,457
12625,1240,457
12627,1140,437
12628,1136,436
12629,1133,436
12630,1131,434
12631,1127,433
12632,1125,432
12633,1122,432
12634,1120,431
12635,1118,430
12636,1117,429
12637,1115,429
12638,1113,429
12639,1111,430
12640,1110,430
12641,1108,430
12642,1106,430
12643,1104,431
12644,1102,432
12645,1102,432
12646,1100,433
12647,1101,431
12648,1102,430
12649,1101,429
12650,1102,427
12651,1101,426
12652,1102,425
12653,1101,425
12654,1100,425
12655,1101,424
12656,1101,424
12657,1104,424
12658,1106,423
12659,1107,423
12660,1108,423
12661,1084,418
12662,1070,414
12663,1055,410
12664,1041,407
12665,1028,402
12666,1015,398
12667,1003,395
12668,991,392
12669,980,388
12670,969,386
12671,958,382
12672,947,379
12673,937,377
12674,926,374
12675,916,371
12676,907,368
12677,897,365
12678,889,363
12679,880,361
12680,870,359
12681,862,356
12682,854,354
12683,844,352
12684,836,349
12685,829,347
12686,820,345
12687,812,343
12688,805,341
12689,797,339
12690,789,337
12691,781,336
12692,774,334
12693,765,332
12694,759,329
12695,751,328
12696,744,326
12697,738,324
12698,729,323
12699,723,322
12700,716,321
12701,709,319
12702,703,317
12703,695,316
12704,689,315
12705,681,314
12706,675,313
12707,669,312
12708,664,311
12709,661,310
12710,661,309
12711,662,308
12712,663,307
12713,663,306
12714,663,305
12715,665,305
12716,665,304
12717,666,303
12718,666,303
12719,668,301
12720,668,300
12721,671,297
12722,672,296
12723,674,293
12724,675,291
12725,677,289
12726,678,288
12727,680,286
12728,682,284
12729,683,283
12730,684,282
12731,685,281
12732,687,280
12733,687,280
12734,689,279
12735,691,277
12736,692,275
12737,695,274
12738,696,272
12739,698,271
12740,700,269
12741,701,268
12742,702,267
12743,704,266
12744,705,265
12745,708,264
12746,709,263
12747,712,261
12748,713,260
12749,715,259
12750,716,258
12751,718,257
12752,719,256
12753,723,255
12754,730,255
12755,738,255
12756,747,253
12757,755,252
12758,760,252
12759,768,252
12760,774,254
12761,781,253
12762,785,254
12763,791,253
12764,797,252
12765,801,251
12766,806,251
12767,812,252
12768,815,252
12769,820,252
12770,824,252
12771,828,252
12772,832,252
12773,837,252
12774,841,252
12775,845,253
12776,849,253
12778,849,252
12779,853,252
12780,856,251
12781,858,252
12782,859,252
12783,861,252
12784,858,254
12785,853,257
12786,847,259
12787,844,261
12788,839,263
12789,835,266
12790,832,268
12791,829,271
12792,827,274
12793,824,276
12794,822,278
12795,820,281
12796,818,284
12797,817,287
12798,814,291
12799,812,294
12800,812,296
12801,811,299
12802,811,300
12803,811,301
12804,810,304
12805,810,306
12806,810,307
12807,810,310
12808,809,313
12809,810,315
12810,810,316
12811,810,319
12812,811,320
12813,810,323
12814,812,324
12815,811,326
12816,813,327
12817,813,330
12818,814,331
12819,814,332
12820,814,334
12821,816,336
12822,816,337
12823,817,339
12824,817,341
12825,819,342
12826,819,344
12827,821,345
12828,821,347
12829,823,348
12830,823,349
12831,824,351
12832,824,352
12833,826,353
12834,827,355
12835,827,357
12836,828,358
12837,830,359
12838,830,360
12839,832,362
12840,834,362
12841,840,364
12842,848,368
12843,857,371
12844,863,375
12845,869,378
12846,875,381
12847,880,385
12848,885,388
12849,889,391
12850,894,394
12851,897,397
12852,901,397
12853,902,399
12854,904,401
12855,906,403
12856,907,405
12857,909,407
12858,911,408
12859,913,410
12860,913,412
12861,915,414
12862,915,417
12863,917,420
12864,917,423
12865,918,425
12866,918,429
12867,919,432
12868,919,435
12869,920,439
12870,919,442
12871,920,446
12872,919,449
12873,919,450
12874,918,452
12875,918,453
12876,917,454
12877,917,456
12878,916,457
12879,917,459
12880,916,461
12881,915,463
12882,915,465
12883,914,468
12884,915,470
12885,914,473
12886,914,476
12887,913,478
12888,913,480
12889,911,481
12890,911,481
12891,910,482
12892,910,483
12893,909,485
12894,909,486
12895,908,488
12896,908,490
12897,907,492
12898,907,494
12899,906,497
12900,907,499
12901,906,500
12902,905,500
12903,904,501
12904,905,502
12905,904,503
12906,904,504
12907,903,506
12908,903,507
12909,902,509
12910,903,510
12911,902,512
12912,902,514
12913,901,516
12914,902,517
12915,901,518
12916,901,519
12917,900,520
12918,900,521
12919,899,523
12920,900,524
12921,899,525
12922,900,526
12923,899,526
12924,899,527
12925,899,529
12926,899,530
12927,898,531
12928,899,532
12929,898,533
12930,899,533
12931,898,534
12932,898,535
12933,897,535
12934,897,535
12935,895,535
12936,894,536
12937,893,536
12938,892,536
12939,891,536
12940,890,536
12941,888,536
12942,887,536
12943,886,536
12949,896,540
12950,896,540
12951,896,539
12952,894,540
12953,886,535
12954,870,535
12955,855,534
12956,842,533
12957,830,532
12958,819,532
12959,809,531
12960,800,530
12961,792,530
12962,785,530
12963,778,530
12964,771,530
12965,766,530
12966,761,531
12967,756,531
12968,752,531
12969,747,532
12970,744,534
12971,741,535
12972,739,536
12973,735,537
12974,733,538
12975,733,539
12976,732,539
12977,732,538
12978,730,538
12979,731,538
12980,730,539
12981,731,541
12982,730,542
12983,731,542
12984,732,542
12985,733,542
12986,732,542
12987,734,542
12988,735,543
12989,736,543
12990,737,544
12991,738,544
12992,739,545
12993,741,545
12994,742,546
12995,744,546
12996,745,546
12997,747,547
12998,748,547
12999,751,547
13000,752,547
13001,754,547
13002,755,548
13003,758,548
13004,759,548
13005,761,548
13006,762,549
13007,765,549
13008,766,549
13009,769,549
13010,770,549
13011,772,549
13012,775,550
13013,777,551
13014,774,546
13015,776,543
13016,775,540
13017,776,537
13018,776,535
13019,777,533
13020,777,531
13021,778,529
13022,778,527
13023,779,526
13024,780,525
13025,780,525
13026,781,524
13027,781,524
13028,780,524
13029,781,524
13030,780,524
13031,781,525
13032,780,525
13033,780,526
13034,780,527
13035,782,526
13036,783,525
13037,784,524
13038,785,523
13039,786,523
13040,788,522
13041,788,522
13042,789,522
13043,789,523
13044,791,523
13045,790,523
13046,792,524
13047,791,524
13048,792,525
13049,792,525
13050,794,525
13051,795,525
13052,797,524
13053,798,524
13054,800,523
13055,800,523
13056,802,523
13057,802,524
13058,803,524
13059,804,524
13060,805,525
13061,805,526
13062,806,526
13063,806,526
13064,807,525
13065,807,525
13066,809,525
13067,809,525
13068,810,525
13069,810,526
13070,811,526
13071,811,526
13072,812,525
13073,812,525
13074,813,525
13075,814,525
13076,813,525
13077,814,526
13078,814,526
13079,815,525
13080,815,525
13081,816,525
13082,816,525
13083,817,525
13084,816,525
13085,817,525
13086,816,526
13087,818,525
13088,818,525
13089,818,525
13090,818,526
13091,819,525
13092,819,525
13093,820,524
13094,820,524
13095,821,524
13096,820,524
13097,821,524
13098,821,524
13099,822,524
13100,821,525
13101,822,525
13102,822,526
13103,823,525
13104,825,526
13105,827,529
13106,829,532
13107,832,536
13108,836,540
13109,839,543
13110,842,545
13111,844,547
13112,848,550
13113,850,552
13114,852,553
13115,854,555
13116,857,556
13117,858,558
13118,861,559
13119,862,561
13120,865,562
13121,866,563
13122,869,564
13123,870,565
13124,872,566
13125,873,566
13126,876,567
13127,877,568
13128,879,568
13129,880,569
13130,882,569
13131,883,570
13132,885,570
13133,886,571
13134,889,571
13135,889,572
13136,892,572
13137,892,572
13138,895,572
13139,896,573
13140,898,573
13141,899,573
13142,901,573
13143,902,574
13144,904,574
13145,905,574
13146,907,574
13147,908,574
13148,911,574
13149,912,574
13150,914,574
13151,915,574
13152,917,574
13153,918,574
13154,921,574
13155,922,574
13156,924,574
13157,925,574
13158,927,574
13159,928,573
13160,931,573
13161,932,573
13162,934,573
13163,936,573
13164,938,573
13165,939,573
13166,941,573
13167,942,573
13168,944,573
13169,947,573
13170,951,574
13171,954,575
13172,957,576
13173,960,578
13174,962,579
13175,966,580
13176,968,582
13177,971,583
13178,972,584
13179,975,584
13180,978,585
13181,979,585
13182,980,586
13183,983,587
13184,984,587
13185,987,587
13186,988,588
13187,990,588
13188,991,588
13189,993,588
13190,994,589
13191,996,589
13192,997,589
13193,999,589
13194,1000,590
13195,1002,590
13196,1004,590
13197,1004,590
13198,1006,590
13199,1007,590
13200,1006,590
13201,1000,593
13202,991,597
13203,983,600
13204,974,604
13205,968,607
13206,962,610
13207,957,613
13208,950,616
13209,945,619
13210,941,622
13211,937,625
13212,933,628
13213,928,631
13214,925,632
13215,924,633
13216,922,633
13217,919,634
13218,918,636
13219,917,637
13220,914,638
13221,913,640
13222,911,642
13223,910,644
13224,910,646
13225,908,648
13226,907,650
13227,906,652
13228,907,652
13229,908,652
13230,908,652
13231,909,652
13232,908,652
13233,909,653
13234,909,654
13235,910,655
13236,910,656
13237,911,658
13238,910,659
13239,910,661
13240,911,662
13241,912,662
13242,912,661
13243,913,661
13244,914,661
13245,915,661
13246,916,661
13247,917,662
13248,917,663
13249,918,664
13250,918,665
13251,919,667
13252,919,668
13253,921,668
13254,921,667
13255,923,667
13256,925,667
13257,925,667
13258,927,668
13259,928,668
13260,930,668
13261,932,668
13262,933,669
13263,935,669
13264,937,670
13265,938,671
13266,940,671
13267,941,672
13268,943,672
13269,945,673
13272,938,692
13273,939,693
13274,941,696
13275,940,698
13276,941,698
13277,943,698
13278,945,697
13279,945,697
13280,947,697
13281,950,697
13282,954,699
13283,959,701
13284,962,702
13285,966,703
13286,968,705
13287,971,707
13288,976,708
13289,978,710
13290,982,711
13291,985,712
13292,989,713
13293,991,715
13294,994,716
13295,996,717
13296,999,718
13297,1001,719
13298,1004,721
13299,1006,722
13300,1009,723
13301,1011,724
13302,1014,725
13303,1035,721
13304,1043,720
13305,1051,719
13306,1057,719
13307,1064,718
13308,1070,717
13309,1075,717
13310,1081,716
13311,1085,715
13312,1089,714
13313,1094,713
13314,1097,713
13315,1100,712
13316,1105,711
13317,1107,711
13318,1112,710
13319,1113,709
13320,1117,709
13321,1119,709
13322,1122,708
13323,1123,708
13324,1127,707
13325,1128,706
13326,1129,705
13327,1129,705
13328,1132,705
13329,1134,705
13330,1135,704
13331,1138,704
13332,1139,704
13333,1140,703
13334,1143,702
13335,1146,702
13336,1148,702
13337,1151,701
13338,1150,701
13339,1151,700
13340,1145,692
13341,1141,687
13342,1138,682
13343,1136,678
13344,1133,674
13345,1130,669
13346,1128,665
13347,1126,660
13348,1129,656
13349,1134,652
13350,1140,648
13351,1144,643
13352,1149,639
13353,1151,635
13354,1154,631
13355,1156,627
13356,1159,623
13357,1161,619
13358,1162,615
13359,1164,611
13360,1165,608
13361,1167,604
13362,1167,601
13363,1168,597
13364,1168,593
13365,1169,590
13366,1168,586
13367,1169,583
13368,1168,581
13369,1169,579
13370,1168,578
13371,1169,578
13372,1168,578
13373,1169,577
13374,1168,577
13375,1168,576
13376,1167,576
13377,1167,575
13378,1166,575
13379,1166,575
13380,1165,574
13381,1165,574
13382,1164,574
13383,1164,573
13384,1163,573
13385,1163,573
13386,1162,573
13387,1162,572
13388,1161,572
13389,1161,572
13390,1160,572
13391,1160,572
13392,1158,572
13393,1158,572
13394,1157,572
13395,1157,572
13396,1156,571
13397,1156,571
13398,1154,571
13399,1154,571
13400,1153,571
13401,1153,571
13402,1152,571
13403,1152,571
13404,1150,571
13405,1150,571
13406,1149,571
13407,1149,571
13408,1148,571
13409,1148,571
13410,1146,571
13411,1146,572
13412,1145,572
13413,1145,572
13414,1144,572
13415,1144,572
13416,1142,572
13417,1143,572
13418,1141,572
13419,1142,572
13420,1140,572
13421,1141,572
13422,1139,572
13423,1140,572
13424,1138,572
13425,1139,572
13426,1138,573
13427,1138,572
13428,1137,573
13429,1137,572
13430,1136,573
13431,1136,573
13432,1135,573
13433,1136,573
13434,1135,573
13435,1135,573
13436,1134,573
13437,1134,572
13438,1133,572
13439,1134,573
13440,1133,573
13441,1135,573
13442,1135,573
13443,1137,573
13444,1137,572
13445,1138,572
13446,1138,572
13447,1140,573
13448,1140,573
13449,1141,573
13450,1141,573
13451,1142,573
13452,1142,573
13453,1144,572
13454,1144,572
13455,1145,573
13456,1145,573
13457,1146,573
13458,1146,573
13459,1147,572
13460,1147,573
13461,1148,572
13462,1148,573
13463,1149,572
13464,1149,573
13465,1150,572
13466,1150,573
13467,1151,572
13468,1152,572
13469,1153,572
13470,1154,572
13471,1155,572
13472,1155,572
13473,1154,573
13474,1154,573
13475,1153,573
13476,1153,573
13477,1134,569
13478,1130,569
13479,1125,568
13480,1122,568
13481,1119,567
13482,1115,566
13483,1113,566
13484,1109,565
13485,1107,565
13486,1106,564
13487,1103,564
13488,1102,564
13489,1100,563
13490,1099,563
13491,1099,563
13492,1097,562
13493,1097,562
13494,1096,562
13495,1096,561
13496,1095,561
13497,1096,562
13498,1095,562
13499,1096,561
13500,1095,561
13501,1096,561
13502,1096,561
13503,1097,561
13504,1096,561
13505,1097,561
13506,1097,561
13507,1098,561
13508,1098,561
13509,1099,561
13510,1099,561
13511,1100,561
13512,1102,561
13513,1102,561
13514,1103,561
13515,1103,561
13516,1104,561
13517,1105,561
13518,1106,561
13519,1106,561
13520,1107,561
13521,1107,562
13522,1108,561
13523,1108,562
13524,1109,561
13525,1109,562
13526,1111,562
13527,1111,562
13528,1112,562
13529,1112,562
13530,1113,562
13531,1113,562
13532,1114,562
13533,1114,562
13534,1115,562
13535,1114,562
13536,1115,562
13537,1115,562
13538,1116,562
13539,1116,562
13540,1117,562
13541,1117,562
13542,1118,562
13543,1118,562
13544,1119,562
13545,1119,562
13546,1120,562
13547,1119,562
13548,1120,562
13549,1120,562
13550,1121,562
13551,1121,562
13552,1122,562
13553,1122,562
13554,1123,562
13555,1122,562
13556,1123,562
13557,1122,562
13558,1123,562
13559,1121,563
13560,1125,560
13561,1131,555
13562,1136,551
13563,1140,548
13564,1145,544
13565,1155,532
13566,1160,527
13567,1164,523
13568,1167,520
13569,1171,516
13570,1174,512
13571,1176,509
13572,1178,506
13573,1180,504
13574,1183,501
13575,1183,499
13576,1185,496
13577,1186,494
13578,1188,493
13579,1189,491
13580,1190,490
13581,1190,488
13582,1191,487
13583,1191,485
13584,1192,484
13585,1191,483
13586,1192,482
13587,1191,481
13588,1192,480
13589,1191,479
13590,1192,478
13591,1191,478
13592,1192,477
13593,1191,477
13594,1191,476
13595,1190,475
13596,1190,474
13597,1189,473
13598,1189,473
13599,1188,472
13600,1188,472
13601,1187,472
13602,1187,472
13603,1186,472
13604,1186,472
13605,1185,471
13606,1184,471
13607,1183,471
13608,1183,471
13609,1182,470
13610,1181,470
13611,1180,470
13612,1180,470
13613,1179,470
13614,1179,470
13615,1177,469
13616,1177,469
13617,1176,469
13618,1176,469
13619,1175,469
13620,1174,468
13621,1173,468
13622,1172,468
13623,1171,468
13624,1171,468
13625,1170,468
13626,1169,468
13627,1168,468
13628,1167,468
13629,1166,468
13630,1167,470
13631,1169,477
13632,1172,483
13633,1175,490
13634,1176,496
13635,1179,499
13636,1179,504
13637,1181,507
13638,1182,510
13639,1184,513
13640,1185,516
13641,1187,519
13642,1187,522
13643,1188,525
13644,1189,528
13645,1190,531
13646,1191,534
13647,1192,536
13648,1192,539
13649,1192,542
13650,1192,545
13651,1193,547
13652,1193,550
13653,1195,552
13654,1194,554
13655,1193,554
13656,1194,554
13657,1193,555
13658,1193,556
13659,1194,557
13660,1192,558
13661,1193,559
13662,1192,561
13663,1192,563
13664,1191,564
13665,1191,565
13666,1190,565
13667,1190,564
13668,1188,565
13669,1188,565
13670,1187,566
13671,1187,567
13672,1186,568
13673,1186,568
13674,1185,569
13675,1183,569
13676,1178,568
13677,1167,566
13678,1158,564
13679,1148,562
13680,1141,560
13681,1133,558
13682,1128,557
13683,1122,556
13684,1117,555
13685,1111,554
13686,1108,553
13687,1104,552
13688,1101,551
13689,1099,550
13690,1095,550
13691,1094,549
13692,1091,549
13693,1090,548
13694,1088,548
13695,1087,547
13696,1087,546
13697,1085,546
13698,1085,546
13699,1085,545
13700,1085,545
13701,1083,545
13702,1084,544
13703,1083,544
13704,1084,544
13705,1083,544
13706,1084,543
13707,1083,543
13708,1084,543
13709,1084,543
13710,1085,543
13711,1084,543
13712,1085,542
13713,1085,542
13714,1086,542
13715,1083,545
13716,1076,549
13717,1067,553
13718,1061,557
13719,1056,560
13720,1051,563
13721,1046,566
13722,1042,569
13723,1038,572
13724,1035,575
13725,1031,579
13726,1030,580
13727,1029,580
13728,1027,581
13729,1027,581
13730,1026,582
13731,1026,583
13732,1025,584
13733,1025,584
13734,1026,586
13735,1025,587
13736,1025,589
13737,1026,590
13738,1025,592
13739,1026,594
13740,1027,596
13741,1026,598
13742,1027,601
13743,1027,603
13744,1028,606
13745,1030,609
13746,1030,611
13747,1033,610
13748,1034,609
13749,1034,609
13750,1037,608
13751,1037,608
13752,1039,608
13753,1039,609
13754,1040,609
13755,1041,610
13756,1041,611
13757,1043,612
13758,1043,614
13759,1044,615
13760,1044,617
13761,1045,618
13762,1046,620
13763,1046,621
13764,1049,621
13765,1051,620
13766,1052,620
13767,1054,619
13768,1055,619
13769,1058,619
13770,1061,618
13771,1064,618
13772,1066,618
13773,1069,617
13774,1072,617
13775,1074,616
13776,1077,616
13777,1080,615
13779,1067,546
13780,1068,541
13781,1068,538
13782,1068,534
13783,1068,531
13784,1068,527
13785,1068,525
13786,1068,522
13787,1067,520
13788,1068,518
13789,1067,516
13790,1068,513
13791,1068,511
13792,1069,509
13793,1068,507
13794,1068,505
13795,1068,504
13796,1069,503
13797,1069,502
13798,1070,501
13799,1065,499
13800,1067,499
13801,1070,498
13802,1069,497
13803,1067,497
13804,1068,495
13805,1067,495
13806,1068,494
13807,1068,494
13808,1068,493
13809,1067,493
13810,1068,493
13811,1067,493
13812,1068,493
13813,1067,492
13814,1068,492
13815,1068,492
13816,1069,491
13817,1068,491
13818,1069,491
13819,1069,491
13820,1070,490
13821,1069,490
13822,1070,490
13823,1070,490
13824,1071,490
13825,1070,490
13826,1072,490
13827,1071,490
13828,1072,490
13829,1072,490
13830,1073,490
13831,1073,489
13832,1074,489
13833,1074,489
13834,1075,489
13835,1074,489
13836,1076,489
13837,1075,490
13838,1077,489
13839,1077,489
13840,1076,490
13841,1077,492
13842,1077,493
13843,1078,494
13844,1078,494
13845,1079,495
13846,1079,496
13847,1080,496
13848,1080,497
13849,1081,498
13850,1082,498
13851,1083,499
13852,1083,500
13853,1084,500
13854,1084,500
13855,1085,501
13856,1085,501
13857,1088,502
13858,1091,504
13859,1092,506
13860,1097,508
13861,1098,509
13862,1100,511
13863,1103,512
13864,1104,514
13865,1106,515
13866,1108,517
13867,1108,518
13868,1111,520
13869,1111,522
13870,1113,523
13871,1113,525
13872,1114,527
13873,1114,529
13874,1111,531
13875,1105,534
13876,1099,537
13877,1094,541
13878,1091,543
13879,1086,546
13880,1084,547
13881,1081,550
13882,1077,552
13883,1075,554
13884,1074,556
13885,1071,557
13886,1070,559
13887,1068,560
13888,1068,562
13889,1066,563
13890,1066,564
13891,1065,565
13892,1065,566
13893,1064,567
13894,1065,568
13895,1065,569
13896,1066,569
13897,1066,570
13898,1066,571
13899,1067,572
13900,1064,573
13901,1063,574
13902,1064,575
13903,1064,576
13904,1066,575
13905,1066,576
13906,1065,577
13907,1067,577
13908,1067,578
13909,1068,578
13910,1068,578
13911,1068,579
13912,1070,579
13913,1072,578
13914,1074,576
13915,1075,575
13916,1077,573
13917,1079,573
13918,1080,572
13919,1080,572
13920,1082,572
13921,1083,571
13922,1085,570
13923,1085,570
13924,1087,570
13925,1088,569
13926,1090,569
13927,1090,569
13928,1092,568
13929,1092,568
13930,1093,568
13931,1092,567
13932,1090,566
13933,1086,565
13934,1081,563
13935,1076,561
13936,1073,560
13937,1069,558
13938,1066,557
13939,1062,556
13940,1060,555
13941,1056,554
13942,1054,553
13943,1050,552
13944,1048,551
13945,1046,551
13946,1042,551
13947,1040,550
13948,1037,550
13949,1035,549
13950,1032,549
13951,1031,548
13952,1028,548
13953,1027,547
13954,1024,547
13955,1023,547
13956,1021,547
13957,1018,546
13958,1017,546
13959,1015,546
13960,1014,545
13961,1012,545
13962,1011,545
13963,1009,545
13964,1009,545
13965,1006,545
13966,1006,545
13967,1004,544
13968,1003,544
13969,1001,544
13970,1004,544
13971,1010,544
13972,1015,544
13973,1018,545
13974,1022,545
13975,1024,545
13976,1025,545
13977,1026,545
13978,1034,544
13979,1037,544
13980,1039,544
13981,1040,544
13982,1043,544
13983,1045,544
13984,1046,545
13985,1047,545
13986,1045,544
13987,1045,544
13988,1045,544
13989,1045,544
13990,1044,544
13991,1031,537
13992,1029,536
13993,1025,536
13994,1022,535
13995,1022,534
13996,1020,534
13997,1018,533
13998,1016,533
13999,1015,532
14000,1013,531
14001,1012,531
14002,1010,531
14003,1010,530
14004,1008,530
14005,1007,530
14006,1005,530
14007,1004,530
14008,1003,530
14009,1002,529
14010,1001,529
14011,1000,529
14012,999,529
14013,999,529
14014,997,530
14015,997,529
14016,995,529
14017,995,529
14018,994,529
14019,994,529
14020,992,529
14021,993,529
14022,991,530
14023,992,529
14024,992,529
14025,995,530
14026,1001,531
14027,1010,532
14028,1018,533
14029,1024,534
14030,1031,535
14031,1037,536
14032,1044,537
14033,1050,537
14034,1055,538
14035,1061,538
14036,1066,538
14037,1071,539
14038,1077,539
14039,1082,539
14040,1087,540
14041,1090,540
14042,1095,540
14043,1099,541
14044,1104,541
14045,1107,541
14046,1111,541
14047,1115,542
14048,1119,542
14049,1122,542
14050,1126,542
14051,1128,543
14052,1132,543
14053,1135,543
14054,1139,543
14055,1141,543
14056,1144,543
14057,1146,544
14058,1150,544
14059,1152,544
14060,1155,544
14061,1157,544
14062,1160,544
14063,1161,544
14064,1164,544
14065,1166,544
14066,1167,544
14067,1170,544
14068,1172,544
14069,1175,544
14070,1176,544
14071,1178,544
14072,1179,545
14073,1182,545
14074,1183,545
14075,1186,545
14076,1186,545
14077,1187,545
14078,1187,545
14079,1185,545
14080,1185,545
14081,1184,544
14082,1184,544
14083,1182,544
14084,1182,544
14085,1181,545
14086,1181,544
14087,1179,544
14088,1180,544
14089,1178,544
14090,1178,544
14091,1177,544
14092,1177,544
14093,1176,544
14094,1176,544
14095,1175,544
14096,1175,544
14097,1174,544
14098,1174,544
14099,1173,544
14100,1172,544
14101,1172,544
14102,1171,544
14103,1171,544
14104,1169,544
14105,1170,544
14106,1168,544
14107,1168,544
14108,1167,544
14109,1168,544
14110,1166,544
14111,1167,543
14112,1165,544
14113,1166,543
14114,1165,543
14115,1165,544
14116,1164,544
14117,1164,544
14118,1163,544
14119,1163,543
14120,1162,543
14121,1162,543
14122,1161,543
14123,1161,544
14124,1162,544
14125,1161,545
14126,1160,545
14127,1165,540
14128,1166,539
14129,1168,538
14130,1168,538
14131,1169,538
14132,1169,537
14133,1170,536
14134,1170,535
14135,1169,535
14136,1171,534
14137,1171,534
14138,1171,534
14139,1170,533
14140,1171,533
14141,1170,533
14142,1171,533
14143,1171,532
14144,1171,532
14145,1171,532
14146,1169,533
14147,1169,532
14148,1170,532
14149,1170,532
14150,1170,531
14151,1170,531
14152,1171,531
14153,1171,530
14154,1171,530
14155,1171,530
14156,1171,529
14158,1108,491
14159,1108,491
14160,1096,485
14161,1092,481
14162,1087,479
14163,1085,476
14164,1081,473
14165,1078,471
14166,1075,469
14167,1074,467
14168,1070,466
14169,1069,465
14170,1066,464
14171,1065,463
14172,1063,463
14173,1062,462
14174,1062,461
14175,1060,460
14176,1060,458
14177,1059,456
14178,1059,455
14179,1058,454
14180,1059,453
14181,1058,453
14182,1058,452
14183,1057,452
14184,1058,452
14185,1056,452
14186,1058,452
14187,1057,452
14188,1056,453
14189,1060,455
14190,1065,460
14191,1072,465
14192,1076,469
14193,1080,474
14194,1084,479
14195,1089,483
14196,1092,487
14197,1094,491
14198,1098,492
14199,1100,494
14200,1102,496
14201,1105,496
14202,1111,497
14203,1118,497
14204,1124,498
14205,1131,499
14206,1136,501
14207,1141,503
14208,1146,503
14209,1149,504
14210,1152,504
14211,1156,504
14212,1158,504
14213,1160,505
14214,1163,506
14215,1165,506
14216,1166,507
14217,1168,508
14218,1169,508
14219,1171,508
14220,1171,509
14221,1172,509
14222,1172,510
14223,1173,510
14224,1173,510
14225,1173,510
14226,1173,510
14227,1174,510
14228,1173,511
14229,1173,511
14230,1173,511
14231,1173,511
14232,1172,511
14233,1172,511
14234,1171,511
14235,1171,511
14236,1170,511
14237,1170,511
14238,1170,511
14239,1168,511
14240,1168,511
14241,1167,511
14242,1167,511
14243,1166,511
14244,1166,511
14245,1164,511
14246,1165,511
14247,1164,511
14248,1164,511
14249,1163,511
14250,1163,511
14251,1163,510
14252,1161,511
14253,1161,511
14254,1160,511
14255,1160,511
14256,1160,512
14257,1161,509
14258,1159,509
14259,1158,509
14260,1157,508
14261,1156,508
14262,1155,508
14263,1154,507
14264,1152,507
14265,1151,507
14266,1150,506
14271,1148,509
14272,1148,510
14273,1145,510
14274,1144,509
14275,1141,510
14276,1142,510
14277,1140,510
14278,1137,510
14279,1137,510
14280,1135,510
14281,1132,510
14282,1131,510
14283,1129,510
14284,1129,510
14285,1126,510
14286,1124,510
14287,1123,510
14288,1121,510
14289,1120,510
14290,1117,510
14291,1117,509
14292,1127,505
14293,1140,500
14294,1153,497
14295,1165,493
14296,1175,490
14297,1184,487
14298,1192,484
14299,1199,481
14300,1206,478
14301,1213,475
14302,1219,473
14303,1224,471
14304,1228,470
14305,1234,468
14306,1238,466
14307,1241,464
14308,1245,462
14309,1247,460
14310,1250,458
14311,1252,456
14312,1255,455
14313,1257,453
14314,1258,452
14315,1260,450
14316,1261,449
14317,1263,447
14318,1264,446
14319,1264,446
14320,1265,444
14321,1266,444
14322,1266,443
14323,1267,442
14324,1267,442
14325,1267,441
14326,1267,441
14327,1268,441
14328,1267,441
14329,1268,440
14330,1266,439
14331,1264,437
14332,1264,434
14333,1262,433
14334,1262,431
14335,1260,430
14336,1259,428
14337,1258,427
14338,1257,426
14339,1256,426
14340,1256,425
14341,1254,425
14342,1254,424
14343,1251,423
14344,1249,422
14345,1248,420
14346,1246,419
14347,1243,418
14348,1242,416
14349,1240,416
14350,1238,415
14351,1236,415
14352,1234,414
14353,1232,414
14354,1229,412
14355,1227,411
14356,1224,410
14357,1223,409
14358,1220,408
14359,1219,407
14360,1216,407
14361,1214,407
14362,1212,406
14363,1209,406
14364,1208,405
14365,1205,404
14366,1204,403
14367,1201,402
14368,1197,401
14369,1196,400
14370,1193,399
14371,1192,398
14372,1186,397
14373,1171,394
14374,1152,391
14375,1137,387
14376,1123,383
14377,1110,379
14378,1099,376
14379,1089,373
14380,1080,370
14381,1072,367
14382,1064,363
14383,1058,360
14384,1052,357
14385,1047,355
14386,1041,352
14387,1038,349
14388,1034,345
14389,1030,342
14390,1027,339
14391,1025,336
14392,1023,333
14393,1021,331
14394,1018,328
14395,1017,326
14396,1015,324
14397,1015,322
14398,1013,320
14399,1013,318
14400,1012,315
14401,1011,314
14402,1011,312
14403,1011,309
14404,1010,307
14405,1011,305
14406,1011,303
14407,1010,301
14408,1011,298
14409,1011,296
14410,1011,295
14411,1012,293
14412,1012,291
14413,1012,289
14414,1014,287
14415,1014,285
14416,1014,282
14417,1015,281
14418,1015,280
14419,1016,278
14420,1017,276
14421,1017,275
14422,1018,273
14423,1018,271
14424,1019,269
14425,1019,268
14426,1020,266
14427,1020,265
14428,1022,263
14429,1023,261
14430,1023,259
14431,1024,258
14432,1024,256
14433,1025,255
14434,1026,252
14435,1026,252
14436,1027,251
14437,1033,251
14438,1041,251
14439,1046,251
14440,1052,251
14441,1056,251
14442,1060,251
14443,1063,251
14444,1066,251
14445,1069,252
14446,1071,252
14447,1073,252
14448,1076,252
14449,1077,254
14450,1078,255
14451,1080,256
14452,1080,256
14453,1082,257
14454,1082,258
14455,1083,259
14456,1083,259
14457,1082,262
14458,1083,263
14459,1082,265
14460,1083,266
14461,1082,267
14462,1083,268
14463,1081,270
14464,1079,269
14465,1078,268
14466,1076,267
14467,1074,267
14468,1072,267
14469,1071,266
14470,1069,266
14471,1068,266
14472,1066,266
14473,1064,266
14474,1063,266
14475,1062,267
14476,1060,267
14477,1059,268
14478,1058,268
14479,1057,268
14480,1055,270
14481,1054,271
14482,1052,272
14483,1051,272
14484,1049,272
14485,1047,271
14486,1045,271
14487,1044,270
14488,1043,269
14489,1040,270
14490,1039,270
14491,1038,269
14492,1036,269
14493,1034,270
14494,1033,270
14495,1031,271
14496,1030,271
14497,1028,273
14498,1027,273
14499,1025,273
14500,1025,272
14501,1023,272
14502,1022,271
14503,1020,272
14504,1020,272
14505,1018,272
14506,1017,272
14507,1015,273
14508,1015,272
14509,1013,272
14510,1012,272
14511,1011,272
14512,1009,273
14513,1009,273
14514,1007,273
14515,1007,273
14516,1005,273
14517,1004,273
14518,1002,273
14519,1002,273
14520,1000,273
14521,999,273
14522,998,273
14523,996,273
14524,996,273
14525,994,273
14526,993,273
14527,992,272
14528,990,273
14529,989,272
14530,987,273
14531,987,273
14532,988,272
14533,995,269
14534,1005,266
14535,1017,262
14536,1026,258
14537,1034,255
14538,1042,251
14539,1049,249
14540,1055,247
14541,1060,244
14542,1066,241
14543,1071,240
14544,1076,237
14545,1080,235
14546,1084,234
14547,1087,233
14548,1091,231
14549,1093,230
14550,1097,228
14551,1099,228
14552,1102,227
14553,1103,226
14554,1106,225
14555,1107,225
14556,1109,225
14557,1110,225
14558,1112,225
14559,1113,225
14560,1114,226
14561,1115,226
14562,1116,227
14563,1117,227
14564,1118,227
14565,1119,228
14566,1119,231
14567,1120,232
14568,1120,232
14569,1120,234
14570,1121,236
14571,1120,235
14572,1117,234
14573,1115,232
14574,1113,229
14575,1112,228
14576,1110,227
14577,1109,225
14578,1107,224
14579,1106,224
14580,1105,223
14581,1104,223
14582,1104,221
14583,1103,221
14584,1101,221
14585,1100,221
14586,1100,220
14587,1099,220
14588,1099,221
14589,1097,222
14590,1097,223
14591,1095,224
14592,1095,224
14593,1095,225
14594,1094,226
14595,1094,227
14596,1093,228
14597,1092,231
14598,1091,229
14599,1088,228
14600,1085,227
14601,1083,225
14602,1081,224
14603,1079,224
14604,1077,222
14605,1076,222
14606,1075,221
14607,1074,221
14608,1072,220
14609,1071,220
14610,1070,220
14611,1068,220
14612,1067,221
14613,1067,221
14614,1066,221
14615,1064,223
14616,1063,224
14617,1063,224
14618,1061,225
14619,1061,226
14620,1060,227
14621,1059,227
14622,1057,226
14623,1056,225
14624,1054,224
14625,1054,223
14626,1052,223
14627,1052,221
14628,1051,220
14629,1049,220
14630,1049,220
14631,1048,220
14632,1047,219
14633,1046,219
14634,1046,219
14635,1045,220
14636,1044,220
14637,1043,221
14638,1043,221
14639,1042,223
14640,1042,223
14641,1040,224
14642,1040,225
14643,1040,225
14644,1039,226
14645,1039,224
14646,1038,224
14647,1037,223
14648,1037,223
14649,1037,222
14650,1036,223
14651,1036,222
14652,1035,222
14653,1034,223
14654,1034,223
14655,1033,223
14656,1033,223
14657,1031,224
14658,1031,224
14659,1030,225
14660,1029,224
14661,1028,224
14662,1028,223
14663,1027,223
14664,1027,223
14665,1025,223
14666,1025,223
14667,1025,223
14668,1023,223
14669,1023,223
14670,1022,224
14671,1021,223
14672,1020,223
14673,1020,223
14674,1019,223
14675,1018,223
14676,1018,223
14677,1016,223
14678,1016,223
14679,1016,223
14680,1014,223
14681,1013,223
14682,1012,223
14683,1012,222
14684,1010,223
14685,1010,222
14686,1009,223
14687,1008,222
14688,1007,223
14689,1007,222
14690,1006,221
14691,1004,222
14692,1004,222
14693,1003,221
14694,1001,222
14695,1001,222
14696,1000,221
14697,998,222
14698,998,221
14699,998,221
14700,996,222
14701,995,221
14702,995,221
14703,994,221
14704,993,221
14705,992,221
14706,991,221
14707,990,221
14708,989,221
14709,989,221
14710,988,221
14711,986,220
14712,986,221
14713,985,220
14714,984,220
14715,984,221
14716,983,220
14717,982,221
14718,982,221
14719,981,220
14720,979,221
14721,979,221
14722,979,220
14723,977,220
14724,977,220
14725,976,221
14726,976,220
14727,975,220
14728,974,220
14729,974,220
14730,973,220
14731,973,220
14732,972,220
14733,971,220
14734,971,220
14735,970,220
14736,970,220
14737,969,219
14738,968,219
14739,968,219
14740,968,219
14741,967,219
14742,967,219
14743,966,220
14744,966,220
14745,965,219
14746,965,219
14747,964,219
14748,964,219
14749,963,219
14750,962,219
14751,962,219
14752,961,219
14753,961,219
14754,960,220
14755,960,219
14756,959,219
14757,959,219
14758,959,219
14759,958,219
14760,958,219
14761,958,219
14762,957,219
14763,956,219
14764,958,220
14765,964,220
14766,969,220
14767,972,220
14768,977,220
14769,980,221
14770,982,221
14771,983,221
14772,985,221
14773,985,221
14774,987,221
14775,986,222
14776,987,222
14777,986,223
14778,987,223
14779,986,224
14780,986,223
14781,985,224
14782,984,224
14783,983,224
14784,983,224
14785,981,224
14786,980,224
14787,978,225
14788,977,225
14789,975,225
14790,974,225
14791,971,225
14792,970,225
14793,968,225
14794,966,225
14795,965,225
14796,962,226
14797,961,226
14798,959,227
14799,957,227
14800,955,227
14801,953,227
14802,950,227
14803,948,227
14804,946,227
14805,944,227
14806,942,227
14807,940,228
14808,938,228
14809,935,228
14810,933,229
14811,931,228
14812,929,229
14813,927,229
14814,925,229
14815,923,229
14816,919,230
14817,918,229
14818,916,229
14819,913,230
14820,911,230
14821,909,230
14822,906,230
14823,904,230
14824,902,231
14825,900,231
14826,897,231
14827,897,231
14828,896,231
14829,895,231
14830,895,231
14831,894,232
14832,895,231
14833,894,231
14834,894,231
14835,893,232
14836,893,232
14837,892,232
14838,893,232
14839,891,232
14840,891,232
14841,890,232
14842,891,232
14843,890,233
14844,890,232
14845,889,233
14846,892,233
14847,895,234
14848,898,234
14849,901,235
14850,905,237
14851,907,239
14852,909,240
14853,912,241
14854,915,243
14855,918,244
14856,919,247
14857,922,248
14858,925,249
14859,926,251
14860,929,251
14861,931,252
14862,933,252
14863,935,253
14864,936,256
14865,938,257
14866,940,258
14867,942,259
14868,943,260
14869,946,261
14870,946,263
14871,949,263
14872,950,264
14873,951,265
14874,953,265
14875,954,267
14876,957,267
14877,958,268
14878,960,268
14879,960,269
14880,963,270
14881,965,271
14882,965,272
14883,967,272
14884,969,273
14885,970,273
14886,971,274
14887,973,275
14888,974,275
14889,975,275
14890,977,276
14891,978,277
14892,980,277
14893,980,278
14894,982,278
14895,982,279
14896,984,279
14897,986,280
14898,986,281
14899,988,281
14900,988,281
14901,990,282
14902,990,282
14903,992,282
14904,992,283
14905,994,283
14906,994,284
14907,996,283
14908,996,284
14909,997,284
14910,998,284
14911,1000,285
14912,1001,285
14913,1001,287
14914,1002,288
14915,1002,288
14916,1006,289
14917,1013,290
14918,1019,291
14919,1024,292
14920,1028,294
14921,1033,295
14922,1037,297
14923,1042,298
14924,1046,300
14925,1051,301
14926,1054,303
14927,1058,304
14928,1061,305
14929,1066,306
14930,1069,307
14931,1073,309
14932,1076,309
14933,1079,311
14934,1082,312
14935,1085,313
14936,1088,314
14937,1091,315
14938,1094,316
14939,1098,317
14940,1100,319
14941,1103,320
14942,1105,321
14943,1108,321
14944,1110,322
14945,1113,323
14946,1115,324
14947,1118,325
14948,1120,326
14949,1123,327
14950,1125,327
14951,1126,328
14952,1129,329
14953,1131,329
14954,1134,330
14955,1135,332
14956,1138,332
14957,1139,332
14958,1141,332
14959,1142,332
14960,1145,332
14961,1146,333
14962,1148,334
14963,1149,334
14964,1152,335
14965,1153,336
14966,1156,337
14967,1157,338
14968,1159,339
14969,1160,340
14970,1162,340
14971,1163,341
14972,1165,341
14973,1166,341
14974,1168,342
14975,1169,343
14976,1171,343
14977,1172,344
14978,1174,344
14979,1175,345
14980,1177,345
14981,1178,346
14982,1181,347
14983,1183,347
14984,1186,347
14985,1188,348
14986,1192,348
14987,1194,349
14988,1197,350
14989,1199,350
14990,1201,350
14991,1203,351
14992,1206,351
14993,1208,352
14994,1210,352
14995,1212,353
14996,1215,353
14997,1216,353
14998,1219,354
14999,1220,354
15000,1223,354
15001,1225,355
15002,1226,355
15003,1227,355
15004,1226,355
15005,1226,354
15006,1226,354
15007,1224,354
15008,1226,355
15009,1226,355
15010,1226,355
15011,1227,355
15012,1227,355
15013,1227,356
15014,1228,356
15015,1228,356
15016,1228,356
15018,1225,356
15019,1225,356
15020,1226,356
15021,1227,355
15022,1225,356
15023,1226,357
15024,1225,357
15025,1226,360
15026,1226,361
15027,1226,363
15028,1226,364
15029,1228,360
15030,1229,359
15031,1231,357
15032,1233,356
15033,1234,354
15034,1235,354
15035,1237,353
15036,1238,351
15037,1238,351
15038,1237,351
15039,1235,351
15040,1235,350
15041,1234,350
15042,1233,350
15043,1232,350
15044,1232,349
15045,1231,350
15046,1231,349
15047,1230,350
15048,1230,349
15049,1230,349
15050,1229,349
15051,1229,348
15052,1228,348
15053,1228,348
15054,1227,348
15055,1227,348
15056,1226,348
15057,1226,347
15058,1226,347
15059,1225,347
15060,1226,347
15061,1225,347
15062,1225,347
15063,1224,347
15064,1225,346
15065,1224,346
15066,1224,346
15067,1223,346
15068,1223,346
15069,1222,346
15070,1223,346
15071,1222,346
15072,1222,346
15073,1221,346
15074,1222,345
15075,1221,345
15076,1222,345
15077,1221,345
15078,1221,345
15079,1220,345
15080,1221,345
15081,1220,345
15082,1220,345
15083,1221,344
15084,1220,345
15085,1220,345
15086,1220,345
15087,1220,345
15088,1218,345
15089,1219,344
15090,1218,345
15091,1219,346
15092,1219,347
15093,1220,348
15094,1220,350
15095,1219,351
15096,1218,353
15097,1222,353
15098,1221,355
15099,1220,356
15100,1221,356
15101,1221,357
15102,1222,357
15103,1221,358
15104,1222,359
15105,1221,360
15106,1222,360
15107,1221,361
15108,1222,362
15109,1221,362
15110,1222,363
15111,1222,363
15112,1222,364
15113,1221,364
15114,1222,365
15115,1222,365
15116,1221,366
15117,1222,366
15118,1221,367
15119,1222,367
15120,1222,368
15121,1222,368
15122,1222,368
15123,1222,369
15124,1222,369
15125,1222,370
15126,1222,370
15127,1221,371
15128,1215,371
15129,1205,370
15130,1194,371
15131,1183,371
15132,1172,372
15133,1162,372
15134,1152,372
15135,1142,372
15136,1132,373
15137,1122,373
15138,1113,373
15139,1104,374
15140,1093,374
15141,1085,374
15142,1075,374
15143,1066,374
15144,1057,374
15145,1048,375
15146,1042,377
15147,1038,377
15148,1034,377
15149,1028,377
15150,1024,377
15151,1019,378
15152,1015,378
15153,1011,378
15154,1006,378
15155,1003,378
15156,999,378
15157,994,378
15158,992,378
15159,987,379
15160,985,378
15161,981,378
15162,977,378
15163,975,379
15164,971,379
15165,968,379
15166,965,379
15167,961,379
15168,959,379
15169,956,379
15170,953,380
15171,951,379
15172,948,379
15173,944,379
15174,943,379
15175,941,379
15176,941,379
15177,941,378
15178,943,378
15179,941,376
15180,942,374
15181,943,373
15182,944,371
15183,941,372
15184,941,371
15185,940,371
15186,942,369
15187,942,369
15188,942,369
15189,943,368
15190,943,368
15191,943,367
15192,942,367
15193,943,366
15194,942,366
15195,943,365
15196,943,365
15197,944,364
15198,943,364
15199,945,363
15200,944,363
15201,945,362
15202,945,362
15203,946,362
15204,946,361
15205,945,361
15206,948,360
15207,947,360
15208,946,360
15209,947,360
15210,947,360
15211,949,359
15212,948,359
15213,949,359
15214,940,355
15215,930,351
15216,917,347
15217,905,343
15218,894,340
15219,883,337
15220,874,333
15221,864,330
15222,855,327
15223,846,324
15224,838,321
15225,830,318
15226,822,315
15227,814,312
15228,807,311
15229,799,308
15230,792,306
15231,785,304
15232,779,301
15233,771,299
15234,765,297
15235,758,295
15236,753,293
15237,746,291
15238,743,289
15239,742,287
15240,741,285
15241,741,283
15242,741,282
15243,739,281
15244,739,279
15245,739,277
15246,739,275
15247,739,274
15248,739,272
15249,739,271
15250,739,270
15251,740,268
15252,741,266
15253,741,264
15254,742,262
15255,743,260
15256,743,259
15257,745,257
15258,745,256
15259,746,254
15260,748,253
15261,748,251
15262,750,249
15263,751,248
15264,752,246
15265,752,245
15266,755,243
15267,756,242
15268,758,240
15269,758,239
15270,760,237
15271,761,236
15272,763,234
15273,764,233
15274,766,231
15275,767,231
15276,769,229
15277,771,228
15278,772,227
15279,774,225
15280,775,225
15281,777,223
15282,778,222
15283,781,221
15284,782,219
15285,785,218
15286,786,217
15287,788,216
15288,797,217
15289,808,220
15290,820,223
15291,830,226
15292,840,229
15293,848,232
15294,855,235
15295,863,238
15296,869,241
15297,874,243
15298,881,246
15299,886,250
15300,890,253
15301,895,255
15302,898,259
15303,901,262
15304,905,265
15305,908,268
15306,910,272
15307,913,275
15308,914,279
15309,917,282
15310,918,287
15311,921,290
15312,921,295
15313,923,298
15314,923,302
15315,925,306
15316,926,308
15317,927,309
15318,926,311
15319,927,312
15320,927,314
15321,928,315
15322,929,318
15323,928,320
15324,928,322
15325,928,323
15326,927,325
15327,927,327
15328,927,330
15329,928,332
15330,929,334
15331,930,337
15332,930,339
15333,931,341
15334,931,343
15335,932,346
15336,929,349
15337,927,351
15338,927,352
15339,927,353
15340,927,355
15341,926,358
15342,926,361
15343,926,363
15344,927,366
15345,927,368
15346,927,367
15347,925,369
15348,925,367
15349,924,367
15350,923,366
15351,924,365
15352,924,364
15353,925,363
15354,926,363
15355,927,363
15356,927,363
15357,929,363
15358,929,363
15359,931,362
15360,931,362
15361,933,362
15362,933,362
15363,935,361
15364,935,361
15365,937,361
15366,938,361
15367,939,361
15368,940,361
15369,942,360
15370,943,360
15371,944,360
15372,945,360
15373,947,360
15374,949,360
15375,950,362
15376,951,364
15377,951,368
15378,951,370
15379,951,374
15380,951,377
15381,951,380
15382,951,383
15383,951,386
15384,951,389
15385,951,393
15386,950,396
15387,951,399
15388,951,403
15389,950,406
15390,951,410
15391,950,413
15392,951,416
15393,950,421
15394,951,423
15395,950,425
15396,950,427
15397,949,429
15398,950,430
15399,950,433
15400,950,435
15401,949,438
15402,950,440
15403,950,443
15404,950,446
15405,950,448
15406,951,449
15407,950,451
15408,950,452
15409,950,454
15410,951,456
15411,950,458
15412,951,460
15413,950,463
15414,950,464
15415,951,466
15416,950,468
15417,951,469
15418,950,471
15419,951,473
15420,950,475
15421,951,476
15422,950,478
15423,951,479
15424,951,481
15425,950,482
15426,951,484
15427,951,486
15428,950,487
15429,951,488
15430,951,489
15431,951,491
15432,951,492
15433,952,493
15434,951,495
15435,952,496
15436,951,497
15437,952,498
15438,951,500
15439,952,501
15440,951,502
15441,952,503
15442,952,504
15443,952,505
15444,951,507
15445,952,508
15446,952,508
15447,952,509
15448,952,510
15449,952,511
15450,951,511
15451,942,504
15452,932,495
15453,922,487
15454,913,479
15455,905,472
15456,898,466
15457,892,459
15458,886,453
15459,881,447
15460,876,441
15461,871,435
15462,867,430
15463,864,425
15464,860,420
15465,858,415
15466,855,411
15467,853,406
15468,850,401
15469,848,397
15470,846,392
15471,845,388
15472,842,385
15473,842,381
15474,840,377
15475,839,373
15476,838,369
15477,837,365
15478,837,361
15479,835,358
15480,835,354
15481,834,351
15482,834,347
15483,834,344
15484,833,340
15485,832,338
15486,833,334
15487,832,331
15488,832,328
15489,832,325
15490,831,323
15491,832,319
15492,831,316
15493,831,314
15494,831,311
15495,831,308
15496,831,305
15497,831,304
15498,831,300
15499,831,298
15500,831,295
15501,832,293
15502,832,291
15503,832,288
15504,832,286
15505,832,284
15506,833,281
15507,832,280
15508,833,278
15509,832,276
15510,833,273
15511,833,271
15512,833,270
15513,833,268
15514,834,266
15515,834,265
15516,834,263
15517,835,261
15518,835,260
15519,835,258
15520,835,256
15521,835,255
15522,835,254
15523,835,253
15524,835,251
15525,836,250
15526,836,248
15527,836,248
15528,836,247
15529,837,245
15530,837,244
15531,837,243
15532,838,242
15533,837,242
15534,838,241
15535,838,240
15536,839,239
15537,839,237
15538,839,235
15539,841,232
15540,842,229
15541,843,227
15542,843,225
15543,844,223
15544,846,221
15545,846,219
15546,847,217
15547,846,216
15548,848,214
15549,849,212
15550,849,211
15551,849,210
15552,849,210
15553,850,208
15554,851,207
15555,852,205
15556,853,202
15557,854,201
15558,854,200
15559,856,198
15560,856,196
15561,857,195
15562,858,193
15563,858,192
15564,859,191
15565,860,190
15566,861,189
15567,861,188
15568,863,186
15569,864,184
15570,866,181
15571,866,179
15572,868,177
15573,868,176
15574,870,174
15575,871,172
15576,872,170
15577,873,169
15578,872,168
15579,872,169
15580,872,169
15581,872,170
15582,872,171
15583,873,171
15584,875,171
15585,875,171
15586,877,171
15587,877,171
15588,879,171
15589,880,171
15590,881,171
15591,883,172
15592,885,172
15593,885,173
15594,887,173
15595,888,173
15596,890,173
15597,892,172
15598,893,173
15599,895,173
15600,897,173
15601,899,173
15602,901,173
15603,902,173
15604,904,173
15605,904,174
15606,907,174
15607,909,173
15608,910,174
15609,913,173
15610,915,173
15611,916,174
15612,918,175
15613,919,175
15614,922,174
15615,923,175
15616,926,175
15617,927,175
15618,929,174
15619,931,175
15620,933,174
15621,934,175
15622,937,174
15623,938,175
15624,940,175
15625,942,175
15626,945,175
15627,946,175
15628,948,175
15629,950,175
15630,951,175
15631,954,175
15632,955,175
15633,957,175
15634,959,175
15635,961,175
15636,962,175
15637,965,175
15638,966,175
15639,968,175
15640,970,176
15641,972,175
15642,973,176
15643,975,175
15644,976,176
15645,976,176
15646,973,176
15647,970,176
15648,967,177
15649,965,177
15650,964,178
15651,963,179
15652,961,180
15653,959,182
15654,959,184
15655,958,185
15656,957,186
15657,957,187
15658,957,189
15659,956,192
15660,957,193
15661,959,193
15662,959,194
15663,960,194
15664,961,195
15665,962,196
15666,964,197
15667,965,199
15668,966,200
15669,968,201
15670,969,202
15671,971,203
15672,973,203
15673,975,204
15674,978,205
15675,978,207
15676,981,207
15677,983,207
15678,985,208
15679,988,208
15680,989,209
15681,992,209
15682,993,210
15683,995,211
15684,997,211
15685,1000,212
15686,1001,215
15687,1003,215
15688,1005,215
15689,1007,215
15690,1009,216
15691,1011,216
15692,1013,217
15693,1015,218
15694,1017,219
15695,1019,219
15696,1021,220
15697,1023,221
15698,1025,221
15699,1026,223
15700,1028,223
15701,1029,224
15702,1031,224
15703,1032,225
15704,1034,226
15705,1035,227
15706,1037,227
15707,1038,227
15708,1040,228
15709,1041,228
15710,1043,228
15711,1044,228
15712,1046,229
15713,1048,229
15714,1049,229
15715,1049,230
15716,1051,230
15717,1053,230
15718,1053,231
15719,1056,231
15720,1056,231
15721,1058,232
15722,1058,232
15723,1060,232
15724,1061,233
15725,1062,233
15726,1063,234
15727,1064,234
15728,1065,234
15729,1066,234
15730,1067,234
15731,1069,234
15732,1069,235
15733,1070,235
15734,1070,236
15735,1071,236
15736,1072,236
15737,1073,236
15738,1074,236
15739,1075,236
15740,1076,237
15741,1077,237
15742,1076,238
15743,1078,238
15744,1079,238
15745,1079,239
15746,1080,239
15747,1080,240
15748,1081,239
15749,1082,240
15750,1083,239
15751,1083,240
15752,1084,240
15753,1084,240
15754,1086,241
15755,1084,241
15756,1080,242
15757,1076,243
15758,1072,244
15759,1070,245
15760,1066,247
15761,1064,248
15762,1061,249
15763,1059,251
15764,1057,252
15765,1055,254
15766,1053,256
15767,1052,257
15768,1050,259
15769,1049,261
15770,1048,262
15771,1048,263
15772,1047,264
15773,1047,265
15774,1047,266
15775,1046,267
15776,1047,268
15777,1046,271
15778,1047,271
15779,1047,272
15780,1047,273
15781,1048,273
15782,1048,274
15783,1049,275
15784,1049,276
15785,1050,277
15786,1050,279
15787,1051,279
15788,1052,280
15789,1053,280
15790,1053,281
15791,1055,282
15792,1055,283
15793,1056,284
15794,1057,284
15795,1059,285
15796,1059,286
15797,1060,286
15798,1061,287
15799,1061,289
15800,1063,289
15801,1063,290
15802,1065,291
15803,1065,291
15804,1066,291
15805,1068,292
15806,1069,292
15807,1069,294
15808,1071,295
15809,1071,296
15810,1072,296
15811,1073,296
15812,1074,296
15813,1074,297
15814,1075,297
15815,1072,298
15816,1070,299
15817,1069,299
15818,1067,299
15819,1064,300
15820,1064,300
15821,1061,300
15822,1060,300
15823,1059,300
15824,1058,301
15825,1055,302
15826,1054,302
15827,1052,303
15828,1051,303
15829,1050,303
15830,1049,304
15831,1048,304
15832,1046,305
15833,1046,305
15834,1044,305
15835,1043,305
15836,1042,305
15837,1040,306
15838,1039,306
15839,1038,306
15840,1037,306
15841,1036,307
15842,1034,307
15843,1034,307
15844,1032,307
15845,1032,307
15846,1031,308
15847,1027,309
15848,1022,310
15849,1016,312
15850,1010,314
15851,1006,315
15852,1001,316
15853,996,317
15854,992,319
15855,987,320
15856,983,322
15857,978,323
15858,975,324
15859,970,325
15860,967,327
15861,963,328
15862,960,328
15863,956,329
15864,952,331
15865,949,332
15866,946,332
15867,942,334
15868,939,335
15869,936,335
15870,933,336
15871,930,337
15872,927,338
15873,925,339
15874,921,340
15875,919,341
15876,917,342
15877,913,343
15878,911,343
15879,908,344
15880,907,344
15881,904,346
15882,902,346
15883,898,347
15884,897,348
15885,894,349
15886,893,349
15887,890,350
15888,888,350
15889,885,351
15890,884,351
15891,882,352
15892,880,352
15893,878,353
15894,877,353
15895,874,354
15896,873,355
15897,870,356
15898,869,356
15899,867,356
15900,866,357
15901,864,357
15902,862,358
15903,861,358
15904,859,359
15905,858,359
15906,856,360
15907,856,360
15908,854,361
15909,853,361
15910,851,361
15911,851,362
15912,848,362
15913,849,362
15914,852,362
15915,855,363
15916,858,364
15917,859,365
15918,863,366
15919,867,367
15920,869,369
15921,871,370
15922,874,372
15923,877,373
15924,879,375
15925,879,374
15926,882,375
15927,884,377
15928,886,378
15929,887,380
15930,890,381
15931,891,383
15932,894,384
15933,895,386
15934,898,388
15935,899,390
15936,901,391
15937,902,393
15938,904,395
15939,906,397
15940,907,400
15941,909,403
15942,911,405
15943,913,408
15944,915,410
15945,917,412
15946,918,415
15947,920,418
15948,920,421
15949,923,424
15950,924,427
15951,927,431
15952,926,430
15953,923,426
15954,921,424
15955,915,420
15956,913,418
15957,909,416
15958,908,413
15959,905,411
15960,903,410
15961,900,408
15962,899,406
15963,896,405
15964,894,404
15965,892,402
15966,890,401
15967,887,401
15968,884,401
15969,882,400
15970,883,399
15971,882,399
15972,879,399
15973,877,399
15974,875,399
15975,875,399
15976,873,399
15977,871,401
15978,869,402
15979,869,402
15980,867,402
15981,864,403
15982,864,404
15983,866,407
15984,869,411
15985,870,415
15986,873,419
15987,875,424
15988,878,427
15989,879,431
15990,882,436
15991,884,441
15992,886,445
15993,887,450
15994,890,455
15995,891,460
15996,893,465
15997,894,466
15998,894,464
15999,895,461
16000,895,458
16001,896,456
16002,896,454
16003,897,451
16004,897,449
16005,899,447
16006,899,446
16007,900,444
16008,900,442
16009,901,440
16010,901,439
16011,902,438
16012,901,438
16013,876,446
16014,861,451
16015,846,456
16016,830,460
16017,815,465
16018,799,470
16019,784,474
16020,768,479
16021,753,484
16026,908,444
16027,908,444
16028,903,447
16029,902,448
16030,900,449
16031,898,450
16032,869,440
16033,866,440
16034,865,442
16035,865,445
16036,864,447
16037,863,449
16038,858,452
16039,856,454
16040,854,456
16041,853,458
16042,851,460
16043,849,462
16044,847,463
16045,845,465
16046,855,463
16047,859,464
16048,862,465
16049,864,466
16050,867,466
16051,868,467
16052,871,467
16053,872,467
16054,874,468
16055,875,468
16056,875,470
16057,874,471
16058,874,471
16059,873,472
16060,873,473
16061,872,474
16062,871,475
16063,872,475
16064,871,476
16065,871,477
16066,870,478
16067,871,478
16068,873,478
16069,875,478
16070,877,477
16071,879,477
16072,880,477
16073,883,477
16074,884,477
16075,884,477
16076,886,477
16077,887,477
16078,888,477
16079,889,477
16080,890,476
16081,890,476
16082,892,476
16083,895,477
16084,898,477
16085,900,477
16086,903,477
16087,904,478
16088,908,478
16089,909,479
16090,912,479
16091,914,480
16092,917,481
16093,919,482
16094,921,483
16095,923,484
16096,925,486
16097,928,487
16098,930,489
16099,931,491
16100,934,492
16101,936,494
16102,938,496
16103,940,498
16104,941,500
16105,942,502
16106,943,504
16107,944,506
16108,950,504
16109,952,505
16110,955,506
16111,957,507
16112,960,508
16113,962,509
16114,965,510
16115,967,511
16116,970,512
16120,965,508
16121,968,509
16122,967,509
16123,967,510
16124,969,511
16125,968,512
16126,968,512
16127,966,513
16128,972,511
16129,972,510
16130,972,510
16131,974,510
16132,975,509
16133,976,510
16134,977,511
16135,977,511
16136,979,511
16137,980,512
16138,982,513
16139,983,514
16140,983,514
16141,984,513
16142,982,512
16143,970,508
16144,959,504
16145,957,502
16146,957,501
16147,959,500
16148,963,499
16149,966,498
16150,966,498
16151,967,497
16152,969,497
16153,970,496
16154,972,493
16155,971,491
16156,973,490
16157,974,489
16158,976,488
16159,977,487
16160,977,487
16161,979,486
16162,979,486
16163,981,486
16164,981,486
16165,982,486
16166,983,487
16167,984,487
16168,984,488
16169,985,488
16170,985,489
16171,986,488
16172,988,487
16173,987,486
16174,988,485
16175,988,484
16176,989,483
16177,989,483
16178,991,482
16179,991,482
16180,992,482
16181,992,482
16182,993,481
16183,993,482
16184,994,482
16185,1000,485
16186,1009,487
16187,1016,490
16188,1023,492
16189,1035,497
16190,1043,500
16191,1052,503
16192,1059,506
16193,1066,508
16194,1074,510
16195,1080,511
16196,1087,513
16197,1093,515
16198,1101,516
16199,1107,519
16200,1114,521
16201,1120,523
16202,1127,526
16203,1133,528
16204,1139,529
16205,1145,530
16206,1151,532
16207,1157,532
16208,1162,533
16209,1167,534
16210,1173,534
16211,1178,534
16212,1183,535
16213,1189,535
16214,1194,536
16215,1198,536
16216,1204,536
16217,1208,537
16218,1212,538
16219,1218,538
16220,1223,538
16221,1226,538
16222,1231,538
16223,1233,538
16224,1234,539
16225,1234,539
16226,1233,539
16227,1231,539
16228,1231,539
16229,1230,539
16230,1230,539
16231,1228,539
16232,1228,539
16233,1226,539
16234,1226,539
16235,1224,539
16236,1224,539
16237,1223,539
16238,1223,539
16239,1221,539
16240,1220,539
16241,1218,539
16242,1217,539
16243,1214,539
16244,1210,540
16245,1208,540
16246,1206,540
16247,1202,540
16248,1200,540
16249,1199,540
16250,1196,540
16251,1194,540
16252,1191,540
16253,1190,540
16254,1186,540
16255,1185,540
16256,1182,540
16257,1181,540
16258,1178,540
16259,1176,540
16260,1174,540
16261,1172,540
16262,1169,540
16263,1168,540
16264,1165,540
16265,1163,540
16266,1160,540
16267,1159,540
16268,1156,540
16269,1154,540
16270,1151,540
16271,1150,540
16272,1147,540
16273,1146,540
16274,1143,540
16275,1141,540
16276,1138,540
16277,1137,540
16278,1134,540
16279,1133,540
16280,1130,540
16281,1129,540
16282,1126,540
16283,1125,540
16284,1123,540
16285,1121,540
16286,1119,540
16287,1117,540
16288,1115,540
16289,1114,539
16290,1112,539
16291,1109,539
16292,1107,539
16293,1104,539
16294,1106,542
16295,1113,546
16296,1121,554
16297,1129,561
16298,1136,567
16299,1144,572
16300,1150,578
16301,1155,583
16302,1162,588
16303,1167,592
16304,1172,597
16305,1176,601
16306,1181,605
16307,1185,609
16308,1188,612
16309,1192,615
16310,1195,619
16311,1198,622
16312,1202,624
16313,1204,627
16314,1206,630
16315,1209,632
16316,1211,635
16317,1214,637
16318,1215,639
16319,1216,641
16320,1219,643
16321,1220,645
16322,1222,647
16323,1223,649
16324,1222,649
16325,1224,650
16326,1224,652
16327,1226,654
16328,1226,655
16329,1228,657
16330,1228,658
16331,1229,658
16332,1228,659
16333,1229,660
16334,1229,661
16335,1230,662
16336,1230,664
16337,1231,666
16338,1231,668
16339,1230,669
16340,1231,670
16341,1230,670
16342,1239,676
16343,1252,683
16344,1264,692
16345,1275,699
16346,1287,705
16347,1297,712
16348,1309,719
16349,1320,726
16350,1332,733
16351,1343,740
16352,1355,747
16353,1366,754
16354,1378,760
16355,1389,767
16356,1401,774
16357,1413,781
16358,1423,788
16359,1435,796
16360,1446,804
16361,1458,810
16362,1468,816
16363,1481,823
16364,1491,830
16365,1503,836
16366,1514,842
16367,1526,848
16368,1537,854
16369,1549,860
16370,1550,831
16371,1556,827
16372,1563,822
16373,1571,817
16374,1577,813
16375,1586,809
16376,1591,805
16377,1600,800
16378,1607,796
16379,1615,791
16380,1623,787
16381,1630,782
16382,1638,777
16383,1646,773
16384,1654,768
16385,1661,764
16417,1853,771
16418,1859,774
16419,1862,776
16420,1868,779
16421,1873,781
16422,1878,785
16423,1883,788
16424,1889,788
16425,1894,786
16426,1900,783
16427,1907,781
16428,1913,779
16429,1914,777
16430,1917,774
16431,1921,772
16432,1924,770
16433,1928,767
16434,1931,765
16435,1935,763
16436,1939,761
16437,1942,758
16442,1068,380
16443,1068,380
16444,1068,380
16445,1068,380
16446,1068,380
16447,1068,380
16448,1068,380
16449,1068,380
16450,1068,380
16495,1227,43
16496,1227,43
16497,1227,43
16498,1227,43
16499,1227,43
16500,1227,43
16501,1227,43
16502,1227,43
16503,1227,43
16505,1250,900
16506,1250,900
16507,1250,900
16508,1250,898
16509,1250,898
16510,1250,898
16511,1250,898
16512,1250,898
16513,1251,898
16514,1251,898
16515,1251,898
16516,1251,898
16517,1251,898
16518,1251,898
16519,1251,898
16520,1251,898
16524,1249,895
16525,1249,895
16526,1249,895
16527,1249,895
16528,1249,895
16529,1249,895
16530,1249,895
16531,1249,895
16532,1249,895
16534,1249,895
16535,1249,895
16536,1249,895
16537,1249,895
16538,1249,895
16539,1249,895
16540,1249,895
16541,1249,895
16542,1249,895
16544,1249,895
16545,1249,895
16546,1249,895
16547,1249,895
16548,1249,895
16549,1249,895
16550,1249,895
16551,1249,895
16552,1249,895
16554,1249,895
16555,1249,895
16556,1249,895
16557,1249,895
16558,1249,895
16559,1249,895
16560,1249,895
16561,1249,895
16562,1249,895
16564,1249,895
16565,1249,895
16566,1249,895
16567,1249,895
16568,1249,895
16569,1249,895
16570,1249,895
16571,1249,895
16572,1249,895
16574,1249,895
16575,1249,895
16576,1249,895
16577,1249,895
16578,1249,895
16579,1249,895
16580,1249,895
16581,1249,895
16582,1249,895
16716,1813,445
16717,1813,445
16718,1813,445
16719,1813,445
16720,1813,445
16721,1813,445
16722,1813,445
16723,1813,445
16724,1813,445
16770,1802,442
16771,1802,442
16772,1802,442
16773,1802,442
16774,1802,442
16775,1802,442
16776,1802,442
16777,1802,442
16778,1802,442
16792,1796,442
16793,1796,442
16794,1796,442
16795,1796,442
16796,1796,442
16797,1796,442
16798,1796,442
16799,1796,442
16800,1796,442
16805,1795,441
16806,1795,441
16807,1795,441
16808,1795,441
16809,1795,441
16810,1795,441
16811,1795,441
16812,1795,441
16813,1795,441
16832,105,479
16833,105,479
16834,105,479
16835,105,479
16836,105,479
16837,105,479
16838,105,479
16839,105,479
16840,105,479
16842,1089,208
16843,1089,208
16844,1089,208
16845,1089,208
16846,1089,208
16847,1089,208
16848,1089,208
16849,1089,208
16850,1089,208
16858,1084,207
16859,1084,207
16860,1084,207
16861,1084,207
16862,1084,207
16863,1084,207
16864,1084,207
16865,1084,207
16866,1084,207
16868,364,120
16869,366,120
16870,367,120
16871,363,120
16872,364,120
16873,363,120
16874,361,120
16875,362,120
16876,362,120
16877,361,120
16878,360,120
16879,362,120
16880,361,120
16881,360,120
16882,362,120
16883,361,120
16884,360,120
16885,362,120
16886,361,120
16887,360,120
16888,362,120
16889,361,120
16890,360,120
16891,362,120
16892,361,120
16893,360,120
16894,359,120
16895,359,120
16896,358,120
16897,358,120
16898,357,120
16899,356,119
16900,356,119
16902,961,501
16903,959,502
16904,962,502
16905,961,502
16906,960,502
16907,961,502
16908,960,502
16909,961,501
16910,960,502
16911,962,501
16912,960,502
16913,962,501
16914,960,502
16915,961,501
16916,960,502
16917,961,501
16918,960,502
16919,961,501
16920,960,502
16921,961,501
16922,960,502
16923,961,501
16924,960,502
16925,961,501
16926,960,502
16927,961,501
16928,960,502
16929,961,501
16930,960,502
16931,961,501
16932,960,502
16933,961,501
16934,960,502
16935,961,501
16936,960,502
16937,961,501
16938,960,502
16939,961,501
16940,960,502
16941,961,501
16942,960,502
16943,961,501
16944,960,502
16945,961,501
16946,960,502
16947,961,501
16948,960,502
16949,962,501
16950,960,502
16951,961,501
16952,960,502
16953,961,502
16954,960,502
16955,961,502
16956,960,502
16957,961,502
16958,960,502
16959,961,501
16960,960,502
16961,961,501
16962,960,502
16963,961,501
16964,960,502
16965,961,501
16966,960,502
16967,961,502
16968,960,502
16969,961,501
16970,960,502
16971,961,502
16972,960,502
16973,961,502
16974,960,502
16975,961,502
16976,960,502
16977,961,502
16978,960,502
16979,961,502
16980,960,502
16981,961,502
16982,960,502
16983,961,502
16984,960,502
16985,961,502
16986,960,502
16987,962,502
16988,961,502
16989,962,502
16990,960,502
16991,961,502
16992,960,502
16993,961,502
16994,960,502
16995,961,502
16996,960,502
16997,961,502
16998,960,502
16999,961,502
17000,960,502
17001,961,502
17002,960,502
17003,961,502
17004,960,502
17005,961,502
17006,960,502
17007,961,502
17008,960,502
17009,961,502
17010,960,502
17011,961,502
17012,960,502
17013,961,502
17014,957,502
17015,945,502
17016,932,502
17017,920,502
17018,911,502
17019,903,501
17020,895,501
17021,889,501
17022,881,501
17023,876,501
17024,871,501
17025,865,501
17026,862,501
17027,858,501
17028,854,501
17029,852,501
17030,848,501
17031,847,501
17032,844,501
17033,843,501
17034,841,501
17035,841,501
17036,839,501
17037,839,501
17038,840,500
17039,839,499
17040,840,498
17041,840,497
17042,841,496
17043,841,496
17044,842,495
17045,842,495
17046,843,495
17047,843,495
17048,843,495
17049,843,495
17050,845,496
17051,844,496
17052,845,497
17053,845,498
17054,846,499
17055,846,500
17056,847,500
17057,847,501
17058,850,501
17059,856,501
17060,866,501
17061,877,502
17062,886,502
17063,894,504
17064,901,505
17065,907,505
17066,913,506
17067,919,507
17068,924,508
17069,929,509
17070,934,510
17071,937,511
17072,940,513
17073,944,514
17074,946,516
17075,948,518
17076,951,517
17077,951,517
17078,952,517
17079,953,516
17080,953,517
17081,953,516
17082,953,517
17083,953,517
17084,953,518
17085,953,518
17086,953,519
17087,952,520
17088,953,520
17089,951,520
17090,951,520
17091,948,519
17092,945,519
17093,941,519
17094,936,520
17095,934,520
17096,930,520
17097,928,521
17098,925,521
17099,923,522
17100,920,522
17101,918,523
17102,915,525
17103,914,525
17104,911,527
17105,910,528
17106,907,529
17107,906,528
17108,904,528
17109,904,527
17110,900,528
17111,892,531
17112,883,535
17113,876,538
17114,870,540
17115,865,543
17116,859,545
17117,855,547
17118,852,548
17119,847,550
17120,844,552
17121,841,553
17122,837,555
17123,836,556
17124,834,557
17125,832,558
17126,830,559
17127,827,560
17128,826,561
17129,824,562
17130,823,563
17131,821,564
17132,821,565
17133,820,565
17134,820,566
17135,818,567
17136,819,567
17137,818,568
17138,818,569
17139,817,569
17140,818,569
17141,817,570
17142,818,571
17143,817,571
17144,818,571
17145,818,572
17146,817,572
17147,818,572
17148,818,573
17149,819,573
17150,820,573
17151,834,569
17152,851,564
17153,868,560
17154,885,555
17155,898,551
17156,910,547
17157,921,544
17158,931,541
17159,940,538
17160,949,535
17161,957,533
17162,963,531
17163,971,528
17164,977,526
17165,981,525
17166,986,523
17167,989,521
17168,994,519
17169,997,518
17170,1000,517
17171,1002,516
17172,1005,514
17173,1007,514
17174,1009,513
17175,1012,512
17176,1013,511
17177,1013,511
17178,1015,510
17179,1016,510
17180,1016,509
17181,1018,508
17182,1018,508
17183,1019,508
17184,1018,507
17185,1019,507
17186,1018,506
17187,1015,508
17188,1012,511
17189,1007,513
17190,1003,515
17191,999,517
17192,994,520
17193,990,522
17194,985,524
17195,982,525
17196,978,527
17197,975,528
17198,971,529
17199,969,530
17200,965,531
17201,963,531
17202,959,533
17203,957,533
17204,953,534
17205,951,535
17206,948,535
17207,946,535
17208,943,536
17209,941,536
17210,938,537
17211,937,537
17212,934,537
17213,933,538
17214,930,538
17215,928,538
17216,926,538
17217,924,539
17218,924,541
17219,925,546
17220,926,551
17221,928,556
17222,930,560
17223,930,565
17224,933,569
17225,934,574
17226,936,577
17227,936,582
17228,938,585
17229,938,590
17230,940,593
17231,940,597
17232,941,601
17233,941,605
17234,942,608
17235,942,612
17236,943,616
17237,943,619
17238,943,620
17239,943,621
17240,943,621
17241,942,622
17242,942,623
17243,943,624
17244,942,626
17245,943,628
17246,942,630
17247,942,632
17248,942,634
17249,942,636
17250,941,639
17251,942,641
17252,941,644
17253,942,647
17254,941,650
17255,941,649
17256,940,649
17257,940,649
17258,939,649
17259,939,649
17260,938,650
17261,938,650
17262,939,651
17263,938,653
17264,938,654
17265,937,656
17266,937,657
17267,936,660
17268,937,662
17269,936,664
17270,936,665
17271,935,666
17272,935,665
17273,934,665
17274,934,665
17275,933,666
17276,933,667
17277,934,668
17278,933,669
17279,933,671
17280,932,672
17281,932,672
17282,930,672
17283,918,670
17284,900,669
17285,883,669
17286,868,669
17287,854,669
17288,841,669
17289,831,669
17290,821,669
17291,812,669
17292,803,669
17293,796,670
17294,789,670
17295,782,671
17296,777,671
17297,772,672
17298,765,673
17299,761,674
17300,758,674
17301,755,675
17302,752,675
17303,749,676
17304,745,676
17305,744,677
17306,742,677
17307,739,679
17308,738,681
17309,736,685
17310,735,688
17311,733,693
17312,732,697
17313,732,701
17314,729,705
17315,729,709
17316,729,713
17317,729,716
17318,727,720
17319,728,724
17320,728,728
17321,726,733
17322,726,738
17323,727,738
17324,726,742
17325,726,746
17326,725,750
17327,726,754
17328,726,758
17329,727,762
17330,726,766
17331,727,770
17332,727,774
17333,728,778
17334,727,782
17335,729,786
17336,728,790
17337,729,794
17338,729,798
17339,730,802
17340,730,806
17341,732,809
17342,731,813
17343,733,817
17344,732,820
17345,736,823
17346,748,823
17347,764,822
17348,776,821
17349,787,820
17350,797,819
17351,806,819
17352,814,819
17353,821,819
17354,828,819
17355,833,819
17356,838,818
17357,842,818
17358,847,817
17359,850,817
17360,852,818
17361,856,817
17362,857,817
17363,858,816
17364,860,816
17365,860,816
17366,862,816
17367,861,816
17368,863,816
17369,862,816
17370,862,816
17371,860,814
17372,857,810
17373,856,806
17374,853,803
17375,851,799
17376,850,797
17377,849,793
17378,845,791
17379,844,787
17380,842,785
17381,840,782
17382,840,779
17383,837,777
17384,836,775
17385,836,772
17386,833,769
17387,831,767
17388,831,765
17389,829,763
17390,828,761
17391,828,758
17392,826,757
17393,826,755
17394,823,753
17395,823,751
17396,823,749
17397,820,747
17398,820,748
17399,817,749
17400,816,751
17401,813,752
17402,812,753
17403,811,753
17404,808,754
17405,808,755
17406,807,756
17407,804,757
17408,803,758
17409,801,759
17410,801,759
17411,799,760
17412,799,761
17413,797,761
17414,798,762
17415,796,763
17416,796,763
17417,796,764
17418,796,764
17419,793,765
17420,793,765
17421,791,766
17422,791,766
17423,790,767
17424,791,768
17425,790,768
17426,790,769
17427,791,769
17428,789,770
17429,790,770
17430,789,771
17431,790,771
17432,789,772
17433,789,773
17434,788,773
17435,788,774
17436,789,774
17437,789,774
17438,789,775
17439,788,775
17440,788,775
17441,788,775
17442,793,774
17443,807,767
17444,825,760
17445,842,753
17446,855,746
17447,867,740
17448,878,734
17449,889,728
17450,899,722
17451,908,715
17452,916,710
17453,925,704
17454,932,699
17455,938,693
17456,946,687
17457,953,681
17458,960,676
17459,962,672
17460,966,667
17461,971,662
17462,975,658
17463,980,653
17464,982,649
17465,986,645
17466,989,641
17467,992,636
17468,994,633
17469,998,628
17470,999,625
17471,1003,621
17472,1004,618
17473,1007,614
17474,1008,611
17475,1011,607
17476,1012,604
17477,1015,601
17478,1015,599
17479,1018,596
17480,1018,593
17481,1020,590
17482,1021,588
17483,1023,585
17484,1024,583
17485,1026,581
17486,1028,578
17487,1028,576
17488,1028,575
17489,1030,573
17490,1032,571
17491,1032,570
17492,1033,568
17493,1034,566
17494,1034,565
17495,1036,563
17496,1036,563
17497,1038,562
17498,1038,562
17499,1039,563
17500,1038,565
17501,1037,566
17502,1035,568
17503,1034,570
17504,1032,572
17505,1032,573
17506,1029,575
17507,1026,575
17508,1022,574
17509,1019,572
17510,1014,570
17511,1011,569
17512,1007,568
17513,1004,566
17514,1002,565
17515,998,565
17516,995,564
17517,991,563
17518,989,563
17519,982,563
17520,962,561
17521,939,559
17522,918,557
17523,899,554
17524,882,552
17525,867,550
17526,853,549
17527,841,547
17528,830,546
17529,820,545
17530,811,544
17531,802,543
17532,795,543
17533,788,542
17534,782,542
17535,777,542
17536,772,542
17537,768,542
17538,764,542
17539,761,542
17540,758,543
17541,757,541
17542,756,540
17543,756,538
17544,754,537
17545,754,536
17546,755,535
17547,754,534
17548,754,533
17549,755,532
17550,756,532
17551,755,532
17552,756,531
17553,757,531
17554,757,532
17555,758,532
17556,758,532
17557,760,533
17558,762,532
17559,765,531
17560,767,530
17561,769,528
17562,772,526
17563,773,526
17564,775,525
17565,776,524
17566,779,523
17567,780,523
17568,782,522
17569,783,522
17570,786,522
17571,787,522
17572,788,522
17573,789,523
17574,789,523
17575,790,523
17576,789,524
17577,790,524
17578,790,526
17579,790,526
17580,790,527
17581,791,528
17582,793,527
17583,793,526
17584,794,525
17585,795,525
17586,796,524
17587,797,525
17588,798,524
17589,798,524
17590,799,524
17591,801,524
17592,807,525
17593,815,526
17594,823,527
17595,830,527
17596,836,528
17597,843,529
17598,848,530
17599,853,531
17600,857,532
17601,859,533
17602,861,532
17603,863,532
17604,867,531
17605,869,531
17606,872,531
17607,873,531
17608,877,531
17609,879,531
17610,881,532
17611,883,532
17612,883,532
17613,883,531
17614,883,530
17615,883,530
17616,884,529
17617,884,529
17618,885,529
17619,884,529
17620,885,529
17621,886,530
17622,887,530
17623,887,525
17624,885,518
17625,886,513
17626,885,508
17627,887,504
17628,886,500
17629,887,496
17630,886,493
17631,887,491
17632,887,488
17633,888,486
17634,887,484
17635,888,483
17636,887,481
17637,888,480
17638,887,479
17639,888,478
17640,887,476
17641,888,474
17642,887,473
17643,887,471
17644,887,471
17645,887,470
17646,886,469
17647,887,468
17648,886,468
17649,887,468
17650,887,467
17651,887,466
17652,886,466
17653,887,465
17654,886,465
17655,887,464
17656,886,464
17657,887,464
17658,886,464
17659,887,463
17660,886,463
17661,887,462
17662,886,462
17663,887,462
17664,886,462
17665,886,462
17666,886,461
17667,886,461
17668,886,461
17669,886,461
17670,885,461
17671,886,461
17672,886,461
17673,886,461
17674,885,461
17675,886,460
17676,886,460
17677,886,460
17678,885,460
17679,886,460
17680,885,460
17681,886,460
17682,885,459
17683,885,458
17684,885,457
17685,886,455
17686,885,454
17687,885,453
17688,885,451
17689,885,450
17690,886,449
17691,885,448
17692,885,446
17693,885,445
17694,886,444
17695,885,443
17696,886,442
17697,885,441
17698,886,439
17699,885,438
17700,886,437
17701,885,436
17702,884,435
17703,886,434
17704,885,434
17705,885,432
17706,885,431
17707,885,430
17708,887,429
17709,889,429
17710,890,429
17711,893,428
17712,894,427
17713,896,426
17714,896,425
17715,899,424
17716,899,425
17717,901,424
17718,900,423
17719,901,423
17720,902,422
17721,901,422
17722,900,422
17723,899,422
17724,896,421
17725,896,419
17726,896,418
17727,897,418
17728,897,417
17729,897,416
17730,897,415
17731,897,415
17732,898,414
17733,898,413
17734,898,413
17735,898,412
17738,1333,264
17739,1333,264
17740,1333,264
17741,1333,264
17742,1333,264
17743,1333,264
17744,1333,264
17745,1333,264
17746,1333,264
17748,890,406
17749,888,407
17750,888,407
17751,888,408
17752,889,408
17753,889,405
17754,886,404
17755,885,403
17756,883,402
17757,881,401
17758,880,400
17759,864,376
17760,861,372
17761,857,367
17762,853,363
17763,851,359
17764,848,355
17765,845,352
17766,843,348
17767,841,344
17768,838,341
17769,836,337
17770,834,334
17771,832,331
17772,831,328
17773,829,325
17774,827,323
17775,827,321
17776,825,319
17777,824,316
17778,823,314
17779,822,312
17780,821,310
17781,820,308
17782,819,306
17783,818,305
17784,818,303
17785,817,301
17786,816,300
17787,816,297
17788,815,295
17789,816,291
17790,815,289
17791,816,286
17792,815,284
17793,815,281
17794,815,280
17795,815,277
17796,814,275
17797,814,274
17798,813,273
17799,814,271
17800,814,269
17801,814,267
17802,814,265
17803,814,263
17804,815,261
17805,814,259
17806,814,257
17807,813,256
17808,814,255
17809,815,253
17810,815,251
17811,815,249
17812,815,247
17813,815,246
17814,816,244
17815,815,243
17816,816,242
17817,816,240
17818,816,239
17819,817,237
17820,817,235
17821,817,234
17822,818,232
17823,817,231
17824,818,229
17825,818,228
17826,819,227
17827,818,226
17828,819,224
17829,819,223
17830,820,222
17831,821,220
17832,827,222
17833,835,224
17834,843,224
17835,849,226
17836,854,227
17837,860,227
17838,864,229
17839,870,229
17840,873,231
17841,876,232
17842,880,232
17843,883,233
17844,886,233
17845,889,234
17846,890,235
17847,893,235
17848,895,236
17849,896,237
17850,898,237
17851,900,237
17852,900,239
17853,902,239
17854,902,240
17855,903,240
17856,904,240
17857,905,240
17858,905,240
17859,905,241
17860,906,241
17861,906,241
17862,906,243
17863,906,243
17864,906,243
17865,907,243
17866,906,243
17867,906,243
17868,906,244
17869,906,244
17870,906,244
17871,906,244
17872,906,244
17873,905,245
17874,905,245
17875,907,245
17876,908,246
17877,908,247
17878,909,247
17879,910,247
17880,910,248
17881,911,248
17882,911,249
17883,912,249
17884,912,249
17885,913,249
17886,913,250
17887,913,250
17888,914,250
17889,913,251
17890,913,251
17891,913,251
17892,913,251
17893,913,251
17894,913,252
17895,913,252
17896,913,252
17897,913,252
17898,912,252
17899,912,253
17900,912,253
17901,912,253
17902,910,254
17903,910,254
17904,911,254
17905,909,254
17906,910,254
17907,909,255
17908,909,255
17909,908,255
17910,909,255
17911,908,255
17912,908,255
17913,908,255
17914,907,256
17915,908,255
17916,915,255
17917,923,253
17918,930,252
17919,938,251
17920,943,251
17921,949,250
17922,955,249
17923,960,249
17924,964,248
17925,970,247
17926,975,247
17927,980,246
17928,982,243
17929,983,244
17930,987,244
17931,990,243
17932,992,243
17933,995,243
17934,997,243
17935,999,243
17936,1001,243
17937,1003,243
17938,1003,243
17939,1004,243
17940,1004,244
17941,1004,244
17942,1005,244
17943,1004,245
17944,1004,245
17945,1003,247
17946,1003,247
17947,1003,248
17948,1003,248
17949,1002,249
17950,1002,250
17951,1001,251
17952,1000,252
17953,1001,253
17954,999,254
17955,999,255
17956,999,256
17957,998,257
17958,998,259
17959,997,260
17960,997,261
17961,996,263
17962,996,264
17963,989,265
17964,982,265
17965,974,264
17966,968,262
17967,962,260
17968,956,259
17969,951,259
17970,947,258
17971,942,258
17972,939,257
17973,933,258
17974,929,258
17975,924,258
17976,919,259
17977,923,257
17978,919,258
17979,918,259
17980,916,259
17981,914,260
17982,912,261
17983,910,262
17984,908,264
17985,906,265
17986,905,266
17987,904,267
17988,903,269
17989,901,271
17990,900,273
17991,899,275
17992,897,277
17993,897,279
17994,896,281
17995,895,283
17996,893,284
17997,892,285
17998,890,285
17999,889,285
18000,886,287
18001,885,287
18002,883,288
18003,883,288
18004,881,289
18005,880,290
18006,880,290
18007,878,292
18008,877,292
18009,876,292
18010,876,293
18011,875,293
18012,877,294
18013,881,297
18014,886,300
18015,889,304
18016,893,307
18017,895,310
18018,899,313
18019,902,316
18020,904,320
18021,906,324
18022,908,327
18023,909,331
18024,911,334
18025,911,337
18026,913,340
18027,913,342
18028,913,345
18029,913,348
18030,914,350
18031,914,354
18032,914,356
18033,913,359
18034,913,360
18035,912,363
18036,912,366
18037,911,369
18038,911,371
18039,910,373
18040,909,376
18041,908,378
18042,908,380
18043,906,382
18044,906,384
18045,904,387
18046,904,388
18047,902,391
18048,902,393
18049,900,394
18050,899,396
18051,897,398
18052,897,401
18053,895,403
18054,894,405
18055,892,406
18056,891,408
18057,887,409
18058,876,410
18059,867,410
18060,860,410
18061,851,409
18062,846,408
18063,840,407
18064,834,408
18065,830,407
18066,824,407
18067,821,408
18068,817,408
18069,814,408
18070,810,408
18071,806,408
18072,805,407
18073,804,407
18074,803,408
18075,805,406
18076,808,403
18077,811,401
18078,813,399
18079,816,396
18080,818,393
18081,821,392
18082,822,390
18083,822,388
18084,823,386
18085,824,384
18086,826,384
18087,827,382
18088,828,381
18089,832,380
18090,832,379
18091,833,378
18092,834,377
18093,835,376
18094,836,375
18095,837,374
18096,838,373
18097,839,372
18098,840,371
18102,836,373
18103,836,373
18104,836,373
18105,836,373
18106,836,373
18107,836,373
18108,834,367
18109,835,367
18110,837,367
18111,834,367
18112,833,367
18113,833,367
18114,832,367
18115,834,363
18116,832,363
18117,834,362
18118,833,361
18119,834,361
18120,833,360
18121,834,359
18122,833,359
18123,833,359
18124,832,359
18125,833,359
18126,832,359
18127,831,359
18128,833,358
18129,833,357
18130,834,356
18131,835,355
18132,836,354
18133,850,349
18134,858,347
18135,864,345
18136,869,344
18137,874,342
18138,879,340
18139,883,338
18140,885,336
18141,889,333
18142,892,332
18143,894,330
18144,896,328
18145,898,326
18146,900,325
18147,902,323
18148,903,322
18149,903,320
18150,905,318
18151,905,317
18152,906,315
18153,906,314
18154,907,312
18155,908,311
18156,908,309
18157,907,308
18158,906,307
18159,907,305
18160,906,304
18161,906,302
18162,905,302
18163,903,302
18164,900,303
18165,896,303
18166,893,301
18167,891,300
18168,890,303
18169,889,303
18170,886,304
18171,881,305
18172,881,305
18173,880,305
18174,878,307
18175,878,307
18176,876,308
18177,870,307
18178,866,307
18179,853,306
18180,848,305
18181,842,304
18182,837,303
18183,831,301
18184,828,300
18185,825,299
18186,822,298
18187,818,297
18188,817,295
18189,816,294
18190,812,294
18191,812,293
18192,810,292
18193,808,291
18194,808,291
18195,807,291
18196,807,290
18197,807,289
18198,808,288
18199,807,287
18200,809,286
18201,808,286
18202,810,285
18203,810,284
18204,811,284
18205,812,283
18206,813,283
18207,815,282
18208,815,282
18209,816,281
18210,817,281
18211,819,280
18212,820,280
18213,822,279
18214,822,279
18215,824,278
18216,825,279
18217,827,278
18218,830,277
18219,830,277
18220,832,277
18221,832,276
18222,834,276
18223,835,275
18224,837,275
18225,838,275
18226,840,274
18227,841,274
18228,843,274
18229,844,274
18230,846,273
18231,847,273
18232,849,272
18233,849,272
18234,850,272
18235,850,272
18236,854,269
18237,856,268
18238,858,269
18239,858,270
18240,860,269
18241,862,269
18242,863,269
18243,865,268
18244,865,268
18245,857,268
18246,850,271
18247,842,272
18248,836,272
18249,828,273
18250,824,274
18251,818,274
18252,813,275
18253,809,276
18254,805,278
18255,801,279
18256,799,280
18257,796,280
18258,794,281
18259,792,282
18260,791,283
18261,789,283
18262,788,283
18263,787,284
18264,787,285
18265,787,285
18266,786,285
18267,786,287
18268,786,287
18269,786,288
18270,786,288
18271,786,289
18272,786,290
18273,786,290
18274,786,291
18275,799,276
18276,802,275
18277,806,274
18278,809,273
18279,812,272
18280,815,270
18281,818,269
18282,822,267
18283,827,267
18284,832,266
18285,836,265
18286,841,265
18287,845,264
18288,849,263
18289,854,263
18290,858,262
18291,863,261
18296,852,257
18297,853,258
18298,855,257
18299,857,257
18300,860,257
18301,862,256
18302,863,256
18303,866,254
18304,867,254
18305,871,253
18306,873,252
18307,874,252
18308,877,251
18309,878,251
18310,881,250
18311,882,250
18312,885,249
18313,886,249
18314,887,249
18315,890,248
18316,891,248
18317,894,247
18318,895,247
18319,897,246
18320,899,247
18321,901,245
18322,904,245
18323,903,246
18324,905,245
18325,907,244
18326,909,244
18327,913,243
18328,914,243
18329,915,243
18330,918,243
18331,919,243
18332,921,242
18333,922,242
18334,920,240
18335,919,238
18336,919,236
18337,917,235
18338,918,234
18339,917,232
18340,918,230
18341,919,228
18342,918,227
18343,918,226
18344,919,225
18345,918,224
18346,920,222
18347,921,220
18348,921,220
18349,922,219
18350,923,218
18351,923,217
18352,925,216
18353,925,215
18354,927,213
18355,928,212
18356,928,211
18357,930,210
18358,930,209
18359,932,208
18360,932,208
18361,934,207
18362,935,207
18363,937,207
18364,936,207
18365,938,205
18366,939,204
18367,941,203
18368,942,202
18369,944,201
18370,944,201
18371,946,200
18372,947,200
18373,949,199
18374,949,199
18375,950,197
18376,952,195
18377,953,194
18378,953,194
18379,955,193
18380,955,193
18381,955,193
18382,956,192
18383,952,226
18384,951,237
18385,950,249
18386,949,261
18387,948,272
18388,947,284
18389,946,296
18390,945,307
18391,944,319
18394,972,182
18395,974,181
18396,975,180
18397,975,180
18398,977,180
18399,977,180
18400,975,180
18401,949,191
18402,940,192
18403,955,187
18404,960,184
18405,945,186
18406,945,185
18407,943,185
18408,941,185
18409,939,184
18410,937,184
18411,936,183
18412,934,183
18413,932,182
18414,930,182
18416,946,90
18417,947,81
18418,945,74
18419,944,66
18420,943,58
18421,942,51
18422,940,43
18423,939,35
18424,938,28
18425,937,20
18426,935,13
18449,1021,149
18450,1016,171
18451,1015,172
18452,1017,172
18453,1026,153
18454,1032,141
18455,1039,129
18456,1039,147
18457,1043,146
18458,1047,145
18459,1051,144
18460,1055,142
18461,1059,141
18462,1063,140
18463,1067,139
18464,1071,137
18468,1069,143
18469,1069,143
18470,1069,143
18471,1069,143
18472,1069,143
18473,1069,143
18474,1069,143
18475,1069,143
18476,1069,143
18485,1197,181
18486,1197,181
18487,1197,181
18488,1197,181
18489,1197,181
18490,1197,181
18491,1197,181
18492,1197,181
18493,1197,181
18554,620,15
18555,617,21
18556,615,26
18557,613,32
18558,611,38
18559,608,43
18560,608,45
18561,608,45
18562,608,44
18563,609,44
18564,608,44
18565,608,44
18566,608,44
18567,609,43
18568,609,44
18569,609,44
18570,609,44
18571,609,44
18572,609,44
18573,609,44
18574,609,44
18575,609,44
18576,609,44
18577,609,44
18578,609,44
18579,609,44
18580,609,44
18582,1036,103
18583,1036,103
18584,1036,103
18585,1034,104
18586,1035,104
18587,1034,105
18588,1034,104
18589,1034,105
18590,1034,105
18591,1034,105
18592,1034,105
18593,1034,105
18594,1034,105
18595,1034,105
18596,1034,105
18597,1034,105
18598,1034,105
18599,1034,105
18600,1034,105
18601,1034,105
18602,1032,106
18603,1033,106
18604,1030,107
18605,1030,108
18606,1029,108
18607,1029,107
18608,1029,105
18609,1029,103
18610,1029,99
18611,1030,95
18612,1031,90
18613,1030,88
18614,1031,83
18615,1030,81
18616,1031,77
18617,1031,75
18618,1032,72
18619,1031,72
18620,1032,72
18621,1031,72
18622,1032,72
18623,1031,72
18624,1032,72
18625,1032,73
18626,1033,72
18627,1032,73
18628,1033,72
18629,1033,72
18630,1034,72
18631,1034,72
18632,1035,72
18633,1035,72
18634,1036,72
18635,1035,72
18636,1035,71
18637,1035,71
18638,1035,71
18639,1035,71
18640,1034,71
18641,1035,71
18642,1033,71
18643,1034,71
18644,1033,71
18645,1034,71
18646,1033,71
18647,1034,71
18648,1033,72
18649,1034,71
18650,1033,72
18651,1034,71
18652,1033,72
18653,1034,71
18654,1033,72
18655,1034,71
18656,1033,72
18657,1034,71
18658,1033,71
18659,1035,71
18660,1037,71
18661,1036,71
18662,1036,71
18663,1038,71
18664,1037,69
18665,1037,70
18666,1037,69
18667,1038,68
18668,1037,70
18669,1038,71
18670,1039,71
18671,1041,71
18672,1042,72
18673,1042,74
18674,1043,75
18675,1042,77
18676,1042,78
18677,1039,79
18678,1038,78
18679,1035,79
18680,1033,76
18681,1029,72
18682,1023,71
18683,1016,71
18684,1008,72
18685,1003,71
18686,999,69
18687,996,70
18688,992,70
18689,989,69
18690,987,68
18691,984,67
18692,982,67
18693,978,66
18694,975,65
18695,971,64
18696,968,63
18697,965,62
18698,971,71
18699,970,72
18700,970,74
18701,969,75
18702,969,73
18703,968,73
18704,966,74
18705,967,74
18706,967,75
18707,967,76
18708,968,77
18709,966,79
18710,967,80
18711,967,81
18712,967,83
18713,967,84
18714,967,87
18715,968,88
18716,968,90
18717,969,92
18718,970,93
18719,969,97
18720,970,99
18721,971,102
18722,972,104
18723,972,106
18724,972,108
18725,973,112
18726,973,114
18727,974,117
18728,974,120
18729,975,124
18730,975,128
18731,977,130
18732,978,133
18733,978,137
18734,979,140
18735,981,144
18736,980,147
18737,981,151
18738,981,155
18739,983,159
18740,983,163
18741,984,167
18742,985,171
18743,986,175
18744,984,179
18745,985,185
18746,989,187
18747,998,187
18748,1008,186
18749,1018,185
18750,1028,184
18751,1037,183
18752,1044,183
18753,1050,183
18754,1058,182
18755,1063,182
18756,1068,183
18757,1074,183
18758,1080,182
18759,1082,182
18760,1085,184
18761,1089,184
18762,1091,184
18763,1094,184
18764,1096,186
18765,1098,187
18766,1100,188
18767,1102,189
18768,1103,191
18769,1105,192
18770,1106,194
18771,1107,195
18772,1109,196
18773,1109,199
18774,1110,201
18775,1111,202
18776,1112,204
18777,1112,207
18778,1112,209
18779,1113,211
18780,1113,215
18781,1113,217
18782,1113,219
18783,1114,221
18784,1112,222
18785,1110,220
18786,1109,217
18787,1107,215
18788,1106,213
18789,1105,211
18790,1103,209
18791,1102,207
18792,1101,205
18793,1099,203
18794,1098,202
18795,1097,201
18796,1095,201
18797,1095,200
18798,1093,199
18799,1092,197
18800,1091,196
18801,1090,195
18802,1088,195
18803,1087,195
18804,1086,194
18805,1084,194
18806,1083,194
18807,1082,194
18808,1080,194
18809,1079,194
18810,1078,194
18811,1077,195
18812,1075,195
18813,1074,196
18814,1073,196
18815,1073,196
18816,1072,197
18817,1070,199
18818,1069,200
18819,1067,201
18820,1066,202
18821,1065,203
18822,1064,204
18823,1063,207
18824,1062,208
18825,1061,210
18826,1060,212
18827,1059,213
18828,1058,216
18829,1056,218
18830,1055,219
18831,1054,217
18832,1053,216
18833,1052,213
18834,1050,212
18835,1049,210
18836,1048,209
18837,1047,208
18838,1046,207
18839,1045,206
18840,1044,205
18841,1043,203
18842,1042,203
18843,1041,202
18844,1039,201
18845,1041,201
18846,1046,202
18847,1052,202
18848,1057,203
18849,1062,203
18850,1067,203
18851,1071,203
18852,1074,205
18853,1079,205
18854,1081,207
18855,1083,208
18856,1086,209
18857,1088,210
18858,1090,211
18859,1093,212
18860,1095,213
18861,1096,216
18862,1096,217
18863,1096,218
18864,1095,217
18865,1093,216
18866,1093,213
18867,1091,212
18868,1090,210
18869,1088,210
18870,1084,210
18871,1078,210
18872,1072,211
18873,1065,211
18874,1060,211
18875,1055,211
18876,1050,211
18877,1046,212
18878,1042,213
18879,1037,215
18880,1034,216
18881,1030,217
18882,1026,218
18883,1023,219
18884,1021,220
18885,1017,222
18886,1015,224
18887,1013,225
18888,1010,227
18889,1009,229
18890,1005,231
18891,1001,234
18892,998,237
18893,994,241
18894,991,245
18895,988,249
18896,986,252
18897,984,256
18898,982,260
18899,981,264
18900,979,268
18901,977,273
18902,976,277
18903,975,281
18904,975,284
18905,974,287
18906,974,289
18907,973,291
18908,973,293
18909,972,296
18910,973,298
18911,973,300
18912,972,304
18913,973,307
18914,973,309
18915,973,313
18916,973,316
18917,972,320
18918,973,323
18919,973,325
18920,974,326
18921,974,327
18922,974,329
18923,974,331
18924,975,334
18925,975,336
18926,976,339
18927,976,341
18928,976,345
18929,977,348
18930,977,350
18931,978,352
18932,978,353
18933,978,355
18934,978,358
18935,980,360
18936,979,362
18937,980,364
18938,980,366
18939,981,368
18940,981,370
18941,982,371
18942,981,373
18943,982,375
18944,983,376
18945,983,378
18946,983,380
18947,983,382
18948,984,383
18949,984,385
18950,985,387
18951,985,388
18952,986,389
18953,989,388
18954,992,385
18955,995,383
18956,996,381
18957,998,379
18958,998,378
18959,999,376
18960,1000,375
18961,1001,374
18962,1001,373
18963,1001,372
18964,1001,371
18965,1002,370
18966,1000,369
18967,1001,368
18968,1000,368
18969,1000,367
18970,1000,367
18971,1000,366
18972,999,365
18973,999,364
18974,999,364
18975,998,363
18976,998,363
18977,998,362
18978,997,362
18979,992,361
18980,991,361
18981,991,360
18982,989,360
18983,987,360
18984,986,358
18985,985,358
18986,984,358
18987,984,357
18988,982,358
18989,982,357
18990,980,357
18991,980,355
18992,980,350
18993,979,347
18994,979,340
18995,977,336
18996,979,331
18997,978,327
18998,978,323
18999,978,319
19000,978,315
19001,978,311
19002,977,309
19003,977,306
19004,977,303
19005,977,300
19006,976,297
19007,976,295
19008,976,293
19009,975,291
19010,975,289
19011,974,287
19012,973,284
19013,973,281
19014,973,278
19015,971,275
19016,971,272
19017,971,269
19018,970,267
19019,970,264
19020,969,263
19021,969,260
19022,968,258
19023,967,257
19024,968,255
19025,968,253
19026,967,252
19027,966,250
19028,965,248
19029,966,245
19030,965,243
19031,964,241
19032,964,240
19033,965,237
19034,964,236
19035,963,234
19036,963,232
19037,962,232
19038,962,230
19039,962,227
19040,962,226
19041,961,225
19042,962,223
19043,962,221
19044,961,220
19045,961,218
19046,960,217
19047,961,215
19048,961,213
19049,960,212
19050,960,211
19051,960,210
19052,960,208
19053,961,205
19054,960,204
19055,960,202
19056,959,201
19057,960,199
19058,960,198
19059,960,197
19060,960,196
19061,960,194
19062,960,194
19063,960,193
19064,959,193
19065,960,192
19066,961,190
19067,960,189
19068,960,187
19069,960,185
19070,960,184
19071,960,183
19072,961,181
19073,968,180
19074,981,179
19075,994,178
19076,1007,177
19077,1018,176
19078,1028,175
19079,1039,173
19080,1047,173
19081,1054,172
19082,1061,171
19083,1067,171
19084,1073,170
19085,1079,170
19086,1084,170
19087,1088,170
19088,1093,169
19089,1096,169
19090,1101,169
19091,1103,169
19092,1106,170
19093,1109,170
19094,1111,171
19095,1113,171
19096,1115,171
19097,1117,172
19098,1119,172
19099,1119,174
19100,1121,175
19101,1122,176
19102,1124,177
19103,1124,178
19104,1125,179
19105,1126,180
19106,1125,180
19107,1123,178
19108,1121,177
19109,1120,174
19110,1119,173
19111,1118,171
19112,1116,170
19113,1115,169
19114,1115,168
19115,1113,168
19116,1113,168
19117,1111,168
19118,1111,167
19119,1111,165
19120,1109,167
19121,1109,167
19122,1108,168
19123,1108,168
19124,1107,168
19125,1106,169
19126,1106,169
19127,1105,170
19128,1104,170
19129,1102,169
19130,1099,167
19131,1098,165
19132,1096,163
19133,1094,162
19134,1093,162
19135,1090,161
19136,1089,160
19137,1088,159
19138,1086,159
19139,1086,157
19140,1085,156
19141,1083,156
19142,1082,156
19143,1082,156
19144,1081,156
19145,1079,157
19146,1079,157
19147,1079,157
19148,1077,159
19149,1075,161
19150,1074,162
19151,1072,163
19152,1070,165
19153,1069,166
19154,1067,167
19155,1066,169
19156,1064,170
19157,1063,171
19163,1057,151
19164,1055,153
19165,1055,152
19166,1053,153
19167,1053,152
19168,1052,152
19169,1050,152
19170,1050,151
19171,1050,150
19172,1047,151
19173,1048,150
19174,1048,149
19175,1048,148
19176,1046,149
19177,1046,148
19178,1045,148
19179,1043,148
19180,1043,148
19181,1043,149
19182,1041,149
19183,1040,148
19184,1039,147
19185,1037,146
19186,1037,146
19187,1035,146
19188,1035,146
19189,1033,146
19190,1033,146
19191,1031,146
19192,1031,146
19193,1029,146
19194,1029,145
19195,1028,145
19196,1027,145
19197,1026,145
19198,1025,144
19199,1025,144
19200,1023,144
19201,1023,143
19202,1020,143
19203,1020,143
19204,1018,143
19205,1018,142
19206,1018,141
19207,1016,142
19208,1016,141
19209,1014,141
19210,1013,141
19211,1011,141
19212,1011,140
19213,1010,140
19214,1008,140
19215,1008,139
19216,1007,139
19217,1006,138
19218,1004,139
19219,1003,138
19220,1003,138
19221,1001,138
19222,1000,138
19223,999,138
19224,997,138
19225,997,138
19226,996,138
19227,995,138
19228,994,138
19229,993,138
19230,992,138
19231,991,138
19232,993,137
19233,998,138
19234,1002,138
19235,1005,138
19236,1007,139
19237,1008,139
19238,1009,139
19239,1011,139
19240,1011,140
19241,1012,140
19242,1012,141
19243,1012,141
19244,1011,142
19245,1011,142
19246,1009,143
19247,1009,143
19248,1007,143
19249,1007,143
19250,1005,145
19251,1004,145
19252,1003,145
19253,1001,145
19254,1000,145
19255,998,146
19256,996,146
19257,994,146
19258,992,147
19259,991,147
19260,988,148
19261,987,148
19262,985,149
19263,982,149
19264,981,149
19265,980,149
19266,976,150
19267,974,151
19268,971,151
19269,969,151
19270,967,151
19271,964,152
19272,962,151
19273,960,151
19274,958,152
19275,956,152
19276,953,153
19277,951,153
19278,950,153
19279,947,153
19280,945,154
19281,942,154
19282,940,154
19283,938,154
19284,935,155
19285,933,155
19286,931,155
19287,929,156
19288,926,156
19289,924,157
19290,922,156
19291,920,157
19292,918,157
19293,916,157
19294,914,157
19295,910,158
19296,908,159
19297,907,159
19298,905,159
19299,902,160
19300,902,160
19301,902,160
19302,902,160
19303,901,160
19304,901,160
19305,901,160
19306,901,160
19307,900,161
19308,900,161
19309,900,161
19310,900,161
19311,900,161
19312,899,162
19313,899,161
19314,899,162
19315,899,161
19316,899,161
19317,898,162
19318,898,162
19319,899,162
19320,898,162
19321,898,162
19322,898,162
19323,897,162
19324,898,163
19325,897,163
19326,898,163
19327,897,163
19328,898,163
19329,897,163
19330,898,163
19331,897,163
19332,898,164
19333,898,164
19334,898,164
19335,898,164
19336,898,164
19337,898,164
19338,898,164
19339,898,164
19340,898,164
19341,898,164
19342,900,164
19343,902,163
19344,904,162
19345,906,162
19346,909,161
19347,910,161
19348,913,161
19349,915,161
19350,917,161
19351,919,161
19352,922,161
19353,923,162
19354,924,162
19355,927,162
19356,928,162
19357,930,163
19358,932,163
19359,934,164
19360,936,165
19361,937,167
19362,938,168
19363,940,168
19364,941,170
19365,943,171
19366,944,172
19367,946,173
19368,946,174
19369,948,174
19370,948,175
19371,949,176
19372,950,177
19373,951,177
19374,951,179
19375,953,180
19376,953,181
19377,954,182
19378,954,184
19379,955,185
19380,956,186
19381,956,188
19382,957,190
19383,957,192
19384,958,194
19385,958,196
19386,959,198
19387,959,200
19388,960,202
19389,959,206
19390,960,209
19391,960,211
19392,961,214
19393,961,216
19394,960,219
19395,961,223
19396,961,226
19397,960,230
19398,960,233
19399,961,236
19400,961,240
19401,961,243
19402,960,248
19403,960,252
19404,959,256
19405,960,260
19406,959,265
19407,959,269
19408,959,273
19409,958,279
19410,958,283
19411,957,288
19412,957,292
19413,956,298
19414,956,304
19415,955,309
19416,954,315
19417,953,321
19418,953,326
19419,951,332
19420,950,338
19421,949,344
19422,949,350
19423,947,357
19424,946,363
19425,945,370
19426,944,376
19427,943,383
19428,942,390
19429,940,397
19430,939,404
19431,937,411
19432,936,419
19433,934,426
19434,933,434
19435,932,442
19436,930,450
19437,929,457
19438,926,466
19439,925,472
19440,924,479
19441,923,485
19442,948,504
19443,957,516
19444,963,514
19445,968,506
19446,972,496
19447,977,489
19448,982,482
19449,987,474
19450,992,467
19451,997,460
19452,1002,452
19453,1011,446
19454,1016,439
19455,1013,432
19456,1015,425
19457,1016,418
19458,1018,411
19459,1020,404
19460,1022,398
19461,1022,392
19462,1025,386
19463,1026,381
19464,1028,375
19465,1029,370
19466,1030,365
19467,1032,360
19468,1034,355
19469,1034,351
19470,1036,347
19471,1037,343
19472,1039,338
19473,1039,335
19474,1042,331
19475,1042,327
19476,1043,324
19477,1045,321
19478,1047,317
19479,1047,315
19480,1049,312
19481,1050,309
19482,1051,307
19483,1052,305
19484,1054,303
19485,1055,300
19486,1055,299
19487,1057,297
19488,1058,296
19489,1059,294
19490,1059,293
19491,1061,292
19492,1062,291
19493,1064,290
19494,1064,290
19495,1065,289
19496,1066,289
19497,1067,288
19498,1068,288
19499,1069,288
19500,1069,289
19501,1070,288
19502,1071,289
19503,1072,289
19504,1073,290
19505,1074,290
19506,1075,291
19507,1077,292
19508,1078,293
19509,1078,295
19510,1080,296
19511,1081,297
19512,1081,299
19513,1083,300
19514,1084,301
19515,1084,304
19516,1086,306
19517,1086,308
19518,1088,310
19519,1088,313
19520,1089,315
19521,1091,317
19522,1090,321
19523,1092,324
19524,1094,326
19525,1095,329
19526,1096,332
19527,1098,334
19528,1100,337
19529,1101,340
19530,1099,344
19531,1099,348
19532,1100,351
19533,1101,355
19534,1102,358
19535,1106,363
19536,1109,367
19537,1113,372
19538,1112,367
19539,1109,359
19540,1108,351
19541,1107,345
19542,1105,338
19543,1104,333
19544,1103,326
19545,1102,320
19546,1101,313
19547,1100,307
19548,1096,306
19549,1094,300
19550,1092,296
19551,1090,291
19552,1088,287
19553,1087,282
19554,1085,279
19555,1084,275
19556,1081,271
19557,1080,267
19558,1078,263
19559,1076,259
19560,1074,256
19561,1073,252
19562,1072,249
19563,1070,246
19564,1069,243
19565,1067,241
19566,1067,239
19567,1065,236
19568,1063,234
19569,1062,232
19570,1061,229
19571,1060,227
19572,1059,225
19573,1057,224
19574,1057,223
19575,1056,220
19576,1055,219
19577,1053,218
19578,1053,217
19579,1051,216
19580,1051,215
19581,1050,213
19582,1048,214
19583,1047,213
19584,1047,212
19585,1045,212
19586,1044,211
19587,1043,211
19588,1042,211
19589,1041,211
19590,1040,212
19591,1039,212
19592,1038,212
19593,1037,213
19594,1037,214
19595,1036,215
19596,1035,216
19597,1034,216
19598,1034,217
19599,1032,219
19600,1032,220
19601,1031,221
19602,1029,223
19603,1029,225
19604,1028,226
19605,1028,227
19606,1028,229
19607,1026,232
19608,1025,233
19609,1024,236
19610,1024,239
19611,1023,241
19612,1022,243
19613,1022,247
19614,1021,250
19615,1020,251
19616,1020,255
19617,1019,257
19618,1019,260
19619,1018,264
19620,1018,266
19621,1018,269
19622,1016,272
19623,1014,275
19624,1014,279
19625,1013,282
19626,1013,285
19627,1011,289
19628,1010,292
19629,1010,296
19630,1009,299
19631,1007,304
19632,1009,301
19633,1008,297
19634,1010,292
19635,1009,288
19636,1010,283
19637,1010,280
19638,1011,276
19639,1011,273
19640,1012,269
19641,1012,266
19642,1013,263
19643,1013,260
19644,1015,257
19645,1016,255
19646,1015,252
19647,1015,249
19648,1014,247
19649,1016,245
19650,1016,242
19651,1016,241
19652,1017,238
19653,1016,236
19654,1018,235
19655,1018,233
19656,1018,231
19657,1019,229
19658,1019,228
19659,1020,227
19660,1019,226
19661,1020,225
19662,1021,224
19663,1021,225
19664,1021,224
19665,1021,225
19666,1021,225
19667,1021,225
19668,1021,225
19669,1021,225
19670,1021,225
19671,1021,225
19672,1021,225
19673,1021,225
19674,1021,225
19675,1021,225
19676,1021,225
19677,1021,225
19678,1021,225
19679,1021,225
19680,1021,225
19681,1021,226
19682,1021,225
19683,1021,225
19684,1022,225
19685,1022,225
19686,1022,225
19687,1022,225
19688,1022,225
19689,1022,225
19690,1022,225
19692,1053,445
19693,1052,445
19694,1054,445
19695,1053,445
19696,1053,445
19697,1054,445
19698,1053,445
19699,1054,445
19700,1053,445
19701,1054,445
19702,1053,445
19703,1054,445
19704,1053,445
19705,1054,445
19706,1053,445
19707,1054,445
19708,1053,445
19709,1054,445
19710,1053,445
19711,1054,445
19712,1053,445
19713,1054,445
19714,1054,445
19715,1054,445
19716,1054,445
19717,1054,445
19718,1054,445
19719,1055,445
19720,1054,445
19721,1055,445
19722,1055,445
19723,1054,445
19724,1056,445
19725,1055,445
19726,1056,445
19727,1055,445
19728,1056,445
19729,1056,445
19730,1057,445
19731,1056,445
19732,1057,444
19733,1056,445
19734,1058,445
19735,1057,445
19736,1058,444
19737,1057,445
19738,1058,445
19739,1058,445
19740,1059,445
19741,1058,445
19742,1053,444
19743,1041,443
19744,1026,441
19745,1011,439
19746,997,437
19747,985,435
19748,970,434
19749,958,433
19750,946,431
19751,933,429
19752,921,427
19753,909,426
19754,897,424
19755,886,423
19756,874,421
19757,862,420
19758,852,419
19759,842,417
19760,830,416
19761,821,415
19762,810,414
19763,801,412
19764,791,411
19765,782,409
19766,773,409
19767,763,408
19768,754,407
19769,745,405
19770,736,404
19771,729,404
19772,720,403
19773,713,402
19774,706,401
19775,697,400
19776,691,399
19777,683,398
19778,677,397
19779,669,396
19780,664,395
19781,657,394
19782,652,394
19783,645,393
19784,640,392
19785,635,390
19786,630,389
19787,624,389
19788,620,388
19789,615,388
19790,611,387
19791,607,386
19792,603,385
19793,600,385
19794,596,384
19795,592,383
19796,590,383
19797,586,382
19798,584,381
19799,581,380
19800,579,379
19801,575,379
19802,574,378
19803,571,378
19804,571,377
19805,568,376
19806,568,376
19807,567,375
19808,568,377
19809,570,377
19810,571,377
19811,573,378
19812,574,379
19813,576,379
19814,577,380
19815,580,380
19816,581,381
19817,583,382
19818,585,383
19819,588,383
19820,589,384
19821,593,384
19822,594,384
19823,597,384
19824,599,385
19825,602,385
19826,604,386
19827,607,386
19828,609,386
19829,613,387
19830,615,387
19831,618,387
19832,620,388
19833,624,388
19834,626,389
19835,630,389
19836,632,389
19837,635,389
19838,637,390
19839,641,390
19840,644,391
19841,647,391
19842,650,392
19843,654,392
19844,656,392
19845,660,392
19846,665,393
19847,669,397
19848,673,402
19849,679,408
19850,683,413
19851,689,418
19852,693,423
19853,698,428
19854,703,433
19855,709,437
19856,713,442
19857,718,447
19858,723,452
19859,728,456
19860,733,461
19861,738,464
19862,743,469
19863,748,473
19864,753,478
19865,758,483
19866,763,487
19867,768,490
19868,773,495
19869,778,499
19870,782,503
19871,788,507
19872,792,511
19873,798,515
19874,802,519
19875,808,522
19876,812,526
19877,818,529
19878,822,533
19879,827,536
19880,831,540
19881,837,543
19882,841,547
19883,846,550
19884,850,553
19885,856,557
19886,860,560
19887,865,563
19888,869,566
19889,875,569
19890,879,572
19891,884,574
19892,888,577
19893,893,578
19894,897,580
19895,902,581
19896,906,583
19897,911,584
19898,915,585
19899,920,586
19900,924,587
19901,929,587
19902,933,587
19903,936,588
19904,941,588
19905,945,588
19906,950,588
19907,953,590
19908,956,590
19909,961,591
19910,965,592
19911,965,589
19912,964,585
19913,962,581
19914,963,576
19915,962,572
19916,960,569
19917,962,566
19918,962,563
19919,963,560
19920,964,557
19921,966,556
19922,968,556
19923,968,556
19924,971,556
19925,972,556
19926,976,556
19927,978,556
19928,981,556
19929,983,555
19930,986,555
19931,988,554
19932,991,554
19933,993,554
19934,997,554
19935,999,553
19936,1003,553
19937,1005,552
19938,1008,552
19939,1011,551
19940,1014,551
19941,1017,550
19942,1021,550
19943,1023,549
19944,1027,549
19945,1029,548
19946,1033,548
19947,1035,547
19948,1039,546
19949,1041,546
19950,1045,546
19951,1047,545
19952,1050,545
19953,1052,544
19954,1056,544
19955,1058,544
19956,1061,543
19957,1063,543
19958,1066,543
19959,1068,543
19960,1071,542
19961,1073,541
19962,1076,541
19963,1078,540
19964,1081,540
19965,1082,540
19966,1083,540
19967,1076,542
19968,1064,545
19969,1055,547
19970,1047,548
19971,1040,550
19972,1033,552
19973,1028,554
19974,1023,554
19975,1019,554
19976,1016,554
19977,1013,554
19978,1011,554
19979,1007,555
19980,1005,555
19981,1002,556
19982,1001,557
19983,1000,558
19984,997,560
19985,996,561
19986,995,562
19987,993,564
19988,992,566
19989,990,568
19990,990,570
19991,990,571
19992,992,569
19993,993,568
19994,993,567
19995,994,567
19996,994,566
19997,996,566
19998,996,566
19999,997,565
20000,996,566
20001,1001,567
20002,1009,568
20003,1016,569
20004,1022,570
20005,1027,572
20006,1034,573
20007,1038,575
20008,1042,577
20009,1046,579
20010,1051,579
20011,1054,578
20012,1059,577
20013,1062,576
20014,1065,575
20015,1069,574
20016,1071,574
20017,1073,574
20018,1076,574
20019,1078,574
20020,1081,574
20021,1082,575
20022,1084,575
20023,1085,576
20024,1087,577
20025,1088,578
20026,1088,579
20027,1090,580
20028,1091,580
20029,1092,580
20030,1093,579
20031,1094,578
20032,1094,578
20033,1095,578
20034,1095,578
20035,1096,579
20036,1098,579
20037,1097,580
20038,1098,581
20039,1098,582
20040,1099,582
20041,1098,583
20042,1099,582
20043,1099,582
20044,1100,582
20045,1100,582
20046,1101,583
20047,1101,583
20048,1100,584
20049,1101,584
20050,1101,584
20051,1102,584
20052,1102,584
20053,1101,585
20054,1102,585
20055,1102,585
20056,1101,585
20057,1092,579
20058,1081,572
20059,1070,566
20060,1060,560
20061,1051,555
20062,1043,550
20063,1036,546
20064,1029,542
20065,1023,538
20066,1017,535
20067,1012,532
20068,1007,529
20069,1001,526
20070,996,523
20071,993,523
20072,990,522
20073,986,520
20074,983,518
20075,981,517
20076,979,515
20077,976,513
20078,975,511
20079,972,510
20080,971,508
20081,969,508
20082,968,506
20083,966,506
20084,966,504
20085,964,503
20086,964,502
20087,963,502
20088,963,501
20089,962,500
20090,962,499
20091,961,499
20092,962,498
20093,961,498
20094,961,497
20095,960,496
20096,961,495
20097,960,495
20098,961,495
20099,960,494
20100,961,494
20101,961,494
20102,960,493
20103,961,492
20104,961,492
20105,961,492
20106,961,491
20107,962,491
20108,962,490
20109,963,490
20110,962,490
20111,963,490
20112,963,490
20113,964,489
20114,964,489
20115,965,489
20116,964,489
20117,965,489
20118,965,489
20119,966,488
20120,966,488
20121,967,488
20122,967,488
20123,968,488
20124,968,488
20125,969,488
20126,968,488
20127,970,488
20128,970,488
20129,970,488
20130,970,488
20131,971,488
20132,971,488
20133,972,488
20134,972,488
20135,974,488
20136,973,488
20137,974,487
20138,974,487
20139,975,487
20140,976,486
20141,974,487
20142,975,488
20143,973,489
20144,973,489
20145,972,490
20146,973,490
20147,973,490
20148,973,490
20149,972,490
20150,973,490
20151,973,490
20152,973,490
20153,974,490
20154,974,491
20155,976,491
20156,977,491
20157,979,491
20158,979,491
20159,981,491
20160,982,491
20161,984,491
20162,985,491
20163,987,490
20164,987,491
20165,989,491
20166,990,491
20167,992,491
20168,992,492
20169,995,492
20170,995,492
20171,997,492
20172,998,492
20173,1001,492
20174,1001,492
20175,1002,492
20176,1004,492
20177,1001,488
20178,1001,486
20179,1004,489
20180,1007,490
20181,1010,491
20182,1012,492
20183,1015,493
20184,1017,493
20185,1020,494
20186,1022,495
20187,1013,489
20188,1014,488
20189,1013,487
20190,1014,487
20191,1013,488
20192,1016,486
20193,1018,484
20194,1018,487
20195,1017,488
20196,1018,487
20197,1018,486
20198,1019,485
20199,1024,485
20200,1030,486
20201,1036,487
20202,1040,489
20203,1046,490
20204,1050,491
20205,1053,493
20206,1054,493
20207,1057,494
20208,1064,494
20209,1066,495
20210,1066,493
20211,1068,492
20212,1073,491
20213,1077,489
20214,1078,488
20215,1081,482
20216,1081,480
20217,1080,478
20218,1084,476
20219,1086,474
20220,1088,472
20221,1090,470
20222,1092,468
20223,1094,466
20224,1096,464
20225,1091,463
20226,1091,461
20227,1089,460
20228,1089,458
20229,1089,457
20230,1091,455
20231,1092,453
20232,1091,452
20233,1090,450
20234,1090,449
20235,1089,449
20236,1089,447
20237,1086,447
20238,1082,446
20239,1076,446
20240,1073,445
20241,1068,445
20242,1066,445
20243,1062,445
20244,1060,444
20245,1057,444
20246,1056,443
20247,1053,443
20248,1052,443
20249,1049,442
20250,1048,442
20251,1045,442
20252,1048,442
20253,1052,440
20254,1056,439
20255,1058,438
20256,1062,437
20257,1063,436
20258,1066,435
20259,1067,434
20260,1069,434
20261,1070,434
20262,1071,434
20263,1071,433
20264,1072,432
20265,1071,431
20266,1072,430
20267,1073,429
20268,1074,429
20269,1073,429
20270,1075,429
20271,1074,430
20272,1075,430
20273,1074,430
20274,1075,431
20275,1074,432
20276,1074,432
20277,1073,433
20278,1073,434
20279,1072,435
20280,1071,436
20281,1071,436
20282,1069,436
20283,1068,434
20284,1066,434
20285,1065,433
20286,1064,432
20287,1063,432
20288,1061,432
20289,1059,432
20290,1058,432
20291,1056,433
20292,1056,433
20293,1054,434
20294,1053,434
20295,1052,434
20296,1053,433
20297,1059,433
20298,1068,433
20299,1077,433
20300,1084,432
20301,1090,433
20302,1098,433
20303,1103,433
20304,1109,433
20305,1113,434
20306,1119,434
20307,1123,435
20308,1127,436
20309,1131,436
20310,1135,437
20311,1138,438
20312,1141,439
20313,1144,440
20314,1146,441
20315,1147,440
20316,1148,439
20317,1149,438
20318,1150,438
20319,1151,438
20320,1150,438
20321,1152,438
20322,1152,438
20323,1152,438
20324,1155,439
20325,1156,439
20326,1156,440
20327,1155,441
20328,1156,442
20329,1157,442
20330,1157,444
20331,1158,445
20332,1158,446
20333,1158,446
20334,1157,446
20335,1157,445
20336,1155,445
20337,1155,445
20338,1154,445
20339,1154,445
20340,1153,446
20341,1154,447
20342,1153,447
20343,1153,448
20344,1152,449
20345,1152,449
20346,1151,449
20347,1149,449
20348,1149,449
20349,1148,449
20350,1148,449
20351,1146,450
20352,1147,451
20353,1146,452
20354,1144,452
20355,1144,451
20356,1143,452
20357,1143,452
20358,1141,452
20359,1141,452
20360,1140,452
20361,1139,452
20362,1138,453
20363,1138,452
20364,1137,453
20365,1136,453
20366,1135,454
20367,1135,453
20368,1134,454
20369,1133,454
20370,1133,454
20371,1131,454
20372,1131,454
20373,1130,454
20374,1128,454
20375,1129,454
20376,1128,455
20377,1126,455
20378,1127,455
20379,1125,455
20380,1125,455
20381,1123,455
20382,1123,455
20383,1122,456
20384,1120,456
20385,1117,456
20386,1110,454
20387,1102,453
20388,1093,451
20389,1083,449
20390,1073,447
20391,1063,446
20392,1065,446
20393,1060,445
20394,1055,444
20395,1052,444
20396,1046,443
20397,1043,442
20398,1039,441
20399,1035,441
20400,1031,440
20401,1027,439
20402,1027,438
20403,1025,437
20404,1022,436
20405,1018,436
20406,1017,435
20407,1014,435
20408,1013,434
20409,1011,433
20410,1009,432
20411,1008,432
20412,1007,431
20413,1004,431
20414,1001,430
20415,999,430
20416,997,429
20417,994,429
20418,992,428
20419,999,429
20420,999,429
20421,996,429
20422,995,429
20423,993,428
20424,992,428
20425,1006,423
20426,1007,422
20427,1009,421
20428,1009,420
20429,1010,419
20430,1011,418
20431,1012,418
20432,1012,418
20433,1013,418
20434,1013,418
20435,1014,418
20436,1013,418
20437,1013,418
20438,1013,417
20439,1013,417
20440,1012,415
20441,1011,415
20442,1011,414
20443,1010,414
20444,1009,414
20445,1008,415
20446,1008,414
20447,1008,413
20448,1007,412
20449,1007,411
20450,1004,410
20451,1007,409
20452,1010,406
20453,1014,404
20454,1015,401
20455,1019,398
20456,1022,397
20457,1023,394
20458,1026,392
20459,1027,391
20460,1029,389
20461,1030,388
20462,1031,386
20463,1032,385
20464,1033,382
20465,1033,381
20466,1034,379
20467,1034,378
20468,1035,376
20469,1034,375
20470,1035,374
20471,1035,373
20472,1035,371
20473,1035,369
20474,1034,369
20475,1035,367
20476,1034,366
20477,1035,365
20478,1034,363
20479,1034,362
20480,1032,361
20481,1033,360
20482,1032,359
20483,1032,358
20484,1031,357
20485,1031,356
20486,1030,355
20487,1031,354
20488,1030,353
20489,1027,355
20490,1024,358
20491,1020,362
20492,1017,365
20493,1015,368
20494,1012,371
20495,1009,374
20496,1008,377
20497,1005,380
20498,1004,382
20499,1002,385
20500,1001,386
20501,999,388
20502,998,390
20503,996,392
20504,996,394
20505,993,395
20506,993,394
20507,996,394
20508,999,393
20509,1000,392
20510,1000,389
20511,999,387
20512,1000,384
20513,999,381
20514,1001,379
20515,1000,378
20516,1003,376
20517,1002,374
20518,1004,373
20519,1003,372
20520,1002,372
20521,1004,371
20522,1004,370
20523,1001,370
20524,997,370
20525,991,370
20526,986,370
20527,981,370
20528,977,370
20529,975,369
20530,972,368
20531,969,368
20532,968,368
20533,966,368
20534,964,367
20535,962,367
20536,960,367
20537,958,367
20538,956,366
20539,955,366
20540,953,366
20550,973,327
20551,973,327
20552,973,327
20553,973,327
20554,973,327
20555,973,327
20556,973,327
20557,973,327
20558,973,327
20560,955,364
20561,956,364
20562,956,364
20563,954,364
20564,955,364
20565,955,364
20566,955,364
20567,954,364
20568,953,364
20569,952,364
20570,916,366
20571,904,366
20572,894,366
20573,884,367
20574,875,368
20575,867,369
20576,859,370
20577,852,371
20578,845,372
20579,838,373
20580,835,375
20581,829,377
20582,824,379
20583,820,381
20584,816,383
20585,812,385
20586,809,388
20587,806,390
20588,803,393
20589,801,395
20590,797,398
20591,797,400
20592,797,400
20593,796,400
20594,796,400
20595,795,401
20596,796,401
20597,795,402
20598,796,403
20599,795,405
20600,795,406
20601,795,408
20602,795,409
20603,794,411
20604,795,412
20605,797,413
20606,798,413
20607,798,414
20608,800,414
20609,800,415
20610,801,416
20611,802,416
20612,802,418
20613,803,419
20614,805,419
20615,805,420
20616,807,420
20617,808,421
20618,810,421
20619,810,422
20620,811,423
20621,812,424
20622,813,425
20623,816,426
20624,817,426
20625,820,425
20626,822,424
20627,823,423
20628,826,423
20629,827,422
20630,829,422
20631,830,422
20632,831,423
20633,833,423
20634,834,423
20635,835,424
20636,836,425
20637,838,426
20638,838,427
20639,839,427
20640,839,428
20641,842,428
20642,850,428
20643,860,428
20644,870,427
20645,878,426
20646,891,426
20647,900,426
20648,906,426
20649,911,426
20650,915,425
20651,918,424
20652,922,422
20653,925,421
20654,929,420
20655,932,419
20656,934,419
20657,937,417
20658,938,416
20659,940,415
20660,942,414
20661,943,413
20662,941,408
20663,942,409
20664,943,409
20665,943,410
20666,946,409
20667,947,409
20668,948,409
20669,950,408
20670,951,408
20671,953,408
20672,954,408
20673,953,410
20674,954,410
20675,955,410
20676,956,410
20677,957,410
20678,958,411
20679,959,411
20680,960,411
20681,961,411
20686,973,414
20687,973,414
20688,973,414
20689,963,387
20690,965,388
20691,967,388
20692,969,388
20693,971,388
20694,973,387
20695,974,387
20696,976,387
20697,978,387
20698,974,382
20699,975,382
20700,976,381
20701,977,380
20702,977,379
20703,978,379
20704,979,378
20705,980,377
20706,981,376
20710,988,376
20711,990,376
20712,991,376
20713,991,375
20714,992,375
20715,993,375
20716,994,375
20717,993,375
20718,994,375
20719,993,374
20720,994,373
20721,995,372
20722,994,369
20723,996,367
20724,998,365
20725,999,363
20726,1001,361
20727,1002,359
20728,1000,355
20729,1000,352
20730,1000,349
20731,1001,347
20732,1001,344
20733,1002,341
20734,1002,338
20735,1002,336
20736,1003,333
20737,983,354
20738,986,355
20739,987,356
20740,988,356
20741,989,357
20742,990,358
20743,991,359
20744,992,360
20745,993,360
20746,994,361
20747,1000,325
20748,1002,321
20749,1004,316
20750,1002,323
20751,1000,323
20752,1001,321
20753,1001,319
20754,1001,317
20755,1001,315
20756,1001,313
20757,1001,317
20758,1001,316
20759,1001,316
20760,1002,315
20761,1002,315
20762,1002,314
20763,1002,314
20764,1002,313
20765,1002,313
20777,1021,324
20778,1021,324
20779,1003,300
20780,1004,297
20781,1005,294
20782,1005,290
20783,1006,287
20784,1007,283
20785,1008,280
20786,1009,277
20787,1009,273
20788,1010,270
20792,1005,295
20793,1007,293
20794,1008,292
20795,1006,291
20796,1006,291
20797,1014,289
20798,1019,288
20799,1033,287
20800,1041,287
20801,1048,285
20802,1054,284
20803,1060,282
20804,1065,281
20805,1069,280
20806,1074,279
20807,1077,278
20808,1080,276
20809,1083,275
20810,1086,274
20811,1088,273
20812,1090,272
20813,1091,272
20814,1093,270
20815,1095,269
20816,1095,268
20817,1095,267
20818,1096,265
20819,1096,265
20820,1097,263
20821,1097,261
20822,1096,261
20823,1097,260
20824,1096,260
20825,1096,259
20826,1095,258
20827,1095,258
20828,1094,258
20829,1094,256
20830,1092,256
20831,1092,255
20832,1092,253
20833,1091,253
20834,1090,253
20835,1090,252
20836,1089,251
20837,1089,250
20838,1088,250
20839,1088,249
20840,1088,249
20841,1087,248
20842,1086,248
20843,1081,249
20844,1075,251
20845,1068,253
20846,1062,254
20847,1057,256
20848,1053,257
20849,1048,258
20850,1044,259
20851,1041,261
20852,1038,262
20853,1034,264
20854,1031,264
20855,1029,265
20856,1026,266
20857,1024,267
20858,1022,269
20859,1020,269
20860,1017,271
20861,1016,272
20862,1013,272
20863,1012,272
20864,1010,273
20865,1009,274
20866,1007,274
20867,1006,275
20868,1005,276
20869,1004,276
20870,1003,277
20871,1002,277
20872,1001,278
20873,999,279
20874,999,279
20875,998,280
20876,995,283
20877,991,286
20878,989,289
20879,987,291
20880,985,295
20881,983,298
20882,982,301
20883,980,305
20884,980,307
20885,979,309
20886,977,313
20887,977,316
20888,975,319
20889,975,321
20890,973,324
20891,973,326
20892,972,329
20893,972,331
20894,970,333
20895,971,335
20896,970,338
20897,970,340
20898,968,342
20899,969,344
20900,968,345
20901,969,347
20902,968,349
20903,968,351
20904,967,352
20905,968,354
20906,968,356
20907,968,359
20908,969,362
20909,969,364
20910,967,363
20911,969,363
20912,971,362
20913,969,361
20914,965,359
20915,965,357
20916,963,355
20917,963,353
20918,962,351
20919,960,350
20920,960,349
20921,959,348
20922,958,347
20923,957,346
20924,956,346
20925,956,344
20926,955,343
20927,955,341
20928,954,341
20929,955,340
20930,954,339
20931,954,339
20932,953,338
20933,953,338
20934,954,337
20935,953,337
20936,955,337
20937,955,337
20938,957,335
20939,959,334
20940,960,333
20941,962,332
20942,963,332
20943,965,331
20944,967,330
20945,968,329
20946,970,328
20954,1093,352
20955,1093,352
20956,1093,352
20957,1093,352
20958,1093,352
20959,1093,352
20960,1093,352
20961,1093,352
20962,1093,352
20965,963,314
20966,963,314
20967,966,312
20968,963,313
20969,961,312
20970,961,312
20971,960,311
20972,960,311
20973,959,311
20974,959,310
20975,960,310
20976,970,307
20977,983,306
20978,996,304
20979,1010,300
20980,1020,300
20981,1029,298
20982,1038,297
20983,1047,295
20984,1054,294
20985,1062,293
20986,1068,292
20987,1074,291
20988,1079,291
20989,1085,290
20990,1089,290
20991,1093,291
20992,1097,290
20993,1101,290
20994,1104,290
20995,1107,291
20996,1109,291
20997,1112,292
20998,1115,292
20999,1116,294
21000,1117,296
21001,1119,296
21002,1119,296
21003,1119,296
21004,1118,295
21005,1119,293
21006,1118,292
21007,1118,291
21008,1117,291
21009,1116,291
21010,1116,291
21011,1116,291
21012,1115,291
21013,1115,291
21014,1115,291
21015,1115,292
21016,1115,293
21017,1113,294
21018,1113,295
21019,1111,295
21020,1110,294
21021,1109,293
21022,1107,292
21023,1105,291
21024,1103,291
21025,1102,291
21026,1102,291
21027,1100,291
21028,1099,291
21029,1098,291
21030,1097,292
21031,1097,293
21032,1095,294
21033,1095,294
21034,1093,295
21035,1092,296
21036,1090,295
21037,1089,294
21038,1087,293
21039,1084,293
21040,1083,293
21041,1082,292
21042,1080,292
21043,1079,292
21044,1078,292
21045,1077,293
21046,1075,294
21047,1074,294
21048,1074,295
21049,1072,296
21050,1070,296
21051,1068,295
21052,1066,294
21053,1064,294
21054,1063,293
21055,1060,294
21056,1059,293
21057,1056,294
21058,1055,294
21059,1054,294
21060,1052,294
21061,1050,295
21062,1050,295
21063,1048,296
21064,1046,295
21065,1044,295
21066,1043,294
21067,1042,294
21068,1040,294
21069,1039,294
21070,1038,294
21071,1036,295
21072,1035,294
21073,1034,295
21074,1034,296
21075,1032,296
21076,1031,295
21077,1030,296
21078,1029,295
21079,1028,295
21080,1027,294
21081,1025,295
21082,1025,295
21083,1023,296
21084,1023,296
21085,1022,296
21086,1021,295
21087,1019,296
21088,1019,295
21089,1018,295
21090,1018,295
21091,1016,296
21092,1016,296
21093,1014,296
21094,1013,296
21095,1012,296
21096,1011,296
21097,1010,296
21098,1009,296
21099,1008,296
21100,1007,296
21101,1010,296
21102,1009,296
21103,1007,296
21104,1006,295
21105,1004,295
21106,1005,295
21107,1003,296
21108,1003,296
21109,1002,296
21110,1000,296
21111,1000,296
21112,998,296
21113,998,296
21114,997,296
21115,996,297
21116,995,296
21117,993,297
21118,992,296
21119,991,297
21120,990,296
21121,989,297
21122,988,296
21123,987,296
21124,987,296
21125,985,296
21126,985,296
21127,983,296
21128,983,296
21129,981,296
21130,981,296
21131,979,297
21132,979,296
21133,977,297
21134,977,296
21135,976,297
21136,975,297
21137,975,297
21138,973,297
21139,973,297
21140,971,297
21141,971,296
21142,970,297
21143,969,296
21144,968,297
21145,968,297
21146,967,297
21147,966,297
21148,966,296
21149,965,296
21150,965,297
21151,964,296
21152,963,297
21153,963,297
21154,961,297
21155,962,296
21156,960,296
21157,960,296
21158,962,297
21159,968,299
21160,976,300
21161,983,301
21162,988,303
21163,993,304
21164,998,307
21165,1002,308
21166,1006,310
21167,1011,312
21168,1014,313
21169,1017,315
21170,1020,318
21171,1022,320
21172,1025,322
21173,1027,324
21174,1029,326
21175,1031,329
21176,1033,331
21177,1035,334
21178,1038,336
21179,1043,339
21180,1047,342
21181,1052,345
21182,1056,348
21183,1061,350
21184,1064,354
21185,1069,357
21186,1073,360
21187,1078,364
21188,1081,367
21189,1086,370
21190,1089,373
21191,1092,374
21192,1095,375
21193,1098,376
21194,1100,377
21195,1103,378
21196,1106,379
21197,1109,381
21198,1112,383
21199,1115,385
21200,1119,386
21201,1121,389
21202,1125,391
21203,1127,394
21204,1131,396
21205,1133,399
21206,1136,401
21207,1137,402
21208,1140,401
21209,1141,402
21210,1144,403
21211,1145,403
21212,1148,404
21213,1149,406
21214,1152,406
21215,1154,408
21216,1157,409
21217,1159,411
21218,1161,412
21219,1163,414
21220,1166,416
21221,1169,418
21222,1170,421
21223,1174,424
21224,1175,426
21225,1176,427
21226,1179,427
21227,1180,427
21228,1182,427
21229,1184,428
21230,1184,429
21231,1187,430
21232,1189,432
21233,1190,434
21234,1192,435
21235,1193,437
21236,1195,438
21237,1197,440
21238,1198,440
21239,1200,441
21240,1200,441
21241,1203,442
21242,1201,442
21243,1186,444
21244,1168,445
21245,1153,447
21246,1138,449
21247,1124,451
21248,1113,452
21249,1102,454
21250,1091,455
21251,1080,456
21252,1070,458
21253,1061,460
21254,1052,461
21255,1044,463
21256,1035,464
21257,1029,466
21258,1020,468
21259,1014,469
21260,1008,470
21261,1001,471
21262,994,473
21263,989,475
21264,983,476
21265,978,477
21266,972,479
21267,968,480
21268,962,481
21269,958,483
21270,953,484
21271,950,485
21272,945,487
21273,941,488
21274,936,489
21275,934,490
21276,929,492
21277,926,493
21278,922,494
21279,919,495
21280,915,497
21281,912,498
21282,908,499
21283,906,501
21284,902,502
21285,900,503
21286,896,505
21287,894,506
21288,890,507
21289,888,508
21290,885,508
21291,884,509
21292,881,509
21293,878,510
21294,875,512
21295,874,513
21296,871,515
21297,867,517
21298,866,517
21299,863,518
21300,863,518
21301,861,519
21302,861,519
21303,859,520
21304,857,522
21305,855,523
21306,852,523
21307,851,524
21308,849,524
21309,848,525
21310,844,527
21311,842,527
21312,841,528
21313,841,528
21314,843,527
21315,844,527
21316,845,527
21317,846,527
21318,848,527
21319,850,527
21320,850,528
21321,847,528
21322,844,530
21323,841,531
21324,840,531
21325,836,534
21326,834,535
21327,833,536
21328,832,538
21329,830,539
21330,829,541
21331,829,543
21332,827,545
21333,826,547
21334,824,549
21335,825,550
21336,824,551
21337,825,550
21338,825,551
21339,826,550
21340,826,551
21341,827,551
21342,826,552
21343,827,553
21344,826,554
21345,827,555
21346,828,555
21347,829,555
21348,829,555
21349,830,555
21350,830,556
21351,832,556
21352,832,557
21353,833,557
21354,833,557
21355,835,557
21356,835,557
21357,837,558
21358,837,558
21359,839,557
21360,840,557
21361,841,557
21362,841,558
21363,843,558
21364,843,558
21365,845,558
21366,846,558
21367,847,558
21368,848,558
21369,849,558
21370,850,559
21371,852,558
21372,852,558
21373,854,558
21374,854,559
21375,856,559
21376,856,559
21377,858,559
21378,858,559
21379,860,559
21380,860,559
21381,861,559
21382,862,559
21383,864,559
21384,864,559
21385,866,559
21386,866,559
21387,868,559
21388,868,559
21389,870,559
21390,870,559
21391,872,559
21392,873,559
21393,873,560
21394,875,559
21395,875,559
21396,877,559
21397,877,559
21398,879,559
21399,879,559
21400,881,559
21401,881,559
21402,883,559
21403,883,559
21404,884,559
21405,885,559
21406,886,559
21407,886,559
21408,888,559
21409,888,559
21410,889,559
21411,890,559
21412,891,559
21413,891,559
21414,892,559
21415,893,559
21416,894,559
21417,894,559
21418,895,559
21419,895,559
21420,897,559
21421,897,559
21422,898,559
21423,898,559
21424,900,559
21425,900,559
21426,898,560
21427,893,563
21428,886,567
21429,878,570
21430,872,573
21431,867,575
21432,862,577
21433,856,580
21434,853,582
21435,849,585
21436,844,587
21437,841,590
21438,838,592
21439,834,595
21440,831,598
21441,829,600
21442,825,603
21443,823,606
21444,822,608
21445,819,611
21446,817,614
21447,816,617
21448,814,620
21449,812,623
21450,812,623
21451,812,623
21452,811,623
21453,812,624
21454,811,624
21455,812,625
21456,811,626
21457,811,627
21458,810,628
21459,810,629
21460,810,631
21461,810,633
21462,810,635
21463,810,637
21464,810,637
21465,812,637
21466,812,638
21467,813,638
21468,813,638
21469,814,639
21470,814,641
21471,816,641
21472,816,642
21473,818,642
21474,818,643
21475,819,643
21476,820,644
21477,822,644
21478,824,644
21479,824,645
21480,827,645
21481,831,644
21482,837,643
21483,844,643
21484,851,642
21485,855,641
21486,857,640
21487,862,640
21488,867,639
21489,871,638
21490,876,637
21491,879,636
21492,881,636
21493,885,635
21494,887,635
21495,889,634
21496,893,633
21497,895,633
21498,896,633
21499,899,632
21500,900,632
21501,903,631
21502,904,631
21503,907,630
21504,907,630
21505,910,630
21506,911,630
21507,913,629
21508,914,629
21509,916,629
21510,916,628
21511,918,628
21512,919,628
21513,921,628
21514,922,628
21515,924,628
21516,925,628
21517,925,628
21518,928,628
21519,930,628
21520,931,628
21521,931,628
21522,934,627
21523,934,628
21524,936,627
21525,936,628
21526,935,630
21527,932,633
21528,929,635
21529,929,638
21530,927,640
21531,927,641
21532,926,643
21533,926,645
21534,925,646
21535,925,648
21536,926,649
21537,925,650
21538,926,651
21539,928,652
21540,927,653
21541,928,654
21542,928,655
21543,929,656
21544,931,657
21545,931,657
21546,933,658
21547,935,658
21548,935,659
21549,937,660
21550,937,663
21551,939,666
21552,941,668
21553,941,671
21554,944,673
21555,946,675
21556,946,678
21557,948,680
21558,949,682
21559,951,684
21560,952,687
21561,954,689
21562,957,691
21563,958,693
21564,960,695
21565,961,697
21566,963,699
21567,964,701
21568,967,702
21569,968,704
21570,971,706
21571,972,708
21572,974,709
21573,975,711
21574,977,712
21575,980,714
21576,980,716
21577,983,717
21578,984,719
21579,986,720
21580,987,722
21581,989,723
21582,991,725
21583,993,726
21584,994,727
21585,996,728
21586,997,730
21587,999,732
21588,1000,733
21589,1002,734
21590,1003,736
21591,1002,737
21592,1000,738
21593,998,739
21594,997,741
21595,995,742
21596,995,744
21597,993,746
21598,992,748
21599,991,750
21600,991,752
21601,990,755
21602,991,757
21603,990,760
21604,990,763
21605,991,765
21606,991,766
21607,993,767
21608,995,769
21609,995,770
21610,997,773
21611,997,775
21612,999,777
21613,1000,779
21614,1002,780
21615,1005,781
21616,1005,783
21617,1008,784
21618,1008,786
21619,1011,787
21620,1012,790
21621,1014,791
21622,1017,792
21623,1017,794
21624,1020,795
21625,1020,797
21626,1022,798
21627,1022,800
21628,1019,803
21629,1017,806
21630,1016,808
21631,1016,810
21632,1015,813
21633,1015,815
21634,1016,817
21635,1014,820
21636,1015,822
21637,1016,824
21638,1016,826
21639,1015,829
21640,1016,831
21641,1017,833
21642,1017,835
21643,1018,837
21644,1019,839
21645,1019,841
21646,1021,843
21647,1021,845
21648,1022,847
21649,1024,848
21650,1024,850
21651,1026,852
21652,1027,854
21653,1028,856
21654,1029,857
21655,1030,859
21656,1032,860
21657,1033,862
21658,1034,863
21659,1035,864
21660,1036,865
21661,1038,867
21662,1040,868
21663,1040,870
21664,1041,871
21665,1041,872
21666,1043,873
21667,1044,875
21668,1045,876
21669,1045,878
21670,1048,878
21671,1045,878
21672,1023,869
21673,998,858
21674,974,847
21675,951,837
21676,933,827
21677,915,818
21678,901,808
21679,894,801
21680,895,796
21681,898,791
21682,900,784
21683,899,779
21684,900,774
21685,901,768
21686,903,762
21687,905,756
21688,905,751
21689,908,746
21690,908,740
21691,911,734
21692,911,730
21693,914,724
21694,914,718
21695,913,713
21696,902,708
21697,887,702
21698,871,697
21699,854,692
21700,840,686
21701,825,681
21702,810,675
21703,791,671
21704,773,666
21705,758,662
21706,739,657
21707,720,653
21708,704,648
21709,688,644
21710,668,640
21711,648,635
21712,630,631
21713,609,627
21714,589,623
21715,568,619
21716,547,615
21717,526,611
21718,506,607
21719,485,603
21720,465,599
21721,444,595
21722,423,591
21723,403,587
21738,1493,109
21739,1493,109
21740,1493,109
21741,1493,109
21742,1493,109
21743,1493,109
21744,1493,109
21745,1493,109
21746,1493,109
21812,1109,918
21813,1110,919
21814,1111,919
21815,1112,920
21816,1112,920
21817,1113,921
21818,1112,922
21819,1113,922
21820,1112,923
21821,1112,923
21822,1112,923
21823,1112,924
21824,1115,926
21825,1113,926
21826,1114,925
21827,1113,925
21828,1115,925
21829,1113,925
21830,1115,925
21831,1113,925
21832,1115,925
21833,1116,926
21834,1116,926
21835,1117,926
21836,1118,926
21837,1118,926
21838,1119,926
21839,1120,926
21840,1120,926
21853,1123,861
21854,1124,864
21855,1122,864
21856,1123,866
21857,1121,869
21858,1122,871
21859,1123,871
21860,1121,873
21861,1122,873
21862,1120,873
21863,1121,873
21864,1122,873
21865,1123,872
21866,1124,872
21867,1124,872
21868,1125,872
21869,1122,870
21870,1122,870
21871,1120,871
21872,1121,871
21873,1121,872
21874,1116,871
21875,1115,871
21876,1109,866
21877,1105,863
21878,1101,860
21879,1087,846
21880,1084,841
21881,1081,837
21882,1081,833
21883,1079,828
21884,1075,825
21885,1074,821
21886,1073,817
21887,1070,814
21888,1069,811
21889,1069,808
21890,1066,806
21891,1066,802
21892,1064,801
21893,1064,799
21894,1064,797
21895,1061,794
21896,1062,793
21897,1061,792
21898,1061,791
21899,1061,789
21900,1059,788
21901,1060,787
21902,1061,787
21903,1059,786
21904,1060,786
21905,1058,786
21906,1059,786
21907,1058,786
21908,1059,786
21909,1058,786
21910,1059,789
21911,1060,788
21912,1059,789
21913,1060,790
21914,1059,792
21915,1059,793
21916,1059,794
21917,1061,794
21918,1064,793
21919,1067,792
21920,1069,790
21921,1073,788
21922,1076,786
21923,1079,784
21924,1078,784
21925,1079,783
21926,1081,782
21927,1082,781
21928,1084,780
21929,1086,779
21930,1087,778
21931,1089,777
21932,1090,776
21937,1108,784
21938,1108,784
21939,1108,784
21940,1108,784
21941,1108,784
21942,1108,784
21943,1108,784
21944,1108,784
21945,1108,784
21948,1092,741
21949,1094,740
21950,1093,739
21951,1095,738
21952,1096,737
21953,1095,735
21954,1096,734
21955,1095,733
21956,1096,732
21957,1097,731
21958,1099,728
21959,1101,726
21960,1093,731
21961,1093,730
21962,1093,730
21963,1094,730
21964,1104,745
21965,1097,737
21966,1094,735
21967,1092,733
21968,1098,735
21969,1096,741
21970,1095,744
21971,1092,748
21972,1092,750
21973,1093,752
21974,1091,756
21975,1091,758
21976,1091,761
21977,1087,766
21978,1088,769
21979,1088,772
21980,1087,775
21981,1088,778
21982,1088,780
21983,1089,783
21984,1088,785
21985,1089,788
21986,1089,791
21987,1090,793
21988,1090,795
21989,1091,797
21990,1093,800
21991,1092,802
21992,1093,805
21993,1093,807
21994,1094,809
21995,1094,811
21996,1096,813
21997,1096,814
21998,1093,815
21999,1074,814
22000,1051,812
22001,1028,810
22002,1009,809
22003,991,808
22004,977,806
22005,962,805
22006,951,803
22007,939,801
22008,929,800
22009,920,799
22010,912,798
22011,904,797
22012,898,795
22013,893,794
22014,888,793
22015,882,792
22016,879,791
22017,876,790
22018,873,789
22019,871,789
22020,869,787
22021,867,786
22022,866,786
22023,866,785
22024,865,784
22025,865,784
22026,866,783
22027,865,783
22028,866,783
22029,868,782
22030,867,782
22031,869,782
22032,871,781
22033,871,781
22034,873,781
22035,876,781
22036,876,782
22037,878,781
22038,881,782
22039,881,782
22040,882,782
22041,885,777
22042,887,773
22043,890,769
22044,891,766
22045,893,763
22046,894,760
22047,897,757
22048,897,755
22049,899,753
22050,900,751
22051,902,749
22052,902,747
22053,904,746
22054,904,745
22055,906,744
22056,906,743
22057,907,742
22058,909,741
22059,911,738
22060,914,735
22061,916,733
22062,919,730
22063,921,727
22064,924,725
22065,925,723
22066,928,721
22067,928,719
22068,931,717
22069,931,716
22070,933,715
22071,935,714
22072,936,713
22073,939,710
22074,941,708
22075,944,705
22076,945,703
22077,948,701
22078,949,699
22079,952,698
22080,953,697
22081,955,696
22082,956,695
22083,958,693
22084,961,691
22085,963,689
22086,966,687
22087,967,685
22088,968,683
22089,971,682
22090,974,681
22091,974,680
22092,977,679
22093,977,678
22094,980,677
22095,981,675
22096,984,673
22097,986,671
22098,989,670
22099,990,669
22100,992,668
22101,992,667
22102,987,666
22103,982,664
22104,977,662
22105,972,660
22106,969,658
22107,963,656
22108,959,654
22109,953,653
22110,949,652
22111,945,651
22112,939,650
22113,935,649
22114,931,648
22115,925,648
22116,920,648
22117,915,647
22118,911,645
22119,905,644
22120,902,642
22121,897,641
22122,893,639
22123,888,639
22124,884,638
22125,879,637
22126,875,636
22127,870,634
22128,866,633
22129,861,632
22130,858,631
22131,853,630
22132,850,629
22133,847,627
22134,842,626
22135,838,624
22136,833,624
22137,830,622
22138,827,621
22139,822,621
22140,818,620
22141,813,619
22142,810,617
22143,806,616
22144,803,616
22145,799,615
22146,796,614
22147,792,613
22148,789,612
22149,785,611
22150,782,610
22151,778,609
22152,776,608
22153,772,607
22154,769,606
22155,766,605
22156,763,604
22157,759,603
22158,757,603
22159,755,603
22160,751,602
22161,748,602
22162,744,602
22163,742,602
22164,739,602
22165,737,601
22166,733,601
22167,731,601
22168,728,601
22169,726,600
22170,722,600
22171,721,600
22172,719,600
22173,716,600
22174,714,600
22175,712,599
22176,709,599
22177,707,599
22178,705,599
22179,702,599
22180,700,599
22181,697,599
22182,696,598
22183,693,598
22184,692,598
22185,689,598
22186,686,598
22187,685,598
22188,683,598
22189,682,597
22190,680,597
22191,677,597
22192,676,597
22193,676,597
22194,673,597
22195,672,597
22196,670,596
22197,667,596
22198,664,596
22199,670,596
22200,672,596
22201,672,597
22202,673,596
22203,674,596
22204,674,597
22205,675,597
22206,674,598
22207,675,598
22208,675,598
22209,677,598
22210,677,598
22211,678,598
22212,678,598
22213,679,599
22214,679,599
22215,678,599
22216,679,599
22217,679,599
22218,677,599
22219,675,599
22220,668,598
22221,661,597
22222,653,597
22223,647,596
22224,641,595
22225,632,595
22226,624,594
22227,618,593
22228,613,593
22229,606,592
22230,602,591
22231,597,590
22232,594,589
22233,591,588
22234,599,586
22235,602,583
22236,601,582
22237,600,580
22238,602,577
22239,601,575
22240,601,574
22241,600,573
22242,600,572
22243,599,571
22244,599,570
22245,598,569
22246,598,568
22247,596,567
22248,596,567
22249,595,566
22250,597,566
22251,610,562
22252,629,555
22253,648,549
22254,666,543
22255,682,537
22256,699,532
22257,715,528
22258,732,524
22259,747,520
22260,762,517
22261,778,513
22262,793,511
22263,806,508
22264,819,506
22265,831,504
22266,842,502
22267,852,500
22268,864,498
22269,874,496
22270,884,495
22271,894,494
22272,903,493
22273,913,491
22274,921,490
22275,930,489
22276,939,488
22277,947,487
22278,955,487
22279,963,486
22280,971,485
22281,979,484
22282,986,484
22283,994,483
22284,1001,483
22285,1008,483
22286,1015,482
22287,1020,480
22288,1027,479
22289,1033,479
22290,1040,477
22291,1046,477
22292,1052,476
22293,1058,476
22294,1055,479
22295,1047,483
22296,1037,487
22297,1028,491
22298,1021,494
22299,1014,497
22300,1007,500
22301,1001,503
22302,993,506
22303,988,509
22304,983,511
22305,976,514
22306,971,516
22307,965,518
22308,961,521
22309,956,523
22310,952,525
22311,946,528
22312,943,530
22313,938,533
22314,935,536
22315,931,538
22316,927,540
22317,925,540
22318,925,540
22319,923,539
22320,922,539
22321,919,538
22322,917,538
22323,915,538
22324,914,538
22325,911,538
22326,910,538
22327,908,539
22328,907,539
22329,904,540
22330,903,541
22331,902,541
22332,899,542
22333,898,543
22334,896,544
22335,894,546
22336,893,547
22337,889,541
22338,888,535
22339,886,530
22340,884,525
22341,880,520
22342,878,515
22343,875,511
22344,873,507
22345,870,504
22346,868,501
22347,865,498
22348,863,495
22349,861,493
22350,859,490
22351,856,488
22352,855,486
22353,852,484
22354,851,482
22355,849,481
22356,847,479
22357,844,478
22358,843,477
22359,841,476
22360,839,474
22361,837,473
22362,836,472
22363,834,471
22364,833,470
22365,830,469
22366,830,468
22367,827,468
22368,827,468
22369,827,467
22370,826,467
22371,825,466
22372,819,466
22373,818,465
22374,817,464
22375,815,464
22376,815,464
22377,813,464
22378,811,463
22379,809,463
22380,809,463
22381,807,463
22382,806,462
22383,805,462
22384,804,462
22385,802,462
22386,799,462
22387,787,461
22388,769,461
22389,755,461
22390,740,460
22391,719,457
22392,703,455
22393,686,454
22394,670,452
22395,653,449
22396,638,446
22397,623,443
22398,608,440
22399,594,438
22400,580,435
22401,567,435
22402,552,434
22403,541,433
22404,529,432
22405,517,431
22406,505,429
22407,493,428
22408,480,427
22409,468,426
22410,456,425
22411,444,424
22416,436,427
22417,436,427
22418,436,427
22419,436,427
22420,433,429
22421,433,430
22422,433,431
22423,433,433
22424,436,435
22425,435,438
22426,435,439
22427,435,441
22428,434,443
22429,434,445
22430,440,441
22431,441,442
22432,442,443
22433,452,446
22434,454,448
22435,455,451
22436,455,454
22437,457,456
22438,460,457
22439,460,459
22440,464,459
22441,466,459
22442,469,459
22443,467,460
22444,468,460
22445,470,458
22446,469,459
22447,470,460
22448,470,457
22449,472,458
22450,470,459
22451,470,459
22452,470,460
22453,471,461
22454,471,463
22455,470,464
22456,471,465
22457,472,463
22458,471,464
22459,470,465
22460,472,466
22461,474,466
22462,474,467
22463,473,467
22464,474,467
22465,473,468
22466,474,469
22467,474,470
22468,474,471
22469,477,469
22470,478,469
22471,479,469
22472,476,471
22473,476,471
22474,476,471
22475,476,471
22476,477,469
22477,477,469
22478,477,469
22479,477,469
22480,477,469
22481,477,469
22482,477,469
22483,477,469
22484,477,470
22485,477,470
22486,477,470
22488,475,444
22489,475,444
22490,475,444
22491,475,444
22492,475,444
22493,475,444
22494,475,444
22495,475,444
22496,475,444
22498,961,501
22499,960,502
22500,962,502
22501,961,502
22502,960,502
22503,961,501
22504,960,502
22505,961,502
22506,960,502
22507,961,501
22508,960,502
22509,961,502
22510,960,502
22511,961,501
22512,960,502
22513,961,502
22514,960,502
22515,961,501
22516,960,502
22517,961,502
22518,960,502
22519,961,501
22520,960,502
22521,961,502
22522,960,502
22523,961,501
22524,960,502
22525,962,502
22526,960,502
22527,961,501
22528,960,502
22529,961,501
22530,960,502
22531,961,501
22532,960,502
22533,961,501
22534,960,502
22535,961,501
22536,960,502
22537,961,502
22538,960,502
22539,961,502
22540,960,502
22541,961,502
22542,960,502
22543,961,502
22544,960,502
22545,961,502
22546,960,502
22547,961,501
22548,960,502
22549,961,501
22550,960,502
22551,961,501
22552,960,502
22553,961,501
22554,961,502
22555,952,502
22556,939,502
22557,927,502
22558,917,502
22559,908,502
22560,900,501
22561,893,501
22562,885,502
22563,880,502
22564,875,502
22565,869,502
22566,865,502
22567,862,502
22568,858,501
22569,855,501
22570,853,502
22571,850,502
22572,847,502
22573,846,502
22574,845,501
22575,845,501
22576,843,501
22577,842,501
22578,841,501
22579,841,501
22580,840,502
22581,840,502
22582,840,502
22583,840,502
22584,841,502
22585,840,502
22586,841,502
22587,841,502
22588,842,502
22589,842,502
22590,844,502
22591,844,502
22592,846,502
22593,846,502
22594,848,502
22595,858,501
22596,870,500
22597,882,498
22598,892,497
22599,901,496
22600,910,495
22601,918,495
22602,924,494
22603,931,494
22604,936,494
22605,941,493
22606,946,493
22607,950,493
22608,954,493
22609,959,493
22610,962,494
22611,964,493
22612,965,492
22613,966,491
22614,967,491
22615,968,490
22616,969,490
22617,970,489
22618,969,489
22619,970,489
22620,970,489
22621,970,489
22622,971,489
22623,970,490
22624,969,489
22625,966,488
22626,964,486
22627,961,484
22628,960,482
22629,957,481
22630,955,479
22631,953,478
22632,952,477
22633,949,476
22634,948,475
22635,946,474
22636,944,473
22637,943,472
22638,941,471
22639,940,470
22640,938,469
22641,938,468
22642,936,467
22643,935,466
22644,933,466
22645,933,465
22646,931,465
22647,931,463
22648,931,463
22649,928,462
22650,926,461
22651,925,460
22652,923,460
22653,923,459
22654,919,458
22655,908,456
22656,897,453
22657,887,450
22658,879,448
22659,870,445
22660,864,443
22661,857,441
22662,851,440
22663,846,438
22664,841,437
22665,837,435
22666,833,433
22667,828,432
22668,826,430
22669,823,429
22670,821,427
22671,818,425
22672,816,424
22673,814,422
22674,813,421
22675,811,419
22676,811,417
22677,809,416
22678,809,414
22679,808,413
22680,808,412
22681,807,411
22682,807,410
22683,806,409
22684,807,408
22685,806,407
22686,807,405
22687,806,404
22688,807,403
22689,807,402
22690,808,401
22691,808,400
22692,808,399
22693,809,398
22694,809,397
22695,810,396
22696,810,395
22697,811,394
22698,812,393
22699,812,392
22700,814,391
22701,814,390
22702,815,389
22703,815,389
22704,817,388
22705,817,387
22706,818,386
22707,818,385
22708,820,384
22709,820,383
22710,822,382
22711,822,382
22712,824,381
22713,824,380
22714,825,379
22715,825,379
22716,827,378
22717,832,379
22718,837,380
22719,841,382
22720,844,384
22721,849,385
22722,851,386
22723,853,388
22724,854,389
22725,856,391
22726,857,392
22727,859,392
22728,859,393
22729,861,394
22730,861,395
22731,863,395
22732,864,396
22733,865,397
22734,867,398
22735,867,399
22736,868,399
22737,868,401
22738,869,402
22739,869,404
22740,870,405
22741,870,406
22742,869,408
22743,870,409
22744,869,410
22745,869,410
22746,868,410
22747,867,411
22748,866,412
22749,866,413
22750,864,414
22751,864,415
22752,863,415
22753,862,416
22754,861,417
22755,861,417
22756,859,418
22757,859,419
22758,857,420
22759,856,420
22760,851,423
22761,844,427
22762,838,430
22763,834,434
22764,830,438
22765,825,441
22766,822,445
22767,817,449
22768,815,453
22769,811,457
22770,808,461
22771,805,465
22772,802,469
22773,800,473
22774,796,477
22775,794,481
22776,791,486
22777,790,490
22778,789,493
22779,786,495
22780,785,498
22781,782,501
22782,782,504
22783,779,507
22784,779,511
22785,777,514
22786,777,517
22787,775,520
22788,775,522
22789,774,525
22790,774,528
22791,773,530
22792,773,532
22793,772,535
22794,773,536
22795,772,538
22796,772,541
22797,771,543
22798,771,546
22799,770,549
22800,771,552
22801,770,555
22802,771,556
22803,770,558
22804,771,559
22805,770,559
22806,771,560
22807,770,560
22808,771,560
22809,771,561
22810,772,561
22811,771,561
22812,772,562
22813,772,562
22814,773,562
22815,772,563
22816,773,563
22817,773,563
22818,775,563
22819,775,562
22820,776,561
22821,776,560
22822,777,560
22823,777,560
22824,778,560
22825,778,560
22826,779,561
22827,778,561
22828,779,562
22829,779,563
22830,778,564
22831,779,565
22832,780,565
22833,780,565
22834,782,564
22835,782,564
22836,783,563
22837,783,563
22838,784,563
22839,784,564
22840,785,564
22841,784,564
22842,785,565
22843,785,566
22844,786,566
22845,786,566
22846,787,566
22847,787,566
22848,788,565
22849,792,565
22850,797,564
22851,802,565
22852,804,564
22853,806,564
22854,809,564
22855,810,564
22856,811,564
22857,813,564
22858,813,564
22859,815,564
22860,814,564
22861,814,565
22862,815,564
22863,814,565
22864,814,565
22865,813,565
22866,812,565
22867,813,565
22868,811,565
22869,811,565
22870,810,565
22871,810,565
22872,808,565
22873,808,565
22874,807,565
22875,806,564
22876,807,564
22877,809,568
22878,812,572
22879,814,577
22880,818,581
22881,821,585
22882,823,589
22883,826,592
22884,827,596
22885,830,600
22886,831,604
22887,833,608
22888,834,612
22889,836,616
22890,836,620
22891,837,623
22892,838,625
22893,838,627
22894,839,628
22895,838,630
22896,839,632
22897,839,634
22898,840,637
22899,839,639
22900,838,641
22901,839,641
22902,838,642
22903,838,643
22904,837,644
22905,837,645
22906,836,647
22907,836,648
22908,837,650
22909,835,653
22910,836,654
22911,834,655
22912,834,656
22913,833,656
22914,833,657
22915,832,658
22916,832,659
22917,831,661
22918,831,662
22919,830,663
22920,830,663
22921,828,664
22922,828,665
22923,827,666
22924,827,667
22925,826,667
22926,826,666
22927,824,667
22928,824,668
22929,823,668
22930,823,669
22931,821,671
22932,821,671
22933,820,672
22934,820,672
22935,819,672
22936,819,673
22937,818,673
22938,818,674
22939,816,675
22940,816,675
22941,815,676
22942,815,676
22943,814,677
22944,814,677
22945,813,678
22946,813,678
22947,811,678
22948,812,678
22949,810,679
22950,810,679
22951,809,680
22952,809,680
22953,808,681
22954,808,683
22955,806,687
22956,806,691
22957,804,695
22958,804,698
22959,803,701
22960,803,704
22961,801,708
22962,801,711
22963,799,715
22964,799,719
22965,798,722
22966,798,724
22967,796,727
22968,796,730
22969,795,734
22970,795,738
22971,794,741
22972,794,744
22973,793,747
22974,794,750
22975,795,752
22976,797,754
22977,797,755
22978,797,757
22979,798,759
22980,797,760
22981,797,762
22982,796,763
22983,796,765
22984,794,767
22985,795,768
22986,793,769
22987,793,770
22988,792,772
22989,792,774
22990,790,775
22991,790,776
22992,789,778
22993,789,779
22994,789,780
22995,787,781
22996,787,782
22997,787,783
22998,788,784
22999,790,784
23000,793,785
23001,794,785
23002,796,786
23003,797,787
23004,797,787
23005,799,787
23006,800,788
23007,800,789
23008,802,790
23009,802,792
23010,803,792
23011,803,793
23012,804,793
23013,804,794
23014,804,795
23015,805,795
23016,805,795
23017,806,796
23018,806,796
23019,807,796
23020,805,800
23021,803,800
23022,800,800
23023,798,798
23024,797,798
23025,793,797
23026,792,797
23027,789,796
23028,789,796
23029,788,796
23030,786,795
23031,784,794
23032,784,794
23033,782,794
23034,781,793
23035,779,793
23036,780,793
23037,780,793
23038,779,793
23039,779,792
23040,779,792
23041,779,792
23042,756,761
23043,750,753
23044,744,745
23045,738,738
23046,732,730
23047,727,722
23048,723,706
23049,720,697
23050,717,689
23051,715,681
23052,711,674
23053,709,666
23054,707,659
23055,706,651
23056,703,645
23057,702,638
23058,701,632
23059,699,625
23060,698,619
23061,698,613
23062,696,608
23063,696,602
23064,695,597
23065,695,591
23066,696,586
23067,695,580
23068,696,573
23069,697,566
23070,696,561
23071,697,555
23072,698,549
23073,697,544
23074,698,541
23075,697,541
23076,697,540
23077,698,540
23078,696,540
23079,697,540
23080,696,540
23081,696,540
23082,697,540
23083,698,539
23084,697,538
23085,699,537
23086,699,536
23087,701,536
23088,701,535
23089,702,535
23090,702,535
23091,703,535
23092,705,534
23093,705,535
23094,706,535
23095,706,535
23096,708,534
23097,709,534
23098,710,533
23099,710,533
23100,712,533
23101,712,533
23102,713,533
23103,714,533
23104,715,533
23105,716,532
23106,717,532
23107,717,532
23108,719,532
23109,719,532
23110,721,532
23111,721,532
23112,723,532
23113,723,533
23114,724,532
23115,729,533
23116,737,534
23117,745,535
23118,752,536
23119,759,537
23120,765,538
23121,770,540
23122,776,541
23123,780,542
23124,784,543
23125,787,545
23126,792,546
23127,795,547
23128,797,549
23129,801,550
23130,804,552
23131,805,553
23132,808,554
23133,809,556
23134,812,557
23135,812,557
23136,812,556
23137,813,555
23138,812,555
23139,813,555
23140,813,555
23141,814,555
23142,813,555
23143,814,558
23144,784,561
23145,766,564
23146,747,566
23147,729,569
23148,711,572
23149,693,574
23150,674,577
23151,656,580
23152,638,582
23154,808,577
23155,807,578
23156,808,579
23157,807,581
23158,807,582
23159,806,584
23160,806,584
23161,805,584
23162,805,584
23163,804,585
23164,804,585
23165,805,587
23166,807,592
23167,809,598
23168,810,604
23169,812,609
23170,813,615
23171,816,620
23172,817,625
23173,819,629
23174,819,632
23175,821,635
23176,821,639
23177,821,643
23178,822,645
23179,823,648
23180,824,650
23181,823,653
23182,824,656
23183,824,658
23184,825,661
23185,824,663
23186,823,666
23187,824,667
23188,824,669
23189,823,671
23190,824,672
23191,823,674
23192,824,675
23193,823,676
23194,824,678
23195,824,680
23196,824,681
23197,823,682
23198,824,684
23199,823,685
23200,822,686
23201,823,687
23202,822,688
23203,823,689
23204,822,690
23205,822,691
23206,821,692
23207,821,693
23208,820,693
23209,820,694
23210,819,695
23211,820,695
23212,820,697
23213,819,697
23214,819,700
23215,817,704
23216,817,708
23217,816,713
23218,815,718
23219,814,722
23220,814,727
23221,812,732
23222,813,738
23223,811,743
23224,811,748
23225,810,753
23226,808,757
23227,808,761
23228,807,766
23229,807,771
23230,806,776
23231,806,781
23232,805,785
23233,805,789
23234,803,793
23235,803,797
23236,803,802
23237,801,807
23238,801,811
23239,799,816
23240,800,820
23241,798,823
23242,800,826
23243,801,827
23244,801,829
23245,803,830
23246,804,832
23247,806,833
23248,806,835
23249,807,836
23250,806,838
23251,807,839
23252,808,840
23253,807,842
23254,806,843
23255,807,845
23256,806,846
23257,807,847
23258,806,848
23259,807,849
23260,806,850
23261,807,851
23262,805,853
23263,806,854
23264,805,855
23265,805,855
23266,802,854
23267,802,851
23268,799,850
23269,798,849
23270,795,848
23271,795,848
23272,792,846
23273,792,845
23274,792,843
23275,790,843
23276,789,841
23277,788,841
23278,787,840
23279,785,840
23280,786,839
23281,786,838
23282,786,838
23283,785,837
23284,785,836
23285,785,835
23286,785,835
23287,785,834
23288,785,833
23290,780,830
23291,780,830
23292,780,830
23293,780,830
23294,780,830
23295,780,830
23296,751,813
23297,742,808
23298,733,803
23299,726,799
23300,719,794
23301,713,790
23302,708,786
23303,702,782
23304,698,778
23305,694,774
23306,690,770
23307,687,766
23308,684,762
23309,682,758
23310,678,755
23311,676,751
23312,675,748
23313,673,744
23314,672,741
23315,672,737
23316,670,734
23317,670,734
23318,669,731
23319,669,728
23320,668,725
23321,668,722
23322,667,719
23323,667,716
23324,668,713
23325,667,711
23326,668,708
23327,667,705
23328,668,702
23329,668,700
23330,669,697
23331,669,695
23332,670,692
23333,670,690
23334,671,687
23335,673,685
23336,673,682
23337,674,680
23338,673,678
23339,675,676
23340,675,674
23341,676,672
23342,676,670
23343,678,668
23344,678,666
23345,680,664
23346,680,662
23347,681,660
23348,681,658
23349,683,656
23350,683,655
23351,685,653
23352,685,652
23353,687,650
23354,687,648
23355,689,646
23356,689,645
23357,691,644
23358,692,642
23359,694,641
23360,694,639
23361,696,638
23362,697,636
23363,699,635
23364,700,634
23365,702,632
23366,703,631
23367,705,630
23368,705,629
23369,707,628
23370,707,627
23371,709,626
23372,710,625
23373,712,624
23374,712,623
23375,714,621
23376,714,620
23377,716,619
23378,716,619
23379,718,617
23380,718,617
23381,719,616
23382,720,615
23383,721,614
23384,723,613
23385,722,612
23386,724,611
23387,724,611
23388,725,610
23389,725,610
23390,726,609
23391,727,609
23392,728,609
23393,728,609
23394,729,609
23395,729,609
23396,730,609
23397,730,609
23398,731,609
23399,731,609
23400,732,609
23401,732,609
23402,733,609
23403,733,609
23404,734,609
23405,734,609
23406,735,609
23407,735,609
23408,736,609
23409,736,609
23410,737,609
23411,737,609
23412,736,609
23413,738,609
23414,738,609
23415,739,609
23416,742,610
23417,747,615
23418,755,621
23419,762,628
23420,768,634
23421,775,638
23422,779,643
23423,784,647
23424,787,652
23425,793,655
23426,797,660
23427,800,663
23428,804,666
23429,806,670
23430,808,673
23431,811,678
23432,812,684
23433,813,690
23434,815,696
23435,816,701
23436,816,706
23437,818,711
23438,818,716
23439,819,722
23440,819,728
23441,820,734
23442,819,740
23443,820,744
23444,819,749
23445,820,753
23446,819,758
23447,819,763
23448,818,769
23449,818,775
23450,817,781
23451,816,787
23452,815,793
23453,816,796
23454,815,799
23455,814,804
23456,813,808
23457,812,812
23458,816,786
23459,818,782
23460,817,779
23461,818,776
23462,817,774
23463,817,771
23464,818,769
23465,817,767
23466,818,765
23467,817,763
23468,819,761
23469,820,759
23470,819,757
23471,820,756
23472,819,755
23473,820,754
23474,820,753
23475,821,752
23476,822,752
23477,821,751
23478,822,751
23479,823,750
23480,822,751
23481,823,751
23482,823,751
23483,824,752
23484,825,752
23485,824,753
23486,825,754
23487,823,755
23488,825,756
23489,825,758
23490,826,760
23491,826,762
23492,827,763
23493,826,766
23494,828,768
23495,827,770
23496,826,772
23497,828,776
23498,828,778
23499,829,781
23500,831,784
23501,830,787
23502,831,791
23503,831,795
23504,830,799
23505,832,802
23506,831,807
23507,833,811
23508,832,816
23509,833,821
23510,833,825
23511,834,830
23512,834,834
23513,835,839
23514,836,844
23515,835,850
23516,837,856
23517,838,862
23518,837,864
23519,837,869
23520,835,860
23521,836,858
23522,834,855
23523,835,854
23524,836,851
23525,834,849
23526,835,848
23527,833,847
23528,834,845
23529,832,845
23530,833,843
23531,828,845
23532,822,846
23533,818,847
23534,811,848
23535,808,850
23536,804,851
23537,801,854
23538,796,856
23539,794,858
23540,792,860
23541,791,863
23542,788,866
23543,787,869
23544,784,872
23545,784,875
23546,782,878
23547,782,877
23548,783,874
23549,782,872
23550,784,870
23551,783,869
23552,785,866
23553,784,864
23554,784,863
23555,785,861
23556,787,858
23557,789,857
23558,790,855
23559,792,854
23560,791,851
23561,793,849
23562,794,848
23563,796,847
23564,796,846
23565,799,846
23566,799,844
23567,802,842
23568,803,841
23569,803,842
23570,805,841
23571,806,841
23572,808,841
23573,810,841
23574,812,841
23575,826,810
23576,833,801
23577,836,792
23578,840,784
23579,844,775
23580,848,766
23581,848,761
23582,852,754
23583,853,746
23584,854,738
23585,857,730
23586,858,722
23587,861,715
23588,862,707
23589,865,700
23590,865,693
23591,867,687
23592,867,680
23593,869,674
23594,871,668
23595,871,663
23596,873,656
23597,873,650
23598,874,644
23599,874,638
23600,876,633
23601,876,627
23602,877,622
23603,878,617
23604,878,612
23605,879,607
23606,879,602
23607,879,597
23608,881,592
23609,880,588
23610,881,584
23611,880,579
23612,881,575
23613,881,571
23614,882,566
23615,881,563
23616,882,559
23617,882,558
23618,883,558
23619,882,559
23620,882,558
23621,882,558
23622,882,558
23623,881,558
23624,882,557
23625,881,557
23626,882,557
23627,880,559
23628,876,563
23629,874,566
23630,871,570
23631,870,574
23632,868,577
23633,867,580
23634,867,583
23635,866,586
23636,865,588
23637,865,591
23638,864,594
23639,864,597
23640,863,600
23641,864,602
23642,863,605
23643,864,607
23644,865,609
23645,866,611
23646,869,607
23647,869,607
23648,873,605
23649,875,604
23650,877,603
23651,867,609
23652,864,611
23653,862,612
23654,860,615
23655,859,616
23656,858,618
23657,855,620
23658,855,621
23659,853,623
23660,853,625
23661,851,628
23662,851,630
23663,850,631
23664,851,631
23665,851,631
23666,852,631
23667,854,632
23668,854,632
23669,855,633
23670,856,634
23671,857,634
23672,858,635
23673,859,636
23674,859,638
23675,861,638
23676,862,638
23677,860,638
23678,850,640
23679,839,643
23680,828,645
23681,818,648
23682,809,650
23683,800,653
23684,791,655
23685,784,658
23686,777,660
23687,771,661
23688,765,662
23689,760,664
23690,754,666
23691,750,667
23692,747,668
23693,742,671
23694,740,674
23695,737,678
23696,733,682
23697,731,686
23698,727,689
23699,726,693
23700,725,696
23701,722,699
23702,721,702
23703,718,706
23704,718,709
23705,716,713
23706,716,716
23707,714,719
23708,714,722
23709,713,725
23710,713,728
23711,712,731
23712,712,734
23713,713,737
23714,712,740
23715,712,743
23716,711,746
23717,712,749
23718,713,751
23719,712,754
23720,713,757
23721,715,759
23722,717,761
23723,720,764
23724,706,762
23725,698,762
23726,690,762
23727,683,762
23728,675,762
23729,667,762
23730,660,761
23731,652,761
23732,644,761
23734,732,775
23735,738,772
23736,744,768
23737,748,765
23738,754,762
23739,758,759
23740,762,756
23741,767,753
23742,771,751
23743,776,749
23744,779,747
23745,784,744
23746,789,741
23747,792,738
23748,797,735
23749,800,733
23750,804,730
23751,807,729
23752,811,727
23753,813,725
23754,817,723
23755,820,721
23756,824,719
23757,827,717
23758,831,715
23759,834,713
23760,838,711
23761,840,710
23762,844,708
23763,846,707
23764,850,705
23765,852,704
23766,856,702
23767,858,700
23768,862,699
23769,864,698
23770,868,695
23771,870,693
23772,873,691
23773,875,689
23774,879,688
23775,881,686
23776,884,685
23777,886,684
23778,889,683
23779,890,682
23780,894,681
23781,895,681
23782,898,680
23783,900,678
23784,903,677
23785,905,675
23786,908,674
23787,910,673
23788,913,671
23789,914,671
23790,915,670
23791,919,668
23792,921,667
23793,924,666
23794,925,665
23795,929,657
23796,930,645
23797,930,633
23798,929,621
23799,930,609
23800,929,598
23801,929,587
23802,930,577
23803,929,567
23804,929,557
23805,930,547
23806,929,538
23807,929,530
23808,928,523
23809,929,519
23810,928,516
23811,928,513
23812,927,510
23813,928,508
23814,927,505
23815,927,503
23816,926,501
23817,927,499
23818,926,498
23819,927,496
23820,926,495
23821,927,492
23822,927,490
23823,928,487
23824,927,486
23825,928,484
23826,927,483
23827,928,482
23828,928,481
23829,929,480
23830,928,479
23831,929,479
23832,929,479
23833,930,478
23834,931,477
23835,930,476
23836,931,475
23837,932,474
23838,932,473
23839,933,473
23840,933,472
23841,934,472
23842,934,472
23843,935,472
23844,934,472
23845,936,472
23846,936,471
23847,937,470
23848,937,469
23849,938,469
23850,938,468
23851,940,468
23852,940,467
23853,940,467
23854,941,467
23855,941,468
23856,942,469
23857,943,468
23858,945,468
23859,954,465
23860,963,463
23861,974,461
23862,983,459
23863,990,457
23864,996,454
23865,1002,453
23866,1009,451
23867,1013,449
23868,1017,448
23869,1022,446
23870,1026,445
23871,1029,443
23872,1033,442
23873,1035,441
23874,1038,440
23875,1040,440
23876,1042,439
23877,1044,438
23878,1046,438
23879,1047,437
23880,1048,437
23881,1050,437
23882,1050,438
23883,1052,438
23884,1052,438
23885,1053,439
23886,1053,440
23887,1054,440
23888,1054,442
23889,1055,443
23890,1056,444
23891,1057,445
23892,1055,447
23893,1054,448
23894,1055,450
23895,1054,452
23896,1054,451
23897,1051,450
23898,1048,449
23899,1046,447
23900,1044,445
23901,1042,443
23902,1041,440
23903,1040,437
23904,1038,435
23905,1036,432
23906,1036,430
23907,1034,428
23908,1034,426
23909,1033,424
23910,1032,422
23911,1031,421
23912,1030,419
23913,1029,418
23914,1029,416
23915,1028,415
23916,1028,414
23917,1027,413
23918,1026,413
23919,1026,412
23920,1025,411
23921,1025,411
23922,1024,411
23923,1025,410
23924,1024,410
23925,1024,410
23926,1023,411
23927,1024,411
23928,1023,409
23929,1023,406
23930,1022,403
23931,1022,400
23932,1021,398
23933,1023,396
23934,1021,399
23935,1017,404
23936,1014,408
23937,1011,413
23938,1009,418
23939,1007,422
23940,1005,427
23941,1003,432
23942,1000,436
23943,999,441
23944,997,445
23945,996,449
23946,994,454
23947,994,458
23948,992,461
23949,992,463
23950,990,466
23951,990,468
23952,989,470
23953,989,473
23954,987,475
23955,987,478
23956,986,481
23957,986,484
23958,985,487
23959,985,490
23960,984,494
23961,984,496
23962,984,498
23963,983,500
23964,984,502
23965,983,505
23966,983,507
23967,983,509
23968,983,511
23969,982,513
23970,983,514
23971,982,515
23972,983,516
23973,982,518
23974,982,519
23975,983,521
23976,984,523
23977,986,525
23978,981,528
23979,982,530
23980,983,531
23981,984,530
23982,984,530
23983,974,521
23984,968,516
23985,965,511
23986,961,506
23987,958,501
23988,954,498
23989,953,494
23990,951,490
23991,948,487
23992,947,483
23993,945,480
23994,944,477
23995,944,474
23996,942,472
23997,942,469
23998,940,467
23999,940,464
24000,939,461
24001,939,459
24002,938,456
24003,939,454
24004,938,452
24005,938,450
24006,938,448
24007,938,446
24008,939,444
24009,939,442
24010,939,441
24011,939,439
24012,939,437
24013,938,436
24014,940,435
24015,941,433
24016,942,431
24017,942,430
24018,943,428
24019,943,427
24020,944,426
24021,943,424
24022,945,422
24023,945,421
24024,946,419
24025,946,419
24026,944,420
24027,943,420
24028,941,421
24029,941,422
24030,941,423
24031,940,424
24032,941,424
24033,940,426
24034,940,426
24035,939,428
24036,940,429
24037,940,429
24038,941,430
24039,941,431
24040,941,431
24041,939,431
24042,940,431
24043,940,431
24044,939,431
24045,940,432
24046,939,433
24047,940,433
24048,940,433
24049,939,433
24050,939,432
24051,938,432
24052,937,433
24053,936,433
24054,935,433
24055,935,433
24056,934,433
24057,934,433
24058,933,433
24059,935,434
24060,938,434
24061,939,436
24062,944,437
24063,949,437
24064,955,437
24065,959,438
24066,964,439
24067,970,438
24068,975,439
24069,980,440
24070,984,441
24071,989,441
24072,992,442
24073,996,443
24074,999,444
24075,1003,445
24076,1007,446
24077,1011,447
24078,1013,449
24079,1016,451
24080,1020,452
24081,1023,453
24082,1025,452
24083,1026,453
24084,1029,453
24085,1030,453
24086,1032,453
24087,1034,454
24088,1035,455
24089,1037,455
24090,1039,456
24091,1040,457
24092,1043,458
24093,1044,459
24094,1046,460
24095,1047,460
24096,1047,460
24097,1048,460
24098,1046,461
24099,1043,463
24100,1040,464
24101,1039,465
24102,1036,466
24103,1035,467
24104,1033,468
24105,1032,469
24106,1030,470
24107,1031,471
24108,1030,472
24109,1032,473
24110,1031,474
24111,1032,474
24112,1032,475
24113,1034,476
24114,1034,476
24115,1035,476
24116,1035,477
24117,1037,477
24118,1037,477
24119,1039,477
24120,1040,478
24121,1041,478
24122,1041,479
24123,1043,479
24124,1043,479
24125,1045,480
24126,1046,480
24127,1047,480
24128,1048,481
24129,1050,481
24130,1050,482
24131,1050,482
24132,1053,482
24133,1053,482
24134,1055,482
24135,1055,483
24136,1057,483
24137,1058,483
24138,1054,483
24139,1041,483
24140,1024,482
24141,1009,481
24142,994,480
24143,992,480
24144,999,482
24145,1007,483
24146,1014,485
24147,1021,487
24148,1027,489
24149,1035,491
24150,1041,493
24151,1048,495
24152,1055,497
24153,1061,499
24154,1066,501
24155,1073,503
24156,1078,505
24157,1085,505
24158,1089,507
24159,1094,510
24160,1100,512
24161,1105,514
24162,1109,516
24163,1114,519
24164,1119,521
24165,1123,523
24166,1127,526
24167,1130,529
24168,1134,531
24169,1136,533
24170,1137,535
24171,1138,536
24172,1140,538
24173,1141,541
24174,1142,542
24175,1143,545
24176,1144,547
24177,1144,549
24178,1143,547
24179,1142,546
24180,1141,544
24181,1141,543
24182,1140,541
24183,1139,539
24184,1139,538
24185,1138,538
24186,1137,538
24187,1137,538
24188,1136,537
24189,1136,537
24190,1136,537
24191,1134,538
24192,1134,538
24193,1135,538
24194,1134,539
24195,1134,540
24196,1133,541
24197,1133,542
24198,1132,543
24199,1132,544
24200,1133,545
24201,1131,547
24202,1130,549
24203,1130,548
24204,1128,547
24205,1129,546
24206,1129,544
24207,1129,544
24208,1130,544
24209,1130,544
24210,1131,543
24211,1131,544
24212,1133,543
24213,1133,544
24214,1134,544
24215,1134,545
24216,1135,546
24217,1136,547
24218,1137,547
24219,1137,547
24220,1138,546
24221,1138,546
24222,1139,545
24223,1139,544
24224,1140,544
24225,1140,544
24226,1142,545
24227,1142,545
24228,1143,545
24229,1143,546
24230,1145,546
24231,1145,547
24232,1146,547
24233,1146,549
24234,1147,548
24235,1145,547
24236,1140,545
24237,1135,543
24238,1130,542
24239,1127,541
24240,1124,539
24241,1120,539
24242,1118,538
24243,1116,537
24244,1115,537
24245,1112,536
24246,1112,535
24247,1110,535
24248,1110,534
24249,1108,534
24250,1108,534
24251,1108,534
24252,1108,534
24253,1107,533
24254,1107,533
24255,1108,533
24256,1107,533
24257,1108,533
24258,1107,533
24259,1108,533
24260,1108,533
24261,1109,533
24262,1109,533
24263,1110,532
24264,1112,532
24265,1112,532
24266,1113,532
24267,1113,533
24268,1112,532
24269,1105,528
24270,1096,526
24271,1088,523
24272,1081,521
24273,1076,519
24274,1070,517
24275,1065,515
24276,1061,514
24277,1057,512
24278,1052,511
24279,1050,510
24280,1048,508
24281,1046,507
24282,1042,506
24283,1041,505
24284,1038,504
24285,1038,504
24286,1037,503
24287,1035,502
24288,1035,501
24289,1033,501
24290,1034,500
24291,1034,500
24292,1032,499
24293,1033,498
24294,1033,497
24295,1033,498
24296,1034,497
24297,1033,497
24298,1034,497
24299,1034,497
24300,1035,496
24301,1035,496
24302,1037,495
24303,1037,495
24304,1041,495
24305,1050,495
24306,1060,496
24307,1067,496
24308,1073,497
24309,1078,497
24310,1083,498
24311,1086,498
24312,1091,499
24313,1095,500
24314,1099,500
24315,1102,501
24316,1103,501
24317,1106,502
24318,1110,503
24319,1114,503
24320,1118,504
24321,1118,506
24322,1122,507
24323,1125,509
24324,1127,510
24325,1128,510
24326,1130,507
24327,1131,506
24328,1134,504
24329,1134,503
24330,1136,502
24331,1137,502
24332,1139,501
24333,1140,500
24334,1143,500
24335,1143,500
24336,1145,500
24337,1146,500
24338,1148,499
24339,1148,498
24340,1150,498
24341,1150,498
24342,1152,498
24343,1152,498
24344,1151,498
24345,1152,497
24346,1151,497
24347,1150,497
24348,1151,497
24349,1150,497
24350,1150,497
24351,1147,497
24352,1145,496
24353,1151,492
24354,1149,493
24355,1147,495
24356,1147,493
24357,1149,496
24358,1148,498
24359,1148,497
24360,1146,497
24361,1147,498
24362,1149,499
24363,1151,501
24364,1152,503
24365,1153,505
24366,1155,507
24367,1155,509
24368,1157,510
24369,1157,511
24370,1158,512
24371,1158,513
24372,1159,514
24373,1159,515
24374,1160,515
24375,1160,516
24376,1160,517
24377,1160,517
24378,1161,518
24379,1160,518
24380,1160,518
24381,1160,519
24382,1160,519
24383,1159,519
24384,1160,519
24385,1159,519
24386,1159,519
24387,1157,520
24388,1157,521
24389,1156,522
24390,1154,523
24391,1154,523
24392,1153,524
24393,1153,525
24394,1152,525
24395,1152,526
24396,1151,526
24397,1151,526
24398,1150,527
24399,1150,527
24400,1149,527
24401,1149,527
24402,1148,528
24403,1148,528
24404,1147,528
24405,1148,528
24406,1147,528
24407,1147,528
24408,1146,528
24409,1147,528
24410,1145,528
24411,1146,528
24412,1145,528
24413,1146,528
24414,1145,529
24415,1145,528
24416,1144,529
24417,1142,528
24418,1141,528
24419,1137,525
24420,1136,523
24421,1132,521
24422,1130,519
24423,1128,519
24424,1126,518
24425,1126,517
24426,1124,516
24427,1123,515
24428,1123,515
24429,1122,515
24430,1124,515
24431,1123,516
24432,1124,516
24433,1123,516
24434,1124,516
24435,1123,517
24436,1124,517
24437,1123,517
24438,1120,515
24439,1117,514
24440,1116,510
24441,1114,508
24442,1113,507
24443,1113,506
24444,1111,505
24445,1111,505
24446,1110,504
24447,1110,503
24448,1108,502
24449,1108,501
24450,1107,501
24451,1107,500
24452,1106,500
24453,1107,499
24454,1106,499
24455,1107,498
24456,1106,498
24457,1106,498
24458,1106,498
24459,1106,497
24460,1106,497
24461,1107,497
24462,1106,497
24463,1107,497
24464,1106,497
24465,1107,496
24466,1106,496
24467,1108,496
24468,1107,496
24469,1108,496
24470,1108,497
24471,1109,497
24472,1108,497
24473,1109,497
24474,1109,497
24475,1110,497
24476,1110,497
24477,1111,497
24478,1110,497
24479,1112,497
24480,1111,497
24481,1112,497
24482,1112,497
24483,1113,497
24484,1112,498
24485,1113,498
24486,1113,498
24487,1113,497
24488,1113,498
24489,1114,498
24490,1114,497
24491,1115,497
24492,1114,497
24493,1115,497
24494,1115,498
24495,1114,498
24496,1115,498
24497,1115,498
24498,1114,497
24499,1115,498
24500,1116,498
24501,1116,498
24502,1117,498
24503,1103,498
24504,1087,498
24505,1067,498
24506,1048,498
24507,1028,498
24508,1026,500
24509,1034,503
24510,1045,505
24511,1053,503
24512,1061,499
24513,1067,496
24514,1073,493
24515,1081,490
24516,1088,488
24517,1094,485
24518,1102,483
24519,1109,480
24520,1117,478
24521,1124,475
24522,1131,473
24523,1139,471
24524,1146,468
24525,1154,466
24526,1161,463
24537,1102,472
24538,1102,472
24539,1102,472
24540,1100,476
24541,1101,476
24542,1101,473
24543,1102,471
24544,1101,469
24545,1102,467
24546,1102,465
24547,1103,463
24548,1103,462
24549,1104,460
24550,1105,457
24551,1105,457
24552,1106,456
24553,1106,455
24554,1107,455
24555,1107,454
24556,1108,453
24557,1107,453
24558,1108,453
24559,1109,453
24560,1109,453
24561,1108,454
24562,1109,454
24563,1109,454
24564,1108,454
24565,1109,454
24566,1108,454
24567,1107,455
24568,1106,455
24569,1108,456
24570,1108,456
24571,1108,457
24572,1108,457
24573,1108,458
24574,1108,458
24575,1108,458
24576,1108,459
24577,1108,459
24581,1094,448
24582,1076,449
24583,1057,449
24584,1039,448
24585,1019,448
24586,1000,447
24587,981,447
24588,963,446
24589,945,445
24590,927,444
24591,910,443
24592,893,443
24593,878,442
24594,862,441
24595,847,441
24596,832,440
24597,818,440
24598,805,439
24599,793,439
24600,781,438
24601,770,437
24602,758,436
24603,747,435
24604,735,435
24605,725,433
24606,714,432
24607,702,432
24608,692,431
24609,681,430
24610,675,426
24611,679,420
24612,686,411
24613,691,404
24614,695,398
24615,699,391
24616,702,384
24617,705,379
24618,708,373
24619,709,368
24620,711,362
24621,713,358
24622,715,353
24623,716,348
24624,717,343
24625,718,338
24626,719,334
24627,720,330
24628,721,326
24629,721,322
24630,722,319
24631,722,314
24632,722,312
24633,723,308
24634,722,305
24635,723,301
24636,723,299
24637,722,297
24638,723,294
24639,722,291
24640,722,289
24641,722,287
24642,723,285
24643,721,283
24644,721,281
24645,720,280
24646,720,278
24647,720,276
24648,719,275
24649,718,274
24650,717,272
24651,715,271
24652,714,269
24653,713,268
24654,712,267
24655,711,265
24656,710,264
24658,703,271
24659,703,271
24660,701,272
24661,701,272
24662,698,272
24663,697,272
24664,695,273
24665,694,273
24666,692,275
24667,691,275
24668,690,276
24669,688,278
24670,687,280
24671,685,281
24672,684,282
24673,682,284
24674,681,286
24675,681,288
24676,679,290
24677,678,292
24678,677,295
24679,675,297
24680,674,299
24681,674,300
24682,671,304
24683,671,307
24684,670,309
24685,668,313
24686,667,315
24687,666,318
24688,665,322
24689,663,326
24690,662,330
24691,661,334
24692,660,337
24693,659,341
24694,657,345
24695,657,334
24696,656,330
24697,656,326
24698,656,323
24699,655,319
24700,654,314
24701,654,311
24702,655,306
24703,655,302
24704,653,299
24705,653,295
24706,653,291
24707,653,288
24708,653,286
24709,653,283
24710,653,280
24711,653,277
24712,652,274
24713,653,272
24714,653,269
24715,653,267
24716,653,265
24717,652,264
24718,653,261
24719,652,259
24720,653,257
24721,652,256
24722,653,255
24723,653,253
24724,652,252
24725,653,251
24726,653,250
24727,652,249
24728,653,248
24729,652,248
24730,653,247
24731,652,247
24732,653,246
24733,653,245
24734,654,245
24735,653,246
24736,653,246
24737,654,246
24738,654,245
24739,653,247
24740,653,247
24741,653,248
24742,653,249
24743,654,249
24744,653,250
24745,654,251
24746,654,252
24747,654,253
24748,654,255
24749,654,256
24750,654,258
24751,655,259
24752,655,261
24753,655,263
24754,655,265
24755,655,267
24756,656,268
24757,655,272
24758,656,273
24759,656,276
24760,656,279
24761,657,280
24762,657,283
24763,657,281
24764,657,277
24765,656,274
24766,656,271
24767,656,268
24768,656,266
24769,656,263
24770,656,260
24771,655,258
24772,655,257
24773,655,255
24774,656,252
24775,655,250
24776,655,249
24777,655,247
24778,656,245
24779,655,244
24780,655,243
24781,655,242
24782,655,241
24783,655,240
24784,655,239
24785,655,237
24786,655,236
24787,655,236
24788,655,236
24789,655,236
24790,655,235
24791,655,235
24792,655,235
24793,655,235
24794,655,235
24795,655,235
24796,655,235
24797,655,235
24798,655,235
24799,655,235
24800,655,235
24801,655,235
24802,655,235
24803,655,235
24804,655,235
24805,655,235
24806,655,235
24807,655,235
24814,883,220
24815,883,220
24816,883,220
24817,883,220
24818,883,220
24819,883,220
24820,883,220
24821,883,220
24822,883,220
24824,723,93
24825,724,93
24826,722,93
24827,723,93
24828,724,93
24829,724,93
24830,722,94
24831,723,93
24832,723,93
24833,722,93
24834,723,93
24835,723,93
24836,722,93
24837,723,93
24838,723,93
24839,722,93
24840,723,93
24841,723,93
24842,722,93
24843,723,93
24844,723,93
24845,722,93
24846,723,93
24847,723,93
24848,722,93
24849,723,93
24850,723,93
24851,722,93
24852,723,93
24853,723,93
24854,722,93
24855,723,93
24856,723,93
24857,722,93
24858,723,93
24859,723,93
24860,722,93
24861,723,93
24862,723,93
24863,722,93
24864,723,93
24865,723,93
24866,722,93
24867,723,93
24868,723,93
24869,722,93
24870,723,93
24871,723,93
24872,722,93
24873,723,93
24874,723,93
24875,722,93
24876,723,93
24877,723,93
24878,722,93
24879,723,93
24880,723,93
24881,722,93
24882,723,93
24883,723,93
24884,722,93
24885,723,93
24886,723,93
24887,722,93
24888,723,93
24889,723,93
24890,722,93
24891,723,93
24892,723,93
24893,722,93
24894,723,93
24895,723,93
24896,722,93
24897,723,93
24898,724,93
24899,724,93
24900,722,94
24901,723,93
24902,724,93
24903,724,93
24904,724,92
24905,722,93
24906,723,93
24907,724,93
24908,723,94
24909,723,94
24910,724,93
24911,725,93
24912,725,93
24913,723,95
24914,724,94
24915,725,93
24916,726,93
24917,724,94
24918,724,94
24919,725,93
24920,723,95
24921,724,94
24922,723,95
24923,725,94
24924,724,95
24925,725,95
24926,725,95
24927,726,95
24928,725,95
24929,726,95
24930,725,95
24931,726,95
24932,725,95
24933,725,95
24934,729,96
24935,733,97
24936,736,97
24937,737,98
24938,741,99
24939,744,101
24940,745,103
24941,748,102
24942,750,104
24943,753,105
24944,756,105
24945,758,106
24946,760,107
24947,763,107
24948,766,109
24949,766,110
24950,769,110
24951,771,112
24952,774,113
24953,777,114
24954,778,114
24955,781,115
24956,784,116
24957,784,116
24958,787,117
24959,787,119
24960,790,120
24961,792,121
24962,793,122
24963,796,122
24964,798,123
24965,800,124
24966,802,125
24967,803,125
24968,805,126
24969,809,124
24970,812,125
24971,814,125
24972,816,125
24973,821,129
24974,824,130
24975,827,131
24976,828,132
24977,832,133
24978,835,133
24979,836,135
24980,838,135
24981,840,136
24982,842,137
24983,844,138
24984,847,138
24985,849,139
24986,851,140
24987,854,140
24988,856,141
24989,857,143
24990,859,144
24991,860,145
24992,862,145
24993,865,145
24994,866,146
24995,868,146
24996,870,147
24997,872,148
24998,874,149
24999,874,151
25000,876,151
25001,878,151
25002,879,152
25003,881,153
25004,882,154
25005,882,154
25006,882,154
25007,881,155
25008,881,154
25009,880,154
25010,883,155
25011,888,156
25012,893,157
25013,898,157
25014,900,159
25015,905,160
25016,908,161
25017,912,161
25018,916,162
25019,920,163
25020,925,164
25021,928,165
25022,932,165
25023,934,167
25024,938,167
25025,941,168
25026,945,169
25027,948,170
25028,952,170
25029,954,171
25030,957,171
25031,961,172
25032,963,173
25033,967,174
25034,968,176
25035,972,177
25036,974,178
25037,977,178
25038,979,179
25039,982,179
25040,984,180
25041,987,180
25042,989,181
25043,992,181
25044,995,181
25045,997,182
25046,1000,182
25047,1003,182
25048,1006,183
25049,1008,183
25050,1011,183
25051,1014,184
25062,1026,223
25063,1026,223
25064,1026,223
25065,1026,223
25066,1026,223
25067,1026,223
25068,1037,189
25069,1036,188
25070,1039,188
25071,1041,188
25072,1041,188
25073,1043,188
25074,1043,188
25075,1046,188
25076,1046,188
25077,1048,187
25078,1048,188
25079,1050,187
25080,1051,187
25081,1053,186
25082,1050,188
25083,1050,188
25084,1053,187
25085,1055,187
25086,1056,187
25087,1058,187
25088,1053,188
25089,1053,188
25090,1053,188
25091,1053,188
25092,1053,189
25093,1053,189
25094,1054,189
25095,1054,190
25096,1054,190
25097,1054,190
25098,1045,192
25099,1042,192
25100,1039,192
25101,1037,191
25102,1034,192
25103,1032,192
25104,1028,192
25105,1027,190
25106,1025,189
25107,1023,188
25108,1022,186
25109,1019,193
25110,1018,193
25111,1016,194
25112,1015,193
25113,1014,193
25114,1013,193
25115,1010,194
25116,1010,195
25117,1009,195
25118,1009,196
25119,1009,197
25120,1007,199
25121,1007,200
25122,1009,201
25123,1011,202
25124,1012,203
25125,1015,204
25126,1018,205
25127,1020,206
25128,1024,207
25129,1026,208
25130,1031,208
25131,1034,208
25132,1038,209
25133,1042,209
25134,1044,209
25135,1048,209
25136,1051,210
25137,1054,210
25138,1057,211
25139,1059,211
25140,1061,211
25141,1064,211
25142,1066,211
25143,1068,212
25144,1070,212
25145,1072,213
25146,1075,212
25147,1076,214
25148,1078,213
25149,1080,213
25150,1082,213
25151,1082,214
25152,1084,214
25153,1085,215
25154,1087,215
25155,1087,215
25156,1090,215
25157,1090,215
25158,1091,215
25159,1091,216
25160,1093,216
25161,1094,215
25162,1095,215
25163,1096,215
25164,1096,216
25165,1098,215
25166,1098,216
25167,1099,216
25168,1100,216
25169,1101,217
25170,1101,217
25171,1103,217
25172,1103,217
25173,1105,217
25174,1105,217
25175,1106,217
25176,1107,217
25177,1108,217
25178,1108,218
25179,1109,218
25180,1110,217
25181,1110,218
25182,1112,218
25183,1112,218
25184,1113,218
25185,1114,217
25186,1114,218
25187,1115,218
25188,1116,218
25189,1119,219
25190,1121,221
25191,1122,223
25192,1126,225
25193,1127,227
25194,1129,229
25195,1130,231
25196,1133,232
25197,1135,234
25198,1137,235
25199,1139,236
25200,1141,237
25201,1142,239
25202,1144,240
25203,1146,241
25204,1147,243
25205,1149,244
25206,1151,245
25207,1151,247
25208,1153,247
25209,1154,249
25210,1156,249
25211,1157,250
25212,1159,251
25213,1160,252
25214,1162,252
25215,1162,254
25216,1164,255
25217,1164,256
25218,1166,257
25219,1167,258
25220,1168,258
25221,1168,259
25222,1168,260
25223,1168,260
25224,1167,261
25225,1168,261
25226,1166,263
25227,1166,263
25228,1165,264
25229,1165,264
25230,1164,264
25231,1163,266
25232,1163,266
25233,1163,266
25234,1162,267
25235,1161,267
25236,1161,268
25237,1160,268
25238,1160,268
25239,1160,269
25240,1158,270
25241,1158,270
25242,1157,271
25243,1156,271
25244,1156,271
25245,1155,272
25246,1155,272
25247,1154,273
25248,1154,273
25249,1153,273
25250,1153,273
25251,1152,274
25252,1153,274
25253,1152,275
25254,1152,275
25255,1151,276
25256,1151,276
25257,1151,276
25258,1150,276
25259,1150,277
25260,1150,277
25261,1152,277
25262,1152,279
25263,1153,280
25264,1153,281
25265,1154,281
25266,1154,282
25267,1155,282
25268,1155,283
25269,1156,283
25270,1156,284
25271,1155,285
25272,1156,285
25273,1156,285
25274,1155,287
25275,1155,288
25276,1157,291
25277,1158,295
25278,1159,299
25279,1160,303
25280,1162,307
25281,1162,311
25282,1164,314
25283,1163,318
25284,1165,322
25285,1165,326
25286,1166,329
25287,1166,332
25288,1166,336
25289,1166,339
25290,1166,342
25291,1167,344
25292,1166,347
25293,1167,349
25294,1166,352
25295,1166,354
25296,1165,357
25297,1166,359
25298,1165,362
25299,1166,365
25300,1165,368
25301,1166,372
25302,1165,375
25303,1165,379
25304,1164,382
25305,1164,384
25306,1163,386
25307,1163,388
25308,1162,391
25309,1162,393
25310,1161,396
25311,1162,399
25312,1161,401
25313,1161,403
25314,1160,406
25315,1160,406
25316,1160,408
25317,1160,410
25318,1159,412
25319,1159,414
25320,1158,416
25321,1158,417
25322,1157,420
25323,1158,422
25324,1157,424
25325,1157,426
25326,1156,429
25327,1156,431
25328,1155,432
25329,1156,434
25330,1155,435
25331,1155,437
25332,1154,439
25333,1154,441
25334,1153,444
25335,1154,445
25336,1153,447
25337,1153,448
25338,1152,450
25339,1152,452
25340,1151,453
25341,1152,454
25342,1151,456
25343,1151,457
25344,1150,459
25345,1151,460
25346,1150,462
25347,1151,464
25348,1148,465
25349,1142,463
25350,1130,458
25351,1118,453
25352,1108,449
25353,1098,444
25354,1090,440
25355,1082,437
25356,1075,434
25357,1069,430
25358,1064,427
25359,1057,424
25360,1054,421
25361,1049,418
25362,1046,415
25363,1043,412
25364,1040,410
25365,1037,408
25366,1036,405
25367,1034,402
25368,1033,399
25369,1032,396
25370,1030,394
25371,1030,392
25372,1028,390
25373,1028,388
25374,1027,386
25375,1027,384
25376,1027,383
25377,1025,382
25378,1026,380
25379,1025,380
25380,1026,378
25381,1025,376
25382,1028,374
25383,1027,373
25384,1029,371
25385,1029,369
25386,1031,368
25387,1030,367
25388,1031,366
25389,1033,365
25390,1037,368
25391,1040,373
25392,1043,377
25393,1047,382
25394,1049,385
25395,1052,389
25396,1052,392
25397,1051,395
25398,1050,398
25399,1047,401
25400,1046,404
25401,1044,406
25402,1043,409
25403,1040,412
25404,1042,414
25405,1047,415
25406,1053,415
25407,1057,416
25408,1061,416
25409,1065,416
25410,1069,417
25411,1072,417
25412,1075,418
25413,1077,419
25414,1081,419
25415,1082,420
25416,1085,424
25417,1088,428
25418,1091,433
25419,1093,438
25420,1095,442
25421,1097,447
25422,1100,450
25423,1101,455
25424,1104,459
25425,1106,464
25426,1109,468
25427,1110,473
25428,1113,477
25429,1114,482
25430,1116,486
25431,1119,489
25432,1119,492
25433,1120,495
25434,1123,498
25435,1124,501
25436,1126,505
25437,1127,508
25438,1130,512
25439,1130,515
25440,1132,520
25441,1132,524
25442,1135,528
25443,1135,532
25444,1138,535
25445,1138,538
25446,1140,540
25447,1140,542
25448,1142,545
25449,1143,548
25450,1144,551
25451,1145,555
25452,1147,559
25453,1148,562
25454,1149,565
25455,1151,567
25456,1151,569
25457,1153,571
25458,1153,573
25459,1155,572
25460,1156,573
25461,1157,574
25462,1158,576
25463,1159,575
25464,1160,575
25465,1158,577
25466,1158,577
25467,1158,578
25468,1157,579
25469,1158,577
25470,1159,576
25471,1159,576
25472,1160,575
25473,1160,575
25474,1161,574
25475,1156,574
25476,1158,572
25477,1162,569
25478,1165,566
25479,1165,563
25480,1167,561
25481,1167,560
25482,1169,559
25483,1169,557
25484,1169,557
25485,1171,556
25486,1171,556
25487,1170,556
25488,1170,554
25489,1169,552
25490,1167,550
25491,1167,549
25492,1165,548
25493,1165,547
25494,1163,547
25495,1164,549
25496,1163,552
25497,1163,554
25498,1162,556
25499,1162,556
25500,1160,556
25501,1160,556
25502,1158,557
25503,1157,557
25504,1156,558
25505,1155,559
25506,1154,559
25507,1152,561
25508,1152,562
25509,1150,563
25510,1149,564
25511,1147,565
25512,1146,565
25513,1144,564
25514,1142,564
25515,1141,564
25516,1138,565
25517,1138,565
25518,1135,566
25519,1135,566
25520,1132,567
25521,1131,566
25522,1128,566
25523,1127,566
25524,1125,566
25525,1124,566
25526,1121,566
25527,1120,567
25528,1118,567
25529,1117,566
25530,1114,566
25531,1112,566
25532,1110,566
25533,1109,567
25534,1106,567
25535,1105,566
25536,1102,566
25537,1101,566
25538,1099,566
25539,1098,566
25540,1095,567
25541,1094,566
25542,1091,567
25543,1090,566
25544,1089,566
25545,1086,566
25546,1084,566
25547,1082,566
25548,1081,566
25549,1078,566
25550,1077,566
25551,1074,566
25552,1073,566
25553,1070,566
25554,1069,566
25555,1068,566
25556,1065,566
25557,1062,567
25558,1061,566
25559,1059,566
25560,1058,566
25561,1055,566
25562,1054,566
25563,1052,566
25564,1050,566
25565,1048,566
25566,1047,566
25567,1047,567
25568,1048,569
25569,1050,572
25570,1051,574
25571,1053,576
25572,1053,578
25573,1054,580
25574,1054,582
25575,1055,584
25576,1054,585
25577,1055,586
25578,1054,588
25579,1054,589
25580,1052,590
25581,1052,591
25582,1050,592
25583,1050,593
25584,1048,594
25585,1048,594
25586,1046,595
25587,1045,596
25588,1043,597
25589,1041,597
25590,1039,598
25591,1038,598
25592,1035,599
25593,1034,599
25594,1032,600
25595,1030,600
25596,1028,601
25597,1027,601
25598,1024,601
25599,1023,602
25600,1020,602
25601,1019,602
25602,1016,602
25603,1014,602
25604,1011,602
25605,1010,603
25606,1007,603
25607,1006,603
25608,1003,603
25609,1000,604
25610,999,604
25611,998,604
25612,995,604
25613,993,604
25614,990,604
25615,988,604
25616,985,604
25617,984,604
25618,981,604
25619,979,604
25620,976,604
25621,974,604
25622,971,604
25623,970,604
25624,967,604
25625,965,603
25626,963,603
25627,962,604
25628,964,605
25629,967,606
25630,969,607
25631,970,609
25632,970,610
25633,972,612
25634,972,613
25635,972,614
25636,973,614
25637,973,615
25638,972,616
25639,973,617
25640,971,618
25641,970,619
25642,970,619
25643,968,619
25644,967,620
25645,965,621
25646,963,622
25647,963,622
25648,961,622
25649,958,623
25650,957,623
25651,955,624
25652,954,624
25653,951,624
25654,948,625
25655,947,625
25656,945,625
25657,942,625
25658,941,625
25659,938,625
25660,936,626
25661,933,626
25662,932,625
25663,928,626
25664,927,626
25665,924,626
25666,922,626
25667,919,627
25668,917,626
25669,914,627
25670,912,627
25671,909,627
25672,907,627
25673,904,627
25674,902,627
25675,899,628
25676,897,627
25677,894,627
25678,892,627
25679,889,628
25680,887,628
25681,884,628
25682,883,627
25683,880,627
25684,879,627
25685,878,628
25686,880,631
25687,882,633
25688,883,636
25689,885,638
25690,886,640
25691,887,641
25692,886,643
25693,886,645
25694,887,646
25695,886,648
25696,886,649
25697,885,650
25698,885,651
25699,883,652
25700,883,653
25701,881,654
25702,881,655
25703,879,656
25704,878,657
25705,876,657
25706,875,658
25707,873,659
25708,872,659
25709,870,660
25710,869,661
25711,866,661
25712,865,662
25713,863,663
25714,862,664
25715,860,665
25716,858,668
25717,856,671
25718,855,673
25719,853,676
25720,852,678
25721,849,681
25722,848,683
25723,846,686
25724,845,688
25725,843,691
25726,842,693
25727,840,696
25728,839,698
25729,837,700
25730,836,703
25731,834,705
25732,833,707
25733,833,709
25734,830,711
25735,829,712
25736,826,714
25737,825,716
25738,825,718
25739,823,720
25740,822,723
25741,820,725
25742,819,727
25743,817,728
25744,816,730
25745,816,732
25746,814,733
25747,815,734
25748,815,736
25749,815,737
25750,815,738
25751,815,740
25752,815,741
25753,815,743
25754,815,744
25755,815,745
25757,1001,707
25758,1013,705
25759,1025,702
25760,1037,700
25761,1047,698
25762,1056,696
25763,1067,693
25764,1075,692
25765,1083,690
25766,1089,689
25767,1095,688
25768,1100,687
25769,1107,686
25770,1111,684
25771,1114,683
25772,1119,682
25773,1121,682
25774,1126,681
25775,1129,681
25776,1133,680
25777,1136,680
25778,1140,680
25779,1142,680
25780,1146,680
25781,1148,681
25782,1151,681
25783,1153,681
25784,1157,682
25785,1159,682
25786,1162,683
25787,1163,684
25788,1166,685
25789,1167,686
25790,1170,687
25791,1171,688
25792,1175,690
25793,1179,691
25794,1185,693
25795,1187,690
25796,1189,685
25797,1190,679
25798,1192,673
25799,1192,668
25800,1194,663
25801,1195,659
25802,1198,654
25803,1201,649
25804,1204,645
25805,1206,642
25806,1209,638
25807,1213,634
25808,1216,631
25809,1220,627
25810,1224,624
25811,1226,622
25812,1230,619
25813,1234,617
25814,1236,615
25815,1239,613
25816,1241,611
25817,1245,609
25818,1247,608
25819,1250,607
25820,1252,606
25821,1255,605
25822,1256,604
25823,1258,603
25824,1259,603
25825,1260,603
25826,1262,603
25827,1263,603
25828,1265,604
25829,1265,604
25830,1266,605
25831,1266,606
25832,1267,607
25833,1266,608
25834,1264,606
25835,1260,602
25836,1256,598
25837,1254,593
25838,1249,589
25839,1246,584
25840,1241,581
25841,1238,577
25842,1233,574
25843,1230,571
25844,1226,568
25845,1222,565
25846,1218,562
25847,1215,560
25848,1210,558
25849,1206,555
25850,1202,554
25851,1199,552
25852,1196,550
25853,1191,549
25854,1188,547
25855,1185,546
25856,1180,545
25857,1177,545
25858,1173,545
25859,1170,545
25860,1166,547
25861,1164,547
25862,1160,549
25863,1158,550
25864,1154,552
25865,1151,553
25866,1148,555
25867,1145,557
25868,1141,560
25869,1139,562
25870,1136,564
25871,1132,566
25872,1130,564
25873,1127,564
25874,1123,559
25875,1121,556
25876,1117,554
25877,1114,553
25878,1110,551
25879,1108,550
25880,1106,549
25881,1102,547
25882,1099,546
25883,1097,545
25884,1093,545
25885,1092,544
25886,1091,543
25887,1088,543
25888,1087,543
25889,1085,543
25890,1084,543
25891,1082,544
25892,1081,544
25893,1079,545
25894,1076,546
25895,1075,546
25896,1073,547
25897,1073,548
25898,1071,550
25899,1070,551
25900,1069,552
25901,1067,554
25902,1066,556
25903,1064,558
25904,1063,560
25905,1060,561
25906,1059,559
25907,1057,558
25908,1055,556
25909,1055,554
25910,1052,553
25911,1051,552
25912,1049,551
25913,1048,549
25914,1045,549
25915,1044,548
25916,1042,548
25917,1041,547
25918,1041,547
25919,1038,547
25920,1037,546
25921,1035,546
25922,1034,547
25923,1032,547
25924,1032,548
25925,1030,549
25926,1029,549
25927,1027,550
25928,1027,551
25929,1025,553
25930,1024,554
25931,1024,554
25932,1023,555
25933,1021,557
25934,1021,558
25935,1019,558
25936,1018,556
25937,1016,555
25938,1013,553
25939,1012,552
25940,1012,551
25941,1010,551
25942,1009,550
25943,1007,550
25944,1006,550
25945,1004,550
25946,1004,550
25947,1002,550
25948,1002,550
25949,1000,551
25950,1000,552
25951,998,553
25952,997,554
25953,996,555
25954,995,556
25955,994,557
25956,993,556
25957,992,555
25958,991,554
25959,989,553
25960,989,553
25961,987,553
25962,986,552
25963,985,552
25964,984,552
25965,983,552
25966,982,553
25967,981,553
25968,981,553
25969,979,554
25970,979,555
25971,977,555
25972,977,556
25973,975,556
25974,974,555
25975,972,554
25976,972,554
25977,970,554
25978,967,555
25979,963,557
25980,957,558
25981,951,560
25982,944,561
25983,936,561
25984,932,562
25985,927,562
25986,921,562
25987,916,561
25988,912,560
25989,906,559
25990,902,559
25991,898,558
25992,892,557
25993,887,556
25994,882,555
25995,877,554
25996,872,553
25997,867,552
25998,863,551
25999,858,550
26000,853,549
26022,829,527
26023,829,527
26024,832,528
26025,834,529
26026,836,529
26027,839,530
26028,840,530
26029,841,531
26030,845,530
26031,847,529
26032,850,529
26033,852,529
26034,853,530
26035,856,530
26036,856,531
26037,857,531
26038,858,530
26039,858,530
26040,858,530
26041,858,529
26042,858,529
26043,859,528
26044,859,528
26045,859,528
26046,859,527
26047,860,527
26054,882,524
26055,882,524
26056,879,526
26057,878,527
26058,877,528
26059,873,535
26060,873,538
26061,869,544
26062,867,548
26063,865,553
26064,862,558
26065,860,563
26066,857,568
26067,855,573
26068,852,577
26069,850,582
26071,782,578
26072,773,578
26073,763,579
26074,752,581
26075,742,582
26076,733,583
26077,722,585
26078,713,587
26079,704,588
26080,697,587
26081,691,586
26082,685,585
26083,677,585
26084,671,584
26085,666,584
26086,659,584
26087,654,584
26088,648,584
26089,643,584
26090,639,585
26091,635,585
26092,632,586
26093,631,587
26094,630,588
26095,630,589
26096,628,589
26097,629,588
26098,630,587
26099,631,586
26100,631,586
26101,633,585
26102,633,585
26103,635,585
26104,636,585
26105,638,585
26106,639,586
26107,642,586
26108,643,587
26109,645,587
26110,647,587
26111,650,586
26112,652,586
26113,655,585
26114,657,585
26115,660,585
26116,664,584
26117,666,585
26118,669,584
26119,670,584
26120,679,586
26121,690,593
26122,701,601
26123,711,608
26124,719,616
26125,726,623
26126,733,631
26127,742,639
26128,749,646
26129,755,652
26130,762,658
26131,768,664
26132,775,670
26133,781,677
26134,786,684
26135,792,690
26136,797,695
26137,801,699
26138,806,703
26139,810,707
26140,815,711
26141,819,715
26142,822,720
26143,826,724
26144,829,729
26145,833,734
26146,836,739
26147,840,743
26148,842,749
26149,844,754
26150,848,759
26151,849,764
26152,851,767
26153,854,768
26154,855,770
26155,858,773
26156,858,775
26157,857,777
26158,859,779
26159,862,782
26160,863,785
26161,862,784
26162,847,779
26163,825,771
26164,804,763
26165,782,757
26166,762,750
26167,743,744
26168,725,739
26169,704,734
26170,687,728
26171,670,723
26172,653,719
26173,637,715
26174,621,712
26175,606,708
26176,592,705
26177,577,703
26178,564,700
26179,551,698
26180,538,696
26181,527,692
26182,517,689
26183,508,686
26184,499,685
26185,488,684
26186,480,685
26187,472,685
26188,465,685
26189,456,686
26190,449,686
26191,443,687
26192,438,686
26193,434,684
26194,430,682
26195,425,681
26196,422,680
26197,419,679
26198,415,679
26199,413,678
26200,412,678
26201,408,678
26202,406,679
26203,403,679
26204,402,680
26205,399,681
26206,398,683
26207,396,684
26208,396,686
26209,394,688
26210,394,690
26211,394,690
26212,395,690
26213,395,690
26214,397,689
26215,400,689
26216,401,690
26217,403,690
26218,404,691
26219,407,692
26220,407,693
26221,410,695
26222,413,696
26223,414,698
26224,418,699
26225,435,699
26226,457,697
26227,481,694
26228,506,692
26229,531,690
26230,554,689
26231,576,687
26232,600,686
26233,622,685
26234,643,684
26235,664,683
26236,684,683
26237,705,682
26238,724,682
26239,742,682
26240,762,682
26241,779,682
26242,796,682
26243,812,683
26244,827,682
26245,841,681
26246,855,679
26247,868,678
26248,880,677
26249,893,675
26250,904,675
26251,917,674
26252,927,674
26253,936,674
26254,947,674
26255,957,673
26256,967,673
26257,976,674
26258,984,673
26259,991,673
26260,998,672
26261,1006,670
26262,1017,671
26263,1035,674
26264,1053,678
26265,1071,681
26266,1086,685
26267,1100,688
26268,1113,691
26269,1125,693
26270,1138,694
26271,1150,697
26272,1163,699
26273,1173,702
26274,1184,705
26275,1196,708
26276,1205,712
26277,1217,715
26278,1225,718
26279,1233,721
26280,1241,723
26281,1249,725
26282,1256,728
26283,1263,731
26284,1271,734
26285,1277,737
26286,1282,739
26287,1288,742
26288,1293,744
26289,1298,747
26290,1303,749
26291,1306,751
26292,1309,754
26293,1314,756
26294,1317,758
26295,1321,760
26296,1323,763
26297,1324,765
26298,1327,767
26299,1328,769
26300,1331,771
26301,1331,774
26302,1333,776
26303,1334,779
26304,1334,781
26305,1335,783
26306,1335,785
26307,1326,785
26308,1311,786
26309,1297,786
26310,1285,787
26311,1274,788
26312,1261,790
26313,1252,791
26314,1250,791
26315,1243,792
26316,1233,794
26317,1223,795
26318,1214,797
26319,1204,799
26320,1197,802
26321,1189,804
26322,1180,807
26323,1174,810
26324,1167,813
26325,1160,815
26326,1153,818
26327,1147,822
26328,1142,825
26329,1138,829
26330,1133,833
26331,1130,834
26332,1128,834
26333,1127,835
26334,1126,835
26335,1124,837
26336,1124,838
26337,1124,839
26338,1123,841
26339,1124,842
26340,1122,844
26341,1118,846
26342,1114,848
26343,1111,850
26344,1107,853
26345,1104,855
26346,1100,858
26347,1098,861
26348,1097,862
26349,1096,863
26350,1094,864
26351,1093,865
26352,1091,865
26353,1091,866
26354,1089,867
26355,1090,870
26356,1088,872
26357,1089,874
26358,1087,875
26359,1085,876
26360,1085,877
26361,1084,878
26362,1074,878
26363,1050,876
26364,1022,874
26365,994,873
26366,965,872
26367,940,870
26368,914,870
26369,890,869
26370,866,867
26371,841,866
26372,818,866
26373,796,866
26374,774,865
26375,753,865
26376,732,865
26377,711,865
26378,692,866
26379,673,866
26380,656,867
26381,638,867
26382,621,870
26383,606,870
26384,590,871
26385,576,872
26386,562,874
26387,549,875
26388,537,876
26389,528,873
26390,520,870
26391,513,866
26392,506,863
26393,500,859
26394,492,857
26395,487,855
26396,482,853
26397,477,851
26398,471,849
26399,466,847
26400,463,848
26401,458,847
26402,453,846
26403,448,845
26404,448,847
26405,445,848
26406,443,848
26407,441,848
26408,439,848
26409,439,843
26410,439,841
26411,441,836
26412,442,833
26413,441,831
26414,443,829
26415,445,827
26416,446,825
26417,446,825
26418,447,824
26419,447,823
26420,449,822
26421,451,821
26422,452,821
26423,451,820
26424,454,819
26425,454,820
26426,457,819
26427,460,817
26428,464,815
26429,470,812
26430,475,810
26431,482,808
26432,489,807
26433,496,805
26434,500,804
26435,508,802
26436,513,801
26437,520,800
26438,525,800
26439,532,800
26440,538,800
26441,544,800
26442,551,799
26443,559,797
26444,564,796
26445,572,794
26446,578,793
26447,585,792
26448,590,791
26449,598,790
26450,603,790
26451,610,789
26452,616,788
26453,624,786
26454,630,785
26455,637,784
26456,642,784
26457,649,783
26458,654,782
26459,661,781
26460,667,780
26461,674,779
26462,679,778
26463,685,777
26464,690,776
26465,695,775
26466,702,774
26467,707,773
26468,713,773
26469,718,771
26470,724,770
26471,729,769
26472,735,768
26473,740,768
26474,744,767
26475,750,766
26476,755,766
26477,761,765
26478,768,763
26479,772,763
26480,777,762
26481,783,761
26482,787,761
26483,792,760
26484,796,760
26485,799,760
26486,801,761
26487,803,761
26488,806,762
26489,807,763
26490,810,763
26491,810,765
26492,813,766
26493,815,767
26494,817,768
26495,820,768
26496,821,769
26497,824,770
26498,826,770
26499,830,770
26500,831,771
26501,835,772
26502,837,772
26503,841,772
26504,844,772
26505,848,771
26506,850,772
26507,855,772
26508,856,773
26509,860,773
26510,863,774
26511,867,775
26512,869,776
26513,873,777
26514,874,777
26515,877,777
26516,878,777
26517,880,777
26518,881,777
26519,883,777
26520,884,778
26521,886,779
26522,887,780
26523,890,780
26524,890,780
26525,893,780
26526,893,781
26527,896,781
26528,898,782
26529,899,783
26530,901,783
26531,902,783
26532,904,783
26533,907,783
26534,908,784
26535,909,784
26536,912,785
26537,915,785
26538,915,785
26539,918,785
26540,919,786
26541,922,786
26542,923,786
26543,926,786
26544,927,787
26545,930,787
26546,932,788
26547,935,787
26548,936,788
26549,939,788
26550,940,789
26551,943,789
26552,944,789
26553,947,789
26554,948,789
26555,951,789
26556,952,790
26557,954,790
26558,959,783
26559,963,769
26560,966,751
26561,971,734
26562,973,719
26563,977,704
26564,979,689
26565,980,676
26566,982,661
26567,986,648
26568,989,635
26569,992,621
26570,993,609
26571,995,596
26572,998,583
26573,999,572
26574,1001,560
26575,1002,549
26576,1004,537
26577,1005,527
26578,1007,516
26579,1008,505
26580,1012,495
26581,1017,484
26582,1020,475
26583,1025,465
26584,1028,456
26585,1032,446
26586,1035,437
26587,1037,428
26588,1041,419
26589,1043,411
26590,1046,408
26591,1047,408
26592,1050,406
26593,1051,406
26594,1052,405
26595,1055,403
26596,1056,402
26597,1057,401
26598,1059,400
26599,1062,398
26600,1062,398
26601,1064,397
26602,1065,396
26603,1066,395
26604,1067,395
26605,1068,394
26606,1069,394
26607,1070,393
26608,1071,393
26609,1072,393
26610,1072,392
26611,1074,392
26612,1074,392
26613,1075,392
26614,1075,392
26615,1077,392
26616,1077,392
26617,1078,393
26618,1079,393
26619,1080,393
26620,1080,394
26621,1081,395
26622,1081,395
26623,1083,394
26624,1082,395
26625,1083,395
26626,1083,396
26627,1085,396
26628,1086,397
26629,1087,397
26630,1089,397
26631,1086,398
26632,1087,399
26633,1087,398
26634,1087,398
26635,1087,397
26636,1087,397
26637,1088,397
26638,1088,397
26639,1093,412
26640,1097,418
26641,1102,424
26642,1105,430
26643,1110,436
26644,1113,443
26645,1116,449
26646,1119,454
26647,1122,460
26648,1124,465
26649,1126,470
26650,1129,475
26651,1130,480
26652,1132,485
26653,1134,490
26654,1135,495
26655,1137,500
26656,1138,504
26657,1140,509
26658,1141,514
26659,1141,519
26660,1143,524
26661,1142,527
26662,1141,527
26663,1141,529
26664,1139,531
26665,1138,531
26666,1136,532
26667,1136,534
26668,1134,536
26669,1133,538
26670,1130,540
26671,1130,542
26672,1127,544
26673,1126,546
26674,1125,548
26675,1124,549
26676,1121,552
26677,1120,555
26678,1117,558
26679,1115,561
26680,1112,564
26681,1111,566
26682,1108,569
26683,1107,573
26684,1105,576
26685,1103,579
26686,1100,582
26687,1099,580
26688,1098,577
26689,1098,574
26690,1096,572
26691,1096,569
26692,1093,566
26693,1092,564
26694,1092,562
26695,1089,561
26696,1088,559
26697,1088,557
26698,1086,556
26699,1086,555
26700,1084,554
26701,1083,553
26702,1081,553
26703,1080,552
26704,1079,551
26705,1078,551
26706,1076,551
26707,1076,551
26708,1080,551
26709,1084,551
26710,1087,551
26711,1090,551
26712,1095,552
26713,1098,552
26714,1101,553
26715,1104,554
26716,1108,555
26717,1110,556
26718,1114,558
26719,1116,559
26720,1119,561
26721,1121,563
26722,1124,564
26723,1124,565
26724,1124,563
26725,1124,561
26726,1124,558
26727,1123,557
26728,1123,555
26729,1122,553
26730,1122,552
26731,1121,551
26732,1121,550
26733,1119,549
26734,1119,548
26735,1117,548
26736,1117,548
26737,1115,547
26738,1115,547
26739,1113,547
26740,1112,547
26741,1111,547
26742,1110,547
26743,1108,548
26744,1107,549
26745,1105,550
26746,1104,550
26747,1102,552
26748,1102,553
26749,1099,554
26750,1099,556
26751,1097,558
26752,1096,559
26753,1095,560
26754,1095,561
26755,1096,563
26756,1095,564
26757,1096,565
26758,1095,566
26759,1096,568
26760,1095,569
26761,1094,570
26762,1094,571
26763,1093,572
26764,1093,572
26765,1092,573
26766,1092,574
26767,1091,574
26768,1091,575
26769,1089,576
26770,1087,577
26771,1087,577
26772,1085,577
26773,1084,578
26774,1082,578
26775,1081,578
26776,1076,579
26777,1071,579
26778,1065,580
26779,1059,581
26780,1056,581
26781,1050,582
26782,1046,583
26783,1041,584
26784,1037,585
26785,1032,587
26786,1028,588
26787,1023,589
26788,1020,589
26789,1015,590
26790,1012,590
26791,1007,590
26792,1004,591
26793,1000,592
26794,997,592
26795,992,593
26796,990,593
26797,986,593
26798,983,594
26799,979,594
26800,976,594
26801,974,595
26802,970,595
26803,967,595
26804,965,595
26805,961,595
26806,958,595
26807,956,595
26808,953,595
26809,950,595
26810,948,596
26811,944,596
26812,942,596
26813,939,595
26814,938,595
26815,935,595
26816,933,595
26817,941,595
26818,956,595
26819,972,596
26820,988,596
26821,1005,597
26822,1020,597
26823,1036,598
26824,1050,600
26825,1065,601
26826,1080,602
26827,1095,603
26828,1108,604
26829,1121,605
26830,1133,605
26831,1146,605
26832,1156,605
26833,1167,605
26834,1177,605
26835,1188,605
26836,1197,606
26837,1208,606
26838,1216,607
26839,1224,607
26840,1231,607
26841,1240,607
26842,1246,607
26843,1252,607
26844,1259,607
26845,1264,606
26846,1270,606
26847,1274,606
26848,1278,606
26849,1283,605
26850,1287,605
26851,1291,605
26852,1293,605
26853,1295,605
26854,1299,604
26855,1301,604
26856,1302,603
26857,1305,603
26858,1306,602
26859,1308,602
26860,1308,601
26861,1309,601
26862,1309,600
26863,1310,600
26864,1309,600
26865,1310,599
26866,1309,599
26867,1308,598
26868,1308,598
26869,1307,597
26870,1307,597
26871,1305,596
26872,1303,594
26873,1302,593
26874,1300,593
26875,1299,592
26876,1296,592
26877,1295,591
26878,1293,591
26879,1292,591
26880,1289,592
26881,1288,592
26882,1285,592
26883,1283,591
26884,1280,590
26885,1278,590
26886,1275,590
26887,1273,590
26888,1270,590
26889,1268,589
26890,1264,589
26891,1262,588
26892,1258,588
26893,1256,588
26894,1254,587
26895,1250,587
26896,1248,587
26897,1244,587
26898,1241,587
26899,1238,587
26900,1234,586
26901,1228,587
26902,1221,588
26903,1213,589
26904,1203,591
26905,1193,592
26906,1184,593
26907,1174,595
26908,1166,597
26909,1156,599
26910,1149,600
26911,1140,601
26912,1133,602
26913,1124,603
26914,1117,604
26915,1109,605
26916,1103,605
26917,1095,606
26918,1089,607
26919,1081,608
26920,1075,608
26921,1068,609
26922,1063,609
26923,1056,610
26924,1051,611
26925,1044,611
26926,1039,611
26927,1033,612
26928,1028,612
26929,1024,613
26930,1018,613
26931,1013,613
26932,1010,613
26933,1009,613
26934,1008,612
26935,1008,612
26936,1007,612
26937,1007,612
26938,1006,612
26939,1006,611
26940,1005,611
26941,1005,610
26942,1003,611
26943,1003,610
26944,1002,610
26945,1001,610
26946,1000,610
26947,999,609
26948,997,609
26949,997,609
26950,995,609
26951,994,608
26952,992,608
26953,991,607
26954,988,607
26955,987,607
26956,985,606
26957,984,606
26958,981,606
26959,980,605
26960,977,605
26961,977,604
26962,978,602
26963,977,602
26964,978,601
26965,977,599
26966,978,598
26967,979,597
26968,978,597
26969,978,596
26970,977,595
26971,977,594
26972,976,593
26973,976,592
26974,975,592
26975,975,591
26976,974,591
26977,973,590
26978,972,589
26979,972,588
26980,972,589
26981,971,590
26982,971,590
26983,971,591
26984,970,592
26985,970,593
26986,969,593
26987,970,594
26988,969,595
26989,968,595
26990,968,595
26991,967,596
26992,967,596
26993,965,597
26994,965,597
26995,963,597
26996,963,598
26997,963,598
26998,961,598
26999,961,598
27000,961,600
27001,961,601
27002,961,603
27003,961,605
27004,961,607
27005,962,608
27006,961,609
27007,960,611
27008,961,612
27009,961,613
27010,961,614
27011,961,615
27012,960,616
27013,960,617
27014,959,618
27015,960,618
27016,959,619
27017,957,620
27018,958,621
27019,958,621
27020,956,622
27021,957,622
27022,955,623
27023,953,623
27024,953,623
27025,952,624
27026,952,624
27027,951,624
27028,951,624
27029,950,624
27030,950,624
27031,949,625
27032,950,625
27033,949,626
27034,950,626
27035,950,627
27036,951,628
27037,951,630
27038,952,631
27039,952,632
27040,951,633
27041,952,634
27042,952,635
27043,950,635
27044,951,635
27045,951,636
27046,952,637
27047,951,637
27048,951,637
27049,950,638
27050,949,638
27051,949,638
27052,948,639
27053,948,639
27054,947,639
27055,947,639
27056,946,639
27057,946,639
27058,944,639
27059,945,639
27060,954,639
27061,970,640
27062,988,640
27063,1006,640
27064,1024,641
27065,1040,642
27066,1057,642
27067,1073,643
27068,1090,644
27069,1106,646
27070,1121,647
27071,1138,648
27072,1152,649
27073,1169,650
27074,1182,652
27075,1198,653
27076,1211,654
27077,1226,656
27078,1238,657
27079,1252,659
27080,1264,661
27081,1277,662
27082,1288,665
27083,1299,667
27084,1311,669
27085,1322,671
27086,1331,674
27087,1341,676
27088,1349,678
27089,1356,681
27090,1362,683
27091,1369,686
27092,1374,689
27093,1379,692
27094,1385,695
27095,1390,698
27096,1394,701
27097,1399,705
27098,1402,708
27099,1407,712
27100,1409,715
27101,1413,719
27102,1414,723
27103,1415,723
27104,1413,719
27105,1410,716
27106,1407,714
27107,1405,713
27108,1403,714
27109,1401,714
27110,1398,714
27111,1395,715
27112,1393,716
27113,1390,716
27114,1388,717
27115,1385,718
27116,1383,720
27117,1379,722
27118,1377,724
27119,1373,725
27120,1371,727
27121,1367,729
27122,1365,732
27123,1363,734
27124,1358,737
27125,1356,740
27126,1354,744
27127,1349,747
27128,1347,750
27129,1343,754
27130,1341,758
27131,1337,762
27132,1334,764
27133,1327,764
27134,1320,763
27135,1313,762
27136,1307,761
27137,1302,760
27138,1295,760
27139,1289,760
27140,1284,760
27141,1276,761
27142,1271,762
27143,1264,762
27144,1259,763
27145,1253,764
27146,1248,765
27147,1242,767
27148,1237,769
27149,1231,770
27150,1227,772
27151,1220,774
27152,1217,776
27153,1211,778
27154,1207,781
27155,1201,784
27156,1197,786
27157,1191,786
27158,1188,785
27159,1185,784
27160,1181,784
27161,1178,783
27162,1176,783
27163,1172,784
27164,1170,784
27165,1166,785
27166,1164,785
27167,1162,786
27168,1158,787
27169,1156,789
27170,1154,790
27171,1150,792
27172,1148,793
27173,1145,795
27174,1143,797
27175,1140,798
27176,1138,798
27177,1135,798
27178,1133,797
27179,1132,797
27180,1128,798
27181,1127,798
27182,1124,799
27183,1123,800
27184,1120,801
27185,1119,802
27186,1116,803
27187,1114,805
27188,1113,805
27189,1109,805
27190,1108,805
27191,1105,805
27192,1104,806
27193,1103,806
27194,1100,807
27195,1099,808
27196,1098,808
27197,1095,810
27198,1094,811
27199,1091,811
27200,1090,811
27201,1087,812
27202,1086,813
27203,1085,813
27204,1082,814
27205,1081,814
27206,1079,815
27207,1078,815
27208,1075,815
27209,1074,815
27210,1073,815
27211,1070,816
27212,1069,816
27213,1067,817
27214,1066,818
27215,1064,819
27216,1063,821
27217,1060,822
27218,1059,821
27219,1057,822
27220,1056,822
27221,1054,823
27222,1053,824
27223,1051,824
27224,1050,825
27225,1048,825
27226,1047,825
27227,1045,826
27228,1044,826
27229,1041,827
27230,1041,827
27231,1039,827
27232,1036,828
27233,1033,829
27234,1032,829
27235,1029,830
27236,1027,830
27237,1024,830
27238,1023,831
27239,1021,831
27240,1020,832
27241,1017,832
27242,1016,832
27243,1013,833
27244,1012,834
27245,1009,834
27246,1007,834
27247,1006,834
27248,1002,835
27249,1001,835
27250,998,835
27251,997,835
27252,995,835
27253,994,835
27254,994,834
27255,996,832
27256,1000,828
27257,1003,825
27258,1005,822
27259,1009,818
27260,1010,815
27261,1014,812
27262,1019,809
27263,1025,806
27264,1031,803
27265,1038,800
27266,1043,797
27267,1050,794
27268,1055,791
27269,1062,788
27270,1067,785
27271,1073,783
27272,1077,780
27273,1082,778
27274,1088,775
27275,1092,773
27276,1098,770
27277,1102,767
27278,1107,765
27279,1111,763
27280,1116,760
27281,1119,758
27282,1124,756
27283,1127,754
27284,1132,751
27285,1135,749
27286,1140,748
27287,1142,746
27288,1145,744
27289,1149,742
27290,1152,740
27291,1156,738
27292,1158,736
27293,1162,734
27294,1164,732
27295,1167,730
27296,1169,729
27297,1172,727
27298,1176,726
27299,1177,725
27300,1179,723
27301,1182,721
27302,1184,720
27303,1187,719
27304,1188,717
27305,1191,716
27306,1192,715
27307,1194,713
27308,1195,712
27309,1197,711
27310,1198,710
27311,1200,709
27312,1201,708
27313,1201,708
27314,1203,707
27315,1205,705
27316,1205,705
27317,1207,703
27318,1209,702
27319,1209,701
27320,1211,700
27321,1213,699
27322,1213,698
27323,1214,697
27324,1214,696
27325,1216,695
27326,1218,694
27327,1220,693
27328,1221,692
27329,1223,690
27330,1222,690
27331,1224,689
27332,1224,688
27333,1225,688
27334,1225,688
27335,1227,687
27336,1229,686
27337,1229,685
27338,1230,684
27339,1231,684
27340,1232,683
27341,1232,682
27342,1234,681
27343,1234,681
27344,1236,680
27345,1236,680
27346,1238,679
27347,1238,678
27348,1240,678
27349,1241,676
27350,1243,675
27351,1244,675
27352,1246,674
27353,1235,676
27354,1233,675
27355,1232,674
27356,1230,674
27357,1230,673
27358,1228,673
27359,1227,673
27360,1226,672
27361,1224,672
27362,1223,671
27363,1222,671
27364,1217,673
27365,1213,674
27366,1208,676
27367,1205,677
27368,1201,679
27369,1198,680
27370,1193,682
27371,1190,683
27372,1185,684
27373,1182,685
27374,1180,686
27375,1176,687
27376,1173,689
27377,1170,690
27378,1168,691
27379,1165,692
27380,1164,693
27381,1161,694
27382,1160,695
27383,1157,696
27384,1156,697
27385,1154,698
27386,1153,698
27387,1151,699
27388,1150,700
27389,1148,701
27390,1147,701
27391,1145,702
27392,1144,703
27393,1141,703
27394,1137,703
27395,1133,703
27396,1131,699
27397,1128,699
27398,1126,698
27399,1122,697
27400,1120,696
27401,1116,696
27402,1114,695
27403,1111,694
27404,1110,694
27405,1106,693
27406,1105,692
27407,1102,692
27408,1101,692
27409,1098,691
27410,1097,691
27411,1095,690
27412,1094,689
27413,1092,689
27414,1091,689
27415,1089,688
27416,1091,687
27417,1094,686
27418,1098,685
27419,1099,684
27420,1099,683
27421,1092,682
27422,1085,681
27423,1078,680
27424,1072,679
27425,1066,678
27426,1060,676
27427,1050,675
27428,1044,674
27429,1040,674
27430,1033,673
27431,1028,673
27432,1022,673
27433,1017,673
27434,1013,672
27435,1007,671
27436,1003,670
27437,1000,669
27438,994,668
27439,990,667
27440,985,667
27441,982,667
27442,977,666
27443,974,665
27444,970,664
27445,967,664
27446,963,663
27447,960,662
27448,958,661
27449,954,661
27450,951,660
27451,948,660
27452,946,659
27453,944,658
27454,940,658
27455,938,657
27456,934,657
27457,928,655
27458,920,652
27459,913,649
27460,906,646
27461,898,643
27462,892,641
27463,886,638
27464,878,636
27465,871,634
27466,864,633
27467,858,631
27468,853,629
27469,846,627
27470,841,625
27471,836,623
27472,830,621
27473,825,619
27474,819,617
27475,815,615
27476,809,614
27477,805,612
27478,801,610
27479,796,608
27480,792,606
27481,788,605
27482,783,604
27483,779,604
27484,774,603
27485,771,603
27486,768,603
27487,763,603
27488,760,603
27489,756,603
27490,753,603
27491,749,603
27492,746,603
27493,742,603
27494,739,603
27495,737,602
27496,733,602
27497,730,603
27498,727,603
27499,725,602
27500,723,602
27501,719,602
27502,716,602
27503,714,602
27504,710,603
27505,708,603
27506,705,603
27507,704,603
27508,702,603
27509,704,602
27510,706,602
27511,706,602
27512,708,602
27513,709,602
27514,709,602
27515,711,602
27516,712,602
27517,714,602
27518,714,602
27519,716,602
27520,716,602
27521,718,602
27522,719,602
27523,719,602
27524,721,602
27525,722,602
27526,724,602
27527,724,602
27528,724,602
27529,726,602
27530,726,602
27531,728,602
27532,728,602
27533,730,602
27534,730,602
27535,731,602
27536,728,598
27537,721,589
27538,714,581
27539,706,574
27540,701,567
27541,696,561
27542,692,555
27543,688,550
27544,683,546
27545,680,541
27546,678,537
27547,674,533
27548,673,530
27549,672,527
27550,669,524
27551,669,521
27552,668,519
27553,666,516
27554,666,514
27555,664,512
27556,664,511
27557,664,509
27558,664,508
27559,664,507
27560,664,506
27561,664,505
27562,664,504
27563,665,503
27564,667,500
27565,667,499
27566,668,497
27567,670,495
27568,670,494
27569,671,493
27570,671,492
27571,673,491
27572,674,491
27573,675,490
27574,676,490
27575,678,489
27576,679,488
27577,681,486
27578,682,485
27579,682,485
27580,684,484
27581,685,484
27582,687,483
27583,687,484
27584,689,483
27585,690,483
27586,692,481
27587,693,481
27588,695,480
27589,696,480
27590,697,480
27591,699,479
27592,699,479
27593,701,479
27594,702,478
27595,704,478
27596,704,478
27597,707,477
27598,707,477
27599,709,476
27600,710,476
27601,711,475
27602,712,474
27603,714,474
27604,714,474
27605,716,473
27606,716,474
27607,718,474
27608,719,474
27609,719,474
27610,722,474
27611,722,473
27612,724,473
27613,725,472
27614,725,472
27615,727,472
27616,728,473
27617,729,473
27618,730,473
27619,731,472
27620,732,472
27621,734,472
27622,734,472
27623,734,472
27624,736,472
27625,737,472
27626,739,472
27627,739,472
27628,741,472
27629,741,472
27630,743,472
27631,747,473
27632,751,474
27633,754,475
27634,757,476
27635,761,476
27636,763,477
27637,767,478
27638,768,478
27639,770,478
27640,773,478
27641,775,478
27642,777,478
27643,778,479
27644,780,479
27645,781,480
27646,783,480
27647,783,481
27648,785,481
27649,785,482
27650,788,481
27651,788,482
27652,789,482
27653,789,482
27654,791,481
27655,791,481
27656,792,480
27657,792,480
27658,793,479
27659,793,479
27660,794,478
27661,794,478
27662,795,477
27663,795,477
27664,796,476
27665,796,475
27666,798,475
27667,798,474
27668,800,474
27669,808,470
27670,817,465
27671,828,461
27672,837,457
27673,844,453
27674,852,450
27675,858,447
27676,864,443
27677,869,440
27678,875,437
27679,880,434
27680,883,432
27681,887,429
27682,891,427
27683,894,425
27684,898,422
27685,900,420
27686,902,417
27687,904,415
27688,905,413
27689,907,410
27690,908,408
27691,910,405
27692,910,404
27693,912,401
27694,912,400
27695,913,397
27696,912,395
27697,912,394
27698,914,392
27699,913,390
27700,913,388
27701,912,386
27702,913,384
27703,912,382
27704,912,380
27705,911,379
27706,912,377
27707,910,376
27708,910,374
27709,909,372
27710,909,370
27711,907,369
27712,907,367
27713,905,365
27714,905,364
27715,904,363
27716,903,361
27717,903,360
27718,901,359
27719,901,357
27720,899,356
27721,899,354
27722,897,353
27723,895,352
27724,891,352
27725,887,353
27726,884,354
27727,881,355
27728,879,355
27729,875,356
27730,873,356
27731,870,356
27732,868,357
27733,865,357
27734,864,357
27735,861,358
27736,859,358
27737,857,358
27738,854,359
27739,848,360
27740,842,362
27741,835,363
27742,830,364
27743,825,365
27744,820,366
27745,816,368
27746,811,370
27747,809,371
27748,805,372
27749,804,373
27750,800,375
27751,799,375
27752,796,376
27753,795,377
27754,793,378
27755,792,379
27756,790,380
27757,789,380
27758,788,381
27759,787,382
27760,786,382
27761,785,383
27762,785,383
27763,785,384
27764,784,384
27765,785,385
27766,783,385
27767,784,386
27768,783,386
27769,784,386
27770,783,387
27771,784,387
27772,783,387
27773,784,387
27774,783,388
27775,784,388
27776,784,388
27777,784,389
27778,786,389
27779,791,393
27780,797,396
27781,801,399
27782,806,403
27783,810,406
27784,813,409
27785,817,412
27786,819,415
27787,822,418
27788,825,421
27789,827,423
27790,829,426
27791,832,428
27792,833,431
27793,834,434
27794,837,436
27795,837,438
27796,838,441
27797,840,443
27798,840,445
27799,842,447
27800,842,449
27801,843,452
27802,843,454
27803,843,456
27804,844,457
27805,844,459
27806,844,461
27807,844,464
27808,845,465
27809,844,467
27810,845,469
27811,844,471
27812,843,473
27813,843,475
27814,842,476
27815,842,478
27816,841,480
27817,841,482
27818,840,484
27819,843,481
27820,843,483
27821,843,484
27822,844,487
27823,842,490
27824,842,490
27825,840,492
27826,840,492
27827,838,493
27828,840,493
27829,839,493
27830,840,493
27831,839,494
27832,838,494
27833,838,494
27834,837,494
27835,838,494
27836,837,495
27837,837,495
27838,835,495
27839,835,495
27840,835,495
27841,833,496
27842,833,496
27843,832,497
27844,832,497
27845,831,497
27846,829,498
27847,823,498
27848,817,499
27849,811,500
27850,808,501
27851,804,502
27852,801,503
27853,797,504
27854,795,505
27855,792,506
27856,791,506
27857,789,507
27858,786,508
27859,786,509
27860,783,510
27861,783,510
27862,781,511
27863,781,512
27864,779,513
27865,779,513
27866,778,514
27867,779,514
27868,778,515
27869,778,515
27870,777,516
27871,778,516
27872,777,517
27873,778,517
27874,777,518
27875,777,518
27876,777,518
27877,778,519
27878,777,520
27879,778,519
27880,777,519
27881,778,519
27882,777,519
27883,778,519
27884,777,519
27885,778,519
27886,777,520
27887,778,520
27888,778,520
27889,777,520
27890,778,519
27891,778,519
27892,778,519
27893,778,519
27894,779,519
27895,778,519
27896,779,519
27897,778,519
27898,780,519
27899,779,519
27900,780,519
27901,779,519
27902,780,519
27903,778,518
27904,776,518
27905,773,517
27906,771,517
27907,770,517
27908,768,517
27909,768,517
27910,768,517
27911,763,516
27912,761,515
27913,759,515
27914,764,515
27915,766,515
27916,768,514
27917,768,514
27918,767,514
27919,768,514
27920,769,514
27921,770,513
27922,771,513
27923,771,513
27924,773,513
27925,770,513
27926,770,514
27927,773,514
27928,776,515
27929,772,515
27930,761,515
27931,750,514
27932,739,514
27933,730,514
27934,721,514
27935,713,514
27936,706,514
27937,699,514
27938,693,513
27939,688,513
27940,683,513
27941,679,513
27942,675,513
27943,672,513
27944,669,513
27945,665,513
27946,664,512
27947,661,512
27948,660,512
27949,658,512
27950,658,511
27951,656,511
27952,656,511
27953,655,511
27954,655,511
27955,654,511
27956,655,510
27957,655,510
27958,655,510
27959,655,510
27960,656,510
27961,656,509
27962,657,509
27963,657,509
27964,659,509
27965,659,509
27966,661,508
27967,661,508
27968,663,508
27969,663,508
27970,665,507
27971,665,507
27972,668,507
27973,668,506
27974,670,506
27975,671,506
27976,672,506
27977,673,506
27978,675,506
27979,676,506
27980,678,506
27981,679,506
27982,681,505
27983,682,505
27984,684,505
27985,684,505
27986,687,505
27987,688,505
27988,690,505
27989,691,505
27990,693,505
27991,694,505
27992,695,505
27993,697,504
27994,698,505
27995,701,504
27996,703,503
27997,707,503
27998,709,502
27999,711,502
28000,713,501
28001,716,501
28002,718,501
28003,720,501
28004,721,501
28005,723,501
28006,725,502
28007,727,502
28008,728,503
28009,730,504
28010,730,505
28011,733,504
28012,734,504
28013,737,503
28014,738,502
28015,740,502
28016,742,502
28017,744,502
28018,745,502
28019,747,502
28020,748,502
28021,750,503
28022,750,503
28023,752,504
28024,753,505
28025,755,504
28026,756,504
28027,757,503
28028,758,503
28029,760,503
28030,760,503
28031,761,503
28032,762,503
28033,763,503
28034,764,504
28035,766,504
28036,766,504
28037,767,504
28038,768,504
28039,769,503
28040,770,503
28041,771,503
28042,772,504
28043,773,504
28044,774,504
28045,775,504
28046,776,504
28047,777,504
28048,777,504
28049,779,504
28050,779,504
28051,780,504
28052,781,504
28053,783,504
28054,783,504
28055,784,504
28056,785,504
28057,787,504
28058,786,504
28059,788,505
28060,790,505
28061,790,505
28062,789,507
28063,786,510
28064,783,513
28065,781,516
28066,778,519
28067,777,521
28068,775,524
28069,774,526
28070,773,528
28071,771,530
28072,771,531
28073,770,533
28074,770,535
28075,768,536
28076,769,537
28077,768,538
28078,769,539
28079,768,540
28080,769,541
28081,768,543
28082,769,543
28083,769,544
28084,770,545
28085,770,545
28086,771,545
28087,771,545
28088,773,544
28089,773,545
28090,775,545
28091,775,545
28092,776,546
28093,776,546
28094,778,547
28095,778,548
28096,779,549
28097,779,550
28098,781,550
28099,782,549
28100,784,549
28101,784,548
28102,786,549
28103,786,549
28104,788,550
28105,788,550
28106,790,551
28107,791,550
28108,792,550
28109,793,550
28110,794,550
28111,796,550
28112,797,550
28113,801,550
28114,807,551
28115,810,551
28116,815,551
28117,821,550
28118,826,550
28119,831,550
28120,834,551
28121,838,551
28122,840,552
28123,844,552
28124,845,553
28125,849,552
28126,851,552
28127,854,552
28128,856,553
28129,859,553
28130,861,553
28131,864,554
28132,865,555
28133,867,556
28134,870,556
28135,870,555
28136,873,555
28137,873,554
28138,875,554
28139,876,554
28140,878,554
28141,879,554
28142,881,554
28143,882,554
28144,884,554
28145,885,554
28146,887,554
28147,888,555
28148,890,554
28149,890,555
28150,892,555
28151,893,555
28152,893,555
28153,894,557
28154,893,560
28155,892,562
28156,893,564
28157,894,566
28158,893,567
28159,894,568
28160,894,569
28161,895,570
28162,895,572
28163,896,573
28164,895,575
28165,897,577
28166,896,578
28167,897,580
28168,898,581
28169,900,582
28170,899,582
28171,901,582
28172,901,583
28173,903,583
28174,903,584
28175,904,585
28176,905,586
28177,906,587
28178,907,588
28179,908,588
28180,909,588
28181,910,589
28182,910,589
28183,912,589
28184,913,589
28185,913,589
28186,915,590
28187,917,590
28188,917,590
28189,919,590
28190,919,590
28191,921,590
28192,921,591
28193,923,591
28194,923,591
28195,925,591
28196,925,591
28197,927,591
28198,928,591
28199,930,591
28200,930,591
28201,932,591
28202,932,591
28203,934,591
28204,934,591
28205,936,591
28206,937,591
28207,937,591
28208,939,590
28209,939,591
28210,944,591
28211,950,590
28212,956,589
28213,960,588
28214,966,588
28215,970,589
28216,974,589
28217,977,589
28218,982,589
28219,985,590
28220,987,590
28221,991,591
28222,993,591
28223,995,591
28224,998,590
28225,999,591
28226,1001,591
28227,1002,591
28228,1004,591
28229,1005,591
28230,1007,591
28231,1007,591
28232,1009,591
28233,1009,591
28234,1011,591
28235,1011,591
28236,1012,591
28237,1014,590
28238,1014,590
28239,1015,590
28240,1015,591
28241,1016,591
28242,1017,591
28243,1018,591
28244,1018,591
28245,1019,590
28246,1020,588
28247,1023,583
28248,1026,578
28249,1027,573
28250,1030,568
28251,1030,564
28252,1031,560
28253,1033,556
28254,1034,553
28255,1035,551
28256,1035,548
28257,1036,545
28258,1036,543
28259,1037,541
28260,1037,539
28261,1037,537
28262,1037,536
28263,1038,534
28264,1037,533
28265,1038,532
28266,1037,530
28267,1038,529
28268,1037,528
28269,1037,527
28270,1037,526
28271,1037,525
28272,1036,525
28273,1036,524
28274,1036,524
28275,1036,523
28276,1034,522
28277,1035,521
28278,1035,521
28279,1034,521
28280,1034,520
28281,1033,520
28282,1033,520
28283,1032,519
28284,1032,519
28285,1031,519
28286,1031,519
28287,1030,519
28288,1030,518
28289,1029,518
28290,1030,518
28291,1028,518
28292,1027,517
28293,1027,517
28294,1026,516
28295,1027,516
28296,1022,516
28297,1007,517
28298,990,518
28299,974,518
28300,961,519
28301,949,519
28302,938,520
28303,928,520
28304,918,521
28305,910,521
28306,902,522
28307,894,523
28308,887,523
28309,881,524
28310,874,524
28311,869,526
28312,869,526
28313,865,527
28314,860,527
28315,858,526
28316,854,526
28317,852,526
28318,849,526
28319,848,526
28320,845,526
28321,843,526
28322,842,527
28323,842,526
28324,841,525
28325,842,524
28326,841,523
28327,842,522
28328,843,522
28329,842,522
28330,842,522
28331,843,522
28332,842,522
28333,843,521
28334,843,521
28335,844,521
28336,842,522
28337,841,522
28338,841,523
28339,840,523
28340,839,523
28341,839,523
28342,838,524
28343,851,524
28344,854,523
28345,855,523
28346,856,522
28347,858,522
28348,859,522
28349,861,522
28350,862,523
28351,864,523
28352,864,524
28353,866,524
28354,867,524
28355,870,523
28356,871,522
28357,874,522
28358,875,522
28359,877,522
28360,878,522
28361,880,522
28362,881,523
28363,883,523
28364,884,523
28365,889,523
28366,897,521
28367,906,519
28368,913,518
28369,921,516
28370,928,515
28371,934,514
28372,940,513
28373,946,513
28374,951,512
28375,955,512
28376,959,512
28377,963,512
28378,967,511
28379,973,510
28380,976,509
28381,979,508
28382,983,507
28383,985,506
28384,989,505
28385,991,504
28386,994,503
28387,996,502
28388,1000,502
28389,1001,501
28390,1003,501
28391,1006,501
28392,1007,501
28393,1010,501
28394,1010,501
28395,1013,501
28396,1016,501
28397,1019,500
28398,1019,501
28399,1019,501
28400,1021,501
28401,1024,501
28402,1028,502
28403,1031,503
28404,1034,504
28405,1037,506
28406,1039,507
28407,1042,507
28408,1044,508
28409,1046,509
28410,1048,509
28411,1050,510
28412,1051,510
28413,1053,510
28414,1053,511
28415,1055,511
28416,1055,511
28417,1057,511
28418,1057,512
28419,1059,512
28420,1059,512
28421,1061,512
28422,1061,513
28423,1063,513
28424,1062,513
28425,1064,513
28426,1064,513
28427,1066,513
28428,1067,511
28429,1066,510
28430,1066,508
28431,1066,507
28432,1060,506
28433,1060,505
28434,1060,504
28435,1061,503
28436,1061,501
28437,1062,501
28438,1060,502
28439,1060,502
28440,1060,502
28441,1061,502
28442,1060,502
28443,1060,502
28444,1059,501
28445,1060,499
28446,1061,498
28447,1061,498
28448,1062,498
28449,1061,497
28450,1062,497
28451,1059,497
28452,1058,498
28453,1053,497
28454,1052,496
28455,1051,495
28456,1051,494
28457,1049,494
28458,1050,494
28459,1049,494
28460,1047,494
28461,1048,494
28462,1047,494
28463,1049,494
28464,1048,493
28465,1049,493
28466,1049,493
28467,1048,493
28468,1050,493
28469,1050,493
28470,1049,493
28471,1051,493
28472,1051,492
28473,1050,493
28474,1052,492
28475,1052,492
28476,1051,492
28477,1053,492
28478,1053,492
28479,1054,492
28480,1054,492
28481,1054,492
28482,1054,492
28483,1052,493
28484,1043,495
28485,1033,497
28486,1023,499
28487,1015,500
28488,1008,502
28489,1000,503
28490,992,504
28491,988,508
28492,983,510
28493,979,512
28494,973,514
28495,970,516
28496,967,518
28497,963,520
28498,961,522
28499,959,524
28500,956,526
28501,956,529
28502,954,531
28503,952,534
28504,952,536
28505,952,537
28506,953,537
28507,954,537
28508,955,537
28509,955,537
28510,957,538
28511,958,538
28512,959,539
28513,960,539
28514,962,540
28515,962,541
28516,964,543
28517,965,544
28518,966,545
28519,968,547
28520,968,549
28521,972,548
28522,975,546
28523,979,544
28524,981,543
28525,984,541
28526,986,539
28527,990,538
28528,992,538
28529,994,537
28530,996,536
28531,999,535
28532,1001,535
28533,1002,535
28534,1005,535
28535,1006,535
28536,1009,536
28537,1011,537
28538,1014,537
28539,1014,538
28540,1015,539
28541,1018,539
28542,1018,541
28543,1019,542
28544,1021,544
28545,1025,542
28546,1036,535
28547,1045,531
28548,1053,526
28549,1069,511
28550,1078,505
28551,1086,500
28552,1092,494
28553,1098,490
28554,1104,485
28555,1108,481
28556,1114,477
28557,1117,474
28558,1120,471
28559,1123,468
28560,1127,465
28561,1129,463
28562,1131,461
28563,1133,459
28564,1134,457
28565,1135,456
28566,1137,455
28567,1137,454
28568,1139,454
28569,1138,453
28570,1139,452
28571,1139,452
28572,1138,450
28573,1139,448
28574,1139,446
28575,1139,443
28576,1138,441
28577,1138,439
28578,1137,438
28579,1137,436
28580,1136,435
28581,1136,433
28582,1135,432
28583,1135,431
28584,1134,430
28585,1133,428
28586,1133,426
28587,1132,424
28588,1131,421
28589,1130,419
28590,1130,417
28591,1129,415
28592,1129,414
28593,1127,413
28594,1127,411
28595,1126,410
28596,1126,409
28597,1125,408
28598,1124,407
28599,1123,406
28600,1123,406
28601,1121,405
28602,1121,401
28603,1120,398
28604,1119,396
28605,1118,393
28606,1118,390
28607,1117,388
28608,1116,386
28609,1116,384
28610,1115,382
28611,1114,380
28612,1114,379
28613,1113,377
28614,1113,375
28615,1112,374
28616,1111,373
28617,1112,372
28618,1110,371
28619,1110,371
28620,1109,370
28621,1110,370
28622,1109,369
28623,1109,369
28624,1107,369
28625,1108,367
28626,1107,366
28627,1107,363
28628,1106,361
28629,1106,359
28630,1105,358
28631,1106,356
28632,1105,355
28633,1105,353
28634,1104,352
28635,1104,351
28636,1103,350
28637,1104,349
28638,1103,348
28639,1103,347
28640,1102,347
28641,1103,347
28642,1102,346
28643,1102,346
28644,1101,346
28645,1102,345
28646,1101,344
28647,1101,342
28648,1101,340
28649,1100,339
28650,1101,338
28651,1100,336
28652,1100,335
28653,1100,334
28654,1100,333
28655,1099,333
28656,1100,331
28657,1099,331
28658,1099,330
28659,1098,330
28660,1099,329
28661,1098,328
28662,1099,326
28663,1098,325
28664,1099,324
28665,1098,323
28666,1098,322
28667,1097,322
28668,1098,321
28669,1097,320
28670,1098,319
28671,1097,318
28672,1097,317
28673,1097,316
28674,1094,315
28675,1091,314
28676,1087,313
28677,1084,312
28678,1081,311
28679,1079,309
28680,1077,308
28681,1073,308
28682,1071,307
28683,1070,306
28684,1067,306
28685,1066,305
28686,1064,305
28687,1064,305
28688,1063,304
28689,1063,303
28690,1064,301
28691,1062,301
28692,1063,300
28693,1062,299
28694,1062,299
28695,1062,298
28696,1062,298
28697,1062,297
28698,1062,296
28699,1063,296
28700,1063,295
28701,1064,294
28702,1065,293
28703,1065,293
28704,1066,292
28705,1066,292
28706,1067,291
28707,1066,291
28708,1067,290
28709,1067,290
28710,1068,289
28711,1068,289
28712,1070,288
28713,1070,288
28714,1072,287
28715,1071,286
28716,1072,285
28717,1070,285
28718,1073,283
28719,1075,282
28720,1075,282
28721,1076,281
28722,1077,281
28723,1076,281
28724,1077,280
28725,1076,281
28726,1077,280
28727,1077,280
28728,1077,280
28729,1077,280
28730,1077,280
28731,1078,281
28732,1078,281
28733,1078,282
28734,1078,283
28735,1078,283
28736,1079,283
28737,1079,283
28738,1079,283
28739,1079,282
28740,1077,282
28741,1077,281
28742,1076,281
28743,1075,281
28744,1074,280
28745,1073,280
28746,1072,279
28747,1071,279
28748,1070,278
28749,1072,281
28750,1073,281
28751,1072,281
28752,1070,280
28753,1067,279
28754,1065,277
28755,1061,277
28756,1060,277
28757,1058,275
28758,1057,274
28759,1054,274
28760,1053,274
28761,1053,273
28762,1052,272
28763,1052,272
28764,1051,271
28765,1051,270
28766,1049,270
28767,1050,269
28768,1051,268
28769,1050,268
28770,1049,267
28771,1050,267
28772,1049,267
28773,1050,266
28774,1051,266
28775,1055,267
28776,1058,267
28777,1060,267
28778,1063,268
28779,1065,268
28780,1068,268
28781,1070,268
28782,1073,268
28783,1074,269
28784,1077,269
28785,1078,269
28786,1080,269
28787,1081,269
28788,1083,269
28789,1083,270
28790,1085,269
28791,1086,269
28792,1088,269
28793,1088,270
28794,1089,270
28795,1090,269
28796,1090,270
28797,1091,270
28798,1093,270
28799,1093,271
