frame_no,ball_x,ball_y
178,965,457
179,963,456
180,962,455
181,962,454
182,964,454
183,963,452
184,964,452
185,963,452
186,962,450
187,963,450
188,963,450
189,962,449
190,963,450
191,962,449
192,964,450
193,963,450
194,963,451
195,964,451
196,964,451
197,963,452
198,965,453
199,965,455
200,967,456
201,967,457
202,966,459
203,967,461
204,968,462
205,968,464
206,969,466
207,968,468
208,970,471
209,969,472
210,970,475
211,971,478
212,971,480
213,973,484
214,973,487
215,974,491
216,974,494
217,974,497
218,975,501
219,976,505
220,975,509
221,977,513
222,977,517
223,976,520
224,978,525
225,978,530
226,978,534
227,980,540
228,980,545
229,981,550
230,981,554
231,982,560
232,982,565
233,983,571
234,983,577
235,985,583
236,985,589
237,984,594
238,986,601
239,986,608
240,987,615
241,987,621
242,988,628
243,988,634
244,989,642
245,991,649
246,990,658
247,991,666
248,991,674
249,992,682
250,1010,698
251,1016,709
252,1021,719
253,1027,730
254,1032,740
255,1038,751
256,1044,761
257,1049,772
258,1055,782
260,1036,640
261,1036,640
262,1036,640
263,1036,640
264,1036,640
265,1036,640
266,1036,640
267,1063,648
268,1066,648
269,1069,650
270,1072,653
271,1075,655
272,1077,657
273,1078,660
274,1079,659
275,1079,657
276,1078,655
277,1079,655
278,1078,654
279,1076,651
280,1074,651
281,1075,651
282,1073,650
283,1071,649
284,1071,649
285,1071,649
286,1069,650
287,1067,649
288,1067,649
289,1066,650
290,1065,651
291,1065,652
292,1062,652
293,1060,654
294,1060,655
295,1058,656
296,1057,658
297,1055,659
298,1054,661
299,1052,663
300,1051,666
301,1049,667
302,1048,667
303,1046,666
304,1045,666
305,1043,664
306,1043,664
307,1041,663
308,1038,662
309,1037,662
310,1035,661
311,1034,662
312,1032,663
313,1032,663
314,1029,663
315,1029,663
316,1026,664
317,1026,665
318,1027,666
319,1030,667
320,1035,669
321,1039,671
322,1042,671
323,1045,671
324,1046,670
325,1050,671
326,1052,672
327,1055,672
328,1057,673
329,1059,673
330,1062,675
331,1064,677
332,1067,679
333,1068,680
334,1069,681
335,1072,683
336,1073,686
337,1076,688
338,1077,689
339,1077,692
340,1077,692
341,1077,692
342,1078,693
343,1077,694
344,1078,696
345,1076,697
346,1077,699
347,1076,700
348,1076,702
349,1075,703
350,1075,705
351,1074,706
352,1072,706
353,1072,708
354,1071,709
355,1071,711
356,1070,712
357,1070,714
358,1068,714
359,1068,716
360,1066,716
361,1065,718
362,1063,718
363,1062,720
364,1060,720
365,1060,722
366,1058,722
367,1055,724
368,1055,725
369,1054,725
370,1053,727
371,1054,728
372,1056,729
373,1057,729
374,1058,730
375,1057,732
376,1056,735
377,1057,737
378,1057,738
379,1056,741
380,1057,743
381,1056,745
382,1057,748
383,1056,750
384,1054,751
385,1054,753
386,1052,754
387,1050,755
388,1049,757
389,1048,759
390,1045,761
391,1044,762
392,1042,764
393,1043,766
394,1041,767
395,1041,769
396,1039,770
397,1037,771
398,1036,772
399,1034,773
400,1032,774
401,1032,777
402,1030,779
403,1029,780
404,1027,781
405,1026,781
406,1024,782
407,1023,785
408,1021,786
409,1018,787
410,1018,788
411,1015,789
412,1015,790
413,1013,792
414,1010,793
415,1010,794
416,1007,795
417,1004,796
418,1004,797
419,1001,797
420,1000,800
421,998,799
422,996,802
423,993,802
424,992,804
425,990,804
426,989,805
427,986,805
428,985,806
429,983,807
430,981,809
431,979,810
432,978,811
433,975,811
434,974,812
435,971,813
436,970,813
437,967,814
438,964,816
439,963,817
440,965,817
441,968,817
442,969,818
443,971,819
444,973,819
445,975,820
446,976,820
447,978,821
448,979,822
449,981,825
450,982,827
451,981,827
452,982,828
453,982,828
454,983,829
455,982,829
456,981,830
457,983,833
458,981,834
459,980,834
460,980,835
461,978,835
462,976,836
463,976,837
464,974,837
465,971,838
466,969,839
467,968,841
468,967,843
469,966,842
470,966,843
471,969,843
472,972,844
473,977,844
474,980,845
475,985,845
476,988,846
477,990,846
478,994,849
479,996,849
480,999,850
481,1000,851
482,1001,851
483,1004,851
484,1005,852
485,1005,852
486,1008,853
487,1008,853
488,1008,854
489,1010,854
490,1009,854
491,1009,857
492,1008,857
493,1007,858
494,1007,858
495,1005,858
496,1004,858
497,1003,859
498,1003,859
499,1003,860
500,1002,861
501,1000,861
502,1001,861
503,999,861
504,997,862
505,998,864
506,996,863
507,995,865
508,993,865
509,993,866
510,990,866
511,990,866
512,987,867
513,986,867
514,984,868
515,981,868
516,980,868
517,978,868
518,975,869
519,974,869
520,971,869
521,970,870
522,967,870
523,964,870
524,961,870
525,960,872
526,957,871
527,955,873
528,951,874
529,950,874
530,946,874
531,945,875
532,941,875
533,940,874
534,939,874
535,937,874
536,935,874
537,954,867
538,960,866
539,963,863
540,967,862
541,973,861
542,976,861
543,979,859
544,981,855
545,983,852
546,985,849
547,988,846
548,992,849
549,993,846
550,994,844
551,996,841
552,997,843
553,1000,843
554,1000,842
555,1002,842
556,1005,841
557,1005,841
558,1006,841
559,1008,841
560,1008,841
561,1008,839
562,1008,837
563,1007,836
564,1007,835
565,1005,834
566,1005,833
567,1003,832
568,1003,830
569,1001,830
570,1002,830
571,1000,829
572,1000,829
573,999,829
574,997,829
575,997,829
576,995,828
577,993,827
578,993,827
579,991,826
580,991,825
581,989,825
582,987,823
583,987,824
584,985,823
585,985,822
586,983,822
587,982,821
588,980,821
589,980,820
590,977,820
591,977,819
592,974,819
593,974,818
594,972,817
595,972,816
596,970,815
597,969,814
598,967,813
599,967,813
600,965,813
601,964,813
602,962,813
603,962,813
604,961,812
605,961,812
606,958,811
607,957,811
608,955,811
609,955,810
610,953,810
611,953,810
612,953,809
613,950,810
614,945,810
615,939,810
616,935,810
617,930,810
618,925,809
619,920,809
620,915,809
621,910,809
622,906,809
623,901,809
624,895,804
625,889,803
626,886,804
627,881,804
628,876,804
629,871,804
630,866,804
631,861,804
632,856,804
633,851,804
634,846,804
635,842,804
639,1253,1050
640,1253,1050
641,1253,1050
642,1253,1050
643,1253,1050
644,1253,1050
645,1253,1050
646,1239,1051
647,1237,1051
648,1235,1052
649,1233,1052
650,1231,1052
651,1229,1052
652,1227,1052
653,1225,1052
654,1223,1052
656,819,717
657,821,714
658,824,712
659,825,710
660,826,709
661,829,707
662,830,707
663,830,709
664,831,711
665,830,713
666,829,714
667,830,717
668,829,718
669,830,720
670,829,721
671,829,724
672,828,725
673,828,727
674,827,728
675,828,730
676,826,731
677,825,732
678,826,734
679,825,734
680,825,736
681,824,737
682,822,738
683,823,740
684,821,740
685,822,741
686,820,742
687,820,744
688,819,744
689,818,745
690,817,745
691,817,747
692,816,747
693,816,749
694,815,749
695,813,750
696,813,751
697,812,752
698,812,753
699,811,753
700,811,755
701,810,755
702,810,756
703,809,758
704,807,757
705,805,758
706,799,760
707,792,761
708,783,762
709,777,763
710,770,765
711,762,766
712,756,769
713,749,770
714,743,772
715,736,774
716,731,777
717,725,779
718,720,781
719,713,784
720,709,787
721,705,787
722,700,788
723,698,789
724,694,790
725,691,792
726,687,794
727,684,795
728,680,797
729,678,798
730,675,801
731,674,803
732,673,804
733,669,804
734,654,804
735,635,805
736,615,806
737,596,806
738,576,806
739,560,808
740,543,810
741,526,811
742,510,812
743,492,813
744,475,814
745,457,816
746,440,817
747,422,818
748,405,819
749,387,820
750,370,821
751,352,822
754,1285,1050
755,1285,1050
756,1285,1050
757,1285,1050
758,1285,1050
759,1285,1050
760,1285,1050
761,1285,1050
762,1285,1050
809,1125,649
810,1125,649
811,1125,649
812,1125,649
813,1125,649
814,1125,649
815,1125,649
816,1125,649
817,1125,649
833,461,846
834,489,837
835,517,829
836,543,821
837,568,813
838,593,805
839,617,798
840,640,790
841,662,782
842,682,774
843,701,766
844,720,759
845,738,751
846,754,745
847,770,738
848,785,731
849,801,724
850,814,718
851,826,710
852,837,704
853,848,698
854,860,692
855,870,685
856,878,679
857,886,672
858,894,666
859,903,661
860,909,655
861,915,649
862,920,643
863,925,637
864,930,632
865,936,627
866,940,622
867,943,616
868,947,611
869,949,606
870,953,602
871,955,597
872,956,592
873,959,587
874,960,582
875,962,578
876,963,574
877,963,568
878,964,565
879,964,560
880,965,556
881,964,552
882,965,549
883,964,544
884,963,540
885,963,537
886,962,533
887,962,530
888,961,526
889,961,522
890,959,519
891,959,515
892,957,512
893,956,509
894,954,505
895,953,502
896,950,499
897,948,497
898,928,499
899,918,499
900,907,499
901,897,498
902,921,508
903,917,509
904,914,510
905,909,510
906,904,511
907,902,512
908,897,513
909,894,515
910,890,516
911,888,518
912,884,519
913,882,521
914,878,522
915,874,524
916,873,526
917,869,527
918,868,530
919,865,531
920,863,534
921,861,536
922,859,538
923,858,541
924,856,543
925,855,546
926,853,548
927,851,551
928,850,554
929,848,556
930,847,557
931,845,556
932,845,556
933,843,556
934,842,555
935,842,556
936,840,555
937,839,554
938,839,555
939,837,555
940,837,556
941,836,557
942,836,557
943,835,558
944,833,558
945,834,560
946,833,561
947,831,561
948,832,563
949,831,564
950,831,566
951,830,567
952,830,569
953,829,570
954,828,569
955,829,569
956,828,569
957,826,568
958,827,568
959,825,568
960,826,569
961,825,568
962,825,569
963,824,569
964,825,570
965,824,571
966,824,573
967,823,573
968,823,574
969,822,574
970,821,573
971,821,573
972,820,573
973,820,573
974,824,564
975,826,559
976,829,553
977,831,547
978,834,542
979,836,538
980,840,532
981,842,526
982,843,521
983,846,517
984,847,512
985,850,508
986,851,504
987,853,500
988,854,496
989,856,492
990,856,488
991,858,485
992,858,482
993,860,479
994,860,476
995,861,473
996,861,470
997,862,468
998,862,466
999,863,463
1000,863,462
1001,864,460
1002,864,458
1003,864,456
1004,864,454
1005,864,453
1006,863,451
1007,864,450
1008,863,448
1009,864,447
1010,863,446
1011,862,444
1012,863,443
1013,862,443
1014,863,443
1015,862,442
1016,861,441
1017,862,441
1018,862,442
1019,861,441
1020,861,440
1021,860,440
1022,860,440
1023,859,440
1024,859,439
1025,858,440
1026,858,440
1027,857,439
1028,857,439
1029,856,439
1030,856,440
1031,855,440
1032,855,440
1033,854,441
1034,854,441
1035,852,441
1036,851,441
1037,851,441
1038,850,442
1039,850,442
1040,849,442
1041,849,442
1042,848,442
1043,848,442
1044,847,443
1045,845,442
1046,845,443
1047,844,444
1048,844,444
1049,845,445
1050,844,446
1051,842,446
1052,842,447
1053,841,449
1054,841,450
1055,840,449
1056,839,449
1057,840,449
1058,839,450
1059,838,451
1060,839,451
1061,838,451
1062,838,452
1063,837,452
1064,836,453
1065,837,453
1066,835,451
1067,832,450
1068,833,447
1069,833,445
1070,833,443
1071,833,441
1072,833,439
1073,833,437
1074,833,435
1075,832,433
1076,832,431
1082,821,432
1083,820,430
1084,819,429
1085,820,429
1086,818,428
1087,817,427
1088,817,426
1089,816,426
1090,817,425
1091,816,425
1092,814,425
1093,815,424
1094,815,423
1095,815,423
1096,815,422
1097,815,426
1098,816,428
1099,815,428
1100,813,427
1101,815,428
1102,818,428
1103,821,429
1104,824,430
1105,822,428
1106,821,429
1107,824,429
1108,824,430
1109,826,431
1110,827,429
1111,828,430
1112,828,429
1113,830,431
1114,831,432
1115,833,434
1116,834,435
1117,835,436
1118,836,437
1119,838,438
1120,839,439
1121,840,440
1124,837,425
1125,837,425
1126,838,425
1127,837,424
1128,838,424
1129,838,424
1130,838,424
1131,838,424
1132,838,422
1133,838,423
1134,839,423
1135,838,421
1136,839,422
1137,841,423
1138,843,425
1139,846,427
1140,847,428
1141,848,428
1142,851,429
1143,852,430
1144,855,432
1145,856,433
1146,856,433
1147,858,434
1148,859,434
1149,860,435
1150,860,435
1151,862,437
1152,862,437
1153,862,438
1154,864,439
1155,864,440
1156,866,441
1157,866,441
1158,865,441
1159,866,442
1160,866,443
1161,867,443
1162,867,444
1163,866,444
1164,867,445
1165,867,446
1166,864,446
1167,860,446
1168,856,447
1169,853,448
1170,848,447
1171,845,448
1172,840,449
1173,837,449
1174,834,449
1175,831,449
1176,828,450
1177,822,450
1178,819,450
1179,817,450
1180,815,451
1181,812,452
1182,810,452
1183,807,452
1184,806,452
1185,802,453
1186,801,453
1187,799,454
1188,798,454
1189,796,454
1190,795,454
1191,793,454
1192,792,454
1193,790,455
1194,789,455
1195,787,455
1196,787,456
1197,785,455
1198,785,456
1199,783,456
1200,783,457
1201,782,457
1202,782,457
1203,781,457
1204,779,456
1205,779,457
1206,778,457
1207,779,458
1208,778,457
1209,778,457
1210,777,457
1211,776,458
1212,777,458
1213,776,458
1214,777,459
1215,776,458
1216,777,458
1217,776,458
1218,777,459
1219,776,458
1220,776,458
1221,775,458
1222,774,458
1223,771,455
1224,768,453
1225,764,452
1226,763,452
1227,760,450
1228,757,449
1229,755,448
1230,754,446
1231,751,444
1232,749,443
1233,748,442
1234,745,441
1235,744,440
1236,742,439
1237,741,438
1238,739,438
1239,738,437
1240,738,436
1241,737,435
1242,737,434
1243,736,433
1244,736,432
1245,735,432
1246,735,431
1247,736,431
1248,735,429
1249,736,429
1250,737,428
1251,737,428
1252,739,428
1253,739,427
1254,741,426
1255,741,426
1256,741,426
1257,735,425
1258,728,425
1259,720,425
1260,713,425
1261,705,425
1262,698,425
1263,690,425
1264,683,425
1265,677,425
1266,671,425
1267,664,425
1268,658,424
1269,652,424
1270,648,423
1271,642,422
1272,638,422
1273,635,422
1274,630,422
1275,626,423
1276,623,423
1277,619,423
1278,616,423
1279,614,423
1280,611,422
1281,609,422
1282,606,422
1283,605,422
1284,604,422
1285,602,423
1286,603,423
1287,606,421
1288,610,421
1289,614,420
1290,619,420
1291,625,420
1292,629,419
1293,635,419
1294,639,418
1295,645,418
1296,650,418
1297,654,417
1298,660,417
1299,665,417
1300,671,417
1301,676,416
1302,680,415
1303,686,415
1304,691,415
1305,695,414
1306,701,414
1307,706,414
1308,710,414
1309,716,414
1310,720,414
1311,724,413
1312,730,413
1313,734,413
1314,739,414
1315,743,413
1316,746,412
1317,751,412
1318,755,412
1319,758,412
1320,761,411
1321,766,411
1322,770,411
1323,773,411
1324,776,411
1325,778,412
1326,775,414
1327,769,417
1328,761,420
1329,754,423
1330,748,426
1331,741,428
1332,735,432
1333,728,435
1334,722,438
1335,715,441
1336,710,444
1337,704,448
1338,699,452
1339,698,453
1340,693,455
1341,688,459
1342,682,463
1343,678,467
1344,673,471
1345,669,475
1346,664,479
1347,660,484
1348,655,487
1349,652,492
1350,647,497
1351,644,501
1352,642,504
1353,639,506
1354,637,509
1355,635,512
1356,632,514
1357,631,517
1358,628,519
1359,628,523
1360,625,525
1361,625,529
1362,624,533
1363,623,536
1364,622,538
1365,621,540
1366,622,542
1367,621,545
1368,622,547
1369,621,550
1370,622,553
1371,622,554
1372,622,556
1373,624,559
1374,624,561
1375,625,563
1376,625,566
1377,626,568
1378,628,570
1379,629,571
1380,630,574
1381,632,576
1382,633,577
1383,635,579
1384,636,580
1385,638,582
1386,639,584
1387,642,586
1388,643,587
1389,646,588
1390,648,590
1391,650,591
1392,651,593
1393,654,594
1394,656,595
1395,658,597
1396,659,597
1397,663,597
1398,669,595
1399,674,591
1400,679,588
1401,685,586
1402,690,584
1403,696,581
1404,700,579
1405,704,577
1406,707,574
1407,713,573
1408,716,572
1409,721,571
1410,725,570
1411,728,569
1412,732,568
1413,735,566
1414,738,563
1415,742,563
1416,745,562
1417,750,560
1418,758,562
1419,769,566
1420,779,571
1421,790,575
1422,800,579
1423,809,582
1424,820,586
1425,829,589
1426,839,594
1427,847,597
1428,857,601
1429,865,604
1430,872,606
1431,881,610
1432,888,613
1433,895,616
1434,904,619
1435,911,622
1436,917,624
1437,922,626
1438,929,629
1439,935,631
1440,940,634
1441,946,636
1442,951,637
1443,955,639
1444,959,640
1445,964,642
1446,968,644
1447,971,645
1448,976,648
1449,979,650
1450,982,652
1451,984,653
1452,988,654
1453,990,655
1454,992,655
1455,995,657
1456,997,658
1457,998,660
1458,1000,661
1459,1001,662
1460,1002,662
1461,1004,663
1462,1004,664
1463,1004,664
1464,1006,665
1465,1006,665
1466,1006,666
1467,1008,667
1468,1008,667
1469,1007,667
1470,1004,667
1471,996,665
1472,987,664
1473,979,661
1474,972,660
1475,964,658
1476,958,657
1477,952,656
1478,945,654
1479,939,653
1480,934,651
1481,928,649
1482,923,648
1483,919,647
1484,914,646
1485,910,645
1486,906,643
1487,902,642
1488,899,640
1489,896,639
1490,892,637
1491,890,637
1492,888,636
1493,885,634
1494,884,634
1495,881,632
1496,880,631
1497,875,632
1498,869,634
1499,863,635
1500,859,636
1501,853,636
1502,849,638
1503,844,638
1504,840,640
1505,837,642
1506,832,642
1507,829,644
1508,827,645
1509,823,645
1510,821,646
1511,819,647
1512,816,648
1513,815,649
1514,812,649
1515,811,651
1516,809,651
1517,809,652
1518,807,652
1519,807,653
1520,806,653
1521,806,654
1522,805,654
1523,806,655
1524,807,655
1525,807,655
1526,807,656
1527,807,655
1528,808,657
1529,808,656
1530,809,657
1531,811,657
1532,812,657
1533,813,657
1534,814,657
1535,815,657
1536,816,657
1537,818,657
1538,819,656
1539,822,657
1540,823,656
1541,826,657
1542,827,656
1543,830,657
1544,831,656
1545,834,656
1546,836,655
1547,839,656
1548,840,655
1549,843,655
1550,845,654
1551,848,654
1552,850,653
1553,851,653
1554,855,654
1555,857,653
1556,859,653
1557,862,652
1558,864,651
1559,867,651
1560,869,651
1561,872,651
1562,874,650
1563,877,650
1564,879,649
1565,880,649
1566,883,650
1567,885,649
1568,887,647
1569,890,648
1570,884,640
1571,871,629
1572,858,618
1573,844,607
1574,830,598
1575,819,588
1576,807,579
1577,795,570
1578,784,562
1579,772,554
1580,762,547
1581,753,540
1582,742,533
1583,733,527
1584,725,521
1585,715,515
1586,707,510
1587,698,504
1588,691,500
1589,684,496
1590,676,492
1591,670,488
1592,663,485
1593,658,481
1594,653,477
1595,649,473
1596,644,468
1597,640,465
1598,637,462
1599,632,457
1600,630,456
1601,627,454
1602,623,451
1603,621,450
1604,618,449
1605,617,447
1606,614,446
1607,613,446
1608,613,445
1609,611,443
1610,612,441
1611,612,439
1612,611,437
1613,611,436
1614,612,436
1615,612,435
1616,611,435
1617,612,434
1618,614,435
1619,614,434
1620,616,436
1621,624,440
1622,634,445
1623,643,449
1624,654,454
1625,663,458
1626,674,463
1627,683,467
1628,692,471
1629,702,476
1630,711,481
1631,721,485
1632,730,488
1633,740,492
1634,748,496
1635,756,499
1636,765,503
1637,773,506
1638,782,509
1639,790,512
1640,797,514
1641,805,517
1642,812,520
1643,821,523
1644,837,525
1645,856,529
1646,875,532
1647,892,534
1648,909,538
1649,926,540
1650,943,542
1651,958,544
1652,972,546
1653,986,547
1654,999,548
1655,1012,550
1656,1026,553
1657,1039,554
1658,1050,556
1659,1061,558
1660,1073,561
1661,1083,563
1662,1093,565
1663,1102,567
1664,1111,569
1665,1120,570
1666,1127,571
1667,1134,573
1668,1141,573
1669,1149,575
1670,1155,576
1671,1160,577
1672,1165,578
1673,1169,579
1674,1175,580
1675,1179,581
1676,1182,581
1677,1185,582
1678,1189,583
1679,1192,583
1680,1194,584
1681,1197,585
1682,1199,585
1683,1200,586
1684,1200,585
1685,1202,587
1686,1200,588
1687,1198,586
1688,1195,586
1689,1194,586
1690,1192,586
1691,1190,587
1692,1187,587
1693,1184,587
1694,1183,588
1695,1179,588
1696,1176,587
1697,1173,587
1698,1169,587
1699,1167,588
1700,1163,587
1701,1161,588
1702,1158,588
1703,1155,587
1704,1151,587
1705,1149,587
1706,1145,586
1707,1142,587
1708,1140,587
1709,1136,587
1710,1133,588
1711,1129,587
1712,1127,587
1713,1123,587
1714,1121,588
1715,1118,587
1716,1114,588
1717,1111,588
1718,1110,587
1719,1106,588
1720,1103,588
1721,1102,587
1722,1099,587
1723,1097,587
1724,1094,587
1725,1092,587
1726,1089,587
1727,1084,586
1728,1078,585
1729,1072,584
1730,1067,584
1731,1061,583
1732,1054,581
1733,1053,582
1734,1055,584
1735,1057,586
1736,1058,587
1737,1058,588
1738,1059,590
1739,1059,590
1740,1060,592
1741,1060,593
1742,1059,594
1743,1060,595
1744,1060,596
1745,1061,598
1746,1061,598
1747,1060,598
1748,1060,599
1749,1059,599
1750,1058,601
1751,1059,602
1752,1058,603
1753,1057,604
1754,1056,603
1755,1056,604
1756,1058,605
1757,1060,603
1758,1064,602
1759,1067,600
1760,1071,600
1761,1074,598
1762,1076,596
1763,1080,595
1764,1083,595
1765,1085,594
1766,1088,594
1767,1092,593
1768,1092,592
1769,1094,590
1770,1096,590
1771,1097,589
1772,1097,589
1773,1099,589
1774,1100,587
1775,1100,587
1776,1102,587
1777,1102,585
1778,1101,585
1779,1102,585
1780,1102,584
1781,1101,584
1782,1102,584
1783,1101,583
1784,1101,583
1785,1101,583
1786,1099,582
1787,1098,582
1788,1096,581
1789,1096,582
1790,1094,581
1791,1093,581
1792,1091,581
1793,1090,581
1794,1087,580
1795,1084,580
1796,1083,580
1797,1080,580
1798,1077,579
1799,1076,579
1800,1073,580
1801,1071,580
1802,1069,580
1803,1065,579
1804,1061,579
1805,1059,579
1806,1056,579
1807,1052,578
1808,1050,578
1809,1046,579
1810,1044,579
1811,1041,578
1812,1039,579
1813,1035,578
1814,1033,578
1815,1029,578
1816,1027,578
1817,1023,578
1818,1021,578
1819,1018,578
1820,1014,577
1821,1015,577
1822,1024,577
1823,1038,577
1824,1049,576
1825,1060,575
1826,1072,575
1827,1082,574
1828,1092,574
1829,1103,574
1830,1113,573
1831,1122,573
1832,1130,572
1833,1140,572
1834,1148,572
1835,1156,571
1836,1163,571
1837,1171,571
1838,1178,571
1839,1183,570
1840,1189,571
1841,1196,571
1842,1201,571
1843,1205,570
1844,1209,570
1845,1214,570
1846,1217,569
1847,1220,569
1848,1222,569
1849,1226,568
1850,1228,568
1851,1231,569
1852,1232,569
1853,1235,570
1854,1236,570
1855,1236,570
1856,1236,570
1857,1238,570
1858,1238,569
1859,1237,570
1860,1238,570
1861,1237,570
1862,1236,571
1863,1236,571
1864,1235,570
1865,1233,569
1866,1230,569
1867,1229,569
1868,1227,569
1869,1226,569
1870,1224,569
1871,1221,570
1872,1220,570
1873,1218,571
1874,1215,571
1875,1212,570
1876,1210,570
1877,1207,570
1878,1203,569
1879,1201,570
1880,1197,571
1881,1193,570
1882,1190,571
1883,1184,568
1884,1171,562
1885,1161,557
1886,1151,553
1887,1141,548
1888,1131,544
1889,1121,539
1890,1111,535
1891,1101,530
1892,1094,511
1893,1086,506
1894,1079,501
1895,1071,497
1896,1064,493
1897,1056,489
1898,1050,486
1899,1045,483
1900,1038,478
1901,1033,475
1902,1028,471
1903,1022,467
1904,1017,464
1905,1013,462
1906,1008,459
1907,1004,457
1908,999,455
1909,996,452
1910,991,450
1911,988,448
1912,984,445
1913,981,444
1914,979,442
1915,976,441
1916,973,440
1917,970,439
1918,968,438
1919,965,437
1920,963,435
1921,960,434
1922,958,434
1923,957,433
1924,955,433
1925,953,432
1926,951,431
1927,950,431
1928,948,431
1929,947,431
1930,945,431
1931,945,435
1932,947,438
1933,948,441
1934,947,445
1935,947,448
1936,947,452
1937,946,455
1938,946,459
1939,945,463
1940,944,467
1941,945,471
1942,944,474
1943,944,478
1944,943,481
1945,941,485
1946,941,489
1947,940,491
1948,940,494
1949,939,496
1950,937,498
1951,935,501
1952,935,502
1953,934,504
1954,933,507
1955,931,509
1956,931,512
1957,929,514
1958,928,516
1959,926,517
1960,925,518
1961,923,519
1962,921,521
1963,920,522
1964,920,524
1965,917,526
1966,914,530
1967,911,531
1968,908,534
1969,904,537
1970,901,539
1971,897,541
1972,895,544
1973,891,546
1974,889,548
1975,885,550
1976,883,552
1977,880,554
1978,877,556
1979,874,557
1980,872,558
1981,869,559
1982,867,561
1983,864,562
1984,862,564
1985,859,564
1986,857,565
1987,860,564
1988,870,562
1989,880,560
1990,891,558
1991,902,556
1992,911,555
1993,920,553
1994,930,552
1995,939,551
1996,949,551
1997,958,549
1998,966,549
1999,975,549
2000,983,548
2001,990,547
2002,996,547
2003,1002,546
2004,1008,544
2005,1014,543
2006,1020,541
2007,1026,540
2008,1032,538
2009,1034,539
2010,1037,539
2011,1042,539
2012,1045,538
2013,1048,538
2014,1050,537
2015,1054,536
2016,1056,535
2017,1057,534
2018,1058,534
2019,1061,533
2020,1062,533
2021,1062,533
2022,1064,532
2023,1065,532
2024,1065,531
2025,1065,531
2026,1066,531
2027,1066,531
2028,1065,531
2029,1066,530
2030,1065,530
2031,1063,530
2032,1063,529
2033,1062,529
2034,1062,529
2035,1060,529
2036,1058,529
2037,1058,528
2038,1057,528
2039,1055,528
2040,1054,528
2041,1051,528
2042,1050,528
2043,1048,527
2044,1045,527
2045,1044,527
2046,1042,527
2047,1041,527
2048,1038,527
2049,1037,527
2050,1034,527
2051,1032,527
2052,1029,527
2053,1028,528
2054,1025,527
2055,1022,527
2056,1021,527
2057,1018,527
2058,1016,528
2059,1013,527
2060,1010,527
2061,1008,528
2062,1005,527
2063,1002,527
2064,1001,528
2065,998,527
2066,996,528
2067,993,527
2068,991,528
2069,988,528
2070,985,528
2071,983,528
2072,979,528
2073,977,529
2074,974,528
2075,972,529
2076,969,528
2077,967,529
2078,964,529
2079,962,529
2080,962,529
2081,962,529
2082,963,528
2083,964,528
2084,965,529
2085,967,529
2086,968,529
2087,970,529
2088,971,529
2089,973,529
2090,974,529
2091,974,529
2092,976,529
2093,977,529
2094,979,529
2095,980,529
2096,982,529
2097,983,529
2098,983,529
2099,985,529
2100,986,529
2101,990,524
2102,1002,513
2103,1015,500
2104,1029,489
2105,1042,478
2106,1057,466
2107,1071,455
2108,1085,444
2109,1097,436
2110,1110,426
2111,1123,417
2112,1136,407
2113,1149,397
2114,1161,392
2115,1174,383
2116,1185,377
2117,1197,369
2118,1207,363
2119,1218,356
2120,1228,352
2121,1240,347
2122,1250,342
2123,1260,336
2124,1271,332
2125,1282,327
2126,1291,324
2127,1301,320
2128,1312,317
2129,1322,313
2130,1332,310
2131,1343,306
2132,1354,303
2133,1363,301
2134,1372,299
2135,1382,296
2136,1386,294
2137,1393,291
2138,1399,289
2139,1406,287
2140,1413,284
2141,1420,282
2142,1427,280
2143,1434,277
2144,1441,275
2146,1251,293
2147,1239,293
2148,1228,293
2149,1216,292
2150,1204,292
2151,1194,292
2152,1182,292
2153,1171,293
2154,1159,293
2155,1149,293
2156,1137,292
2157,1127,293
2158,1117,294
2159,1106,295
2160,1095,295
2161,1085,296
2162,1074,297
2163,1063,298
2164,1054,299
2165,1042,300
2166,1034,301
2167,1023,302
2168,1014,304
2169,1004,305
2170,994,307
2171,985,308
2172,977,309
2173,967,312
2174,958,314
2175,951,311
2176,946,306
2177,942,302
2178,938,297
2179,932,293
2180,927,289
2181,921,285
2182,917,283
2183,911,279
2184,907,276
2185,902,273
2186,898,270
2187,893,267
2188,889,265
2189,884,261
2190,878,259
2191,875,257
2192,869,254
2193,866,252
2194,864,252
2195,864,252
2196,865,252
2197,864,252
2198,865,252
2199,864,252
2200,865,252
2201,864,252
2202,865,252
2203,864,252
2204,865,252
2205,864,252
2206,865,252
2207,865,252
2208,865,252
2209,865,252
2210,865,252
2211,866,252
2212,866,252
2213,866,252
2214,867,252
2215,867,252
2216,867,252
2217,868,252
2218,868,252
2220,1022,588
2221,1023,588
2222,1022,589
2223,1023,589
2224,1022,588
2225,1023,588
2226,1022,589
2227,1023,589
2228,1023,588
2229,1022,588
2230,1023,589
2231,1023,588
2232,1022,588
2233,1023,589
2234,1023,588
2235,1022,588
2236,1023,589
2237,1023,588
2238,1022,588
2239,1023,589
2240,1023,588
2241,1022,588
2242,1022,588
2243,1022,588
2244,1022,589
2245,1022,588
2246,1022,588
2247,1022,589
2248,1022,588
2249,1022,588
2250,1022,588
2251,1022,589
2252,1022,589
2253,1022,589
2254,1023,588
2255,1022,588
2256,1023,588
2257,1023,588
2258,1022,588
2259,1023,588
2260,1022,588
2261,1022,589
2262,1023,588
2263,1022,588
2264,1023,588
2265,1023,588
2266,1022,588
2267,1023,588
2268,1022,588
2269,1022,589
2270,1023,588
2271,1022,588
2272,1023,588
2273,1023,588
2274,1022,588
2275,1021,589
2276,1023,588
2277,1022,588
2278,1023,588
2279,1023,588
2280,1022,588
2281,1021,589
2282,1021,589
2283,1023,588
2284,1022,588
2285,1022,589
2286,1021,589
2287,1021,589
2288,1021,589
2289,1023,588
2290,1022,588
2291,1022,589
2292,1021,589
2293,1021,589
2294,1023,588
2295,1022,588
2296,1022,589
2297,1021,589
2298,1023,588
2299,1022,588
2300,1023,588
2301,1023,588
2302,1022,588
2303,1021,589
2304,1021,589
2305,1023,588
2306,1022,588
2307,1022,589
2308,1021,589
2309,1021,589
2310,1023,588
2311,1022,588
2312,1022,589
2313,1021,589
2314,1021,589
2315,1023,588
2316,1022,588
2317,1022,589
2318,1021,589
2319,1021,589
2320,1023,588
2321,1022,588
2322,1022,589
2323,1021,589
2324,1021,589
2325,1021,589
2326,1023,588
2327,1022,588
2328,1022,589
2329,1021,589
2330,1021,589
2331,1023,588
2332,1022,588
2333,1022,589
2334,1021,589
2335,1021,589
2336,1021,589
2337,1023,588
2338,1022,588
2339,1022,589
2340,1021,589
2341,1021,589
2342,1023,588
2343,1022,589
2344,1022,589
2345,1023,588
2346,1022,589
2347,1022,589
2348,1023,588
2349,1022,589
2350,1022,589
2351,1023,588
2352,1022,589
2353,1022,589
2354,1023,588
2355,1022,589
2356,1022,589
2357,1023,588
2358,1022,589
2359,1022,589
2360,1023,588
2361,1022,589
2362,1022,589
2363,1023,588
2364,1022,589
2365,1022,589
2366,1023,588
2367,1022,589
2368,1022,589
2369,1023,588
2370,1022,589
2371,1022,589
2372,1023,588
2373,1022,589
2374,1022,589
2375,1023,588
2376,1022,589
2377,1022,589
2378,1023,588
2379,1022,589
2380,1022,589
2381,1023,588
2382,1022,589
2383,1022,589
2384,1023,588
2385,1022,589
2386,1022,589
2387,1023,588
2388,1022,589
2389,1022,589
2390,1023,588
2391,1022,589
2392,1022,589
2393,1023,588
2394,1022,589
2395,1022,589
2396,1023,588
2397,1022,589
2398,1022,589
2399,1023,588
2400,1022,589
2401,1022,589
2402,1023,588
2403,1022,589
2404,1022,589
2405,1023,588
2406,1022,589
2407,1022,589
2408,1023,588
2409,1022,589
2410,1022,589
2411,1023,588
2412,1022,589
2413,1022,589
2414,1023,588
2415,1022,589
2416,1022,589
2417,1023,588
2418,1022,589
2419,1022,589
2420,1023,588
2421,1022,589
2422,1022,589
2423,1023,588
2424,1022,589
2425,1022,589
2426,1023,588
2427,1022,589
2428,1022,589
2429,1023,588
2430,1022,589
2431,1022,589
2432,1023,588
2433,1022,589
2434,1022,589
2435,1023,588
2436,1022,589
2437,1022,589
2438,1023,588
2439,1022,589
2440,1022,589
2441,1023,588
2442,1022,589
2443,1022,589
2444,1023,588
2445,1022,589
2446,1022,589
2447,1023,588
2448,1022,589
2449,1022,589
2450,1023,588
2451,1022,589
2452,1022,589
2453,1023,588
2454,1022,589
2455,1022,589
2456,1023,588
2457,1022,589
2458,1022,589
2459,1023,588
2460,1022,589
2461,1022,589
2462,1023,588
2463,1022,589
2464,1022,589
2465,1021,589
2466,1021,589
2467,1021,589
2468,1023,588
2469,1022,589
2470,1022,589
2471,1021,589
2472,1021,589
2473,1023,588
2474,1022,589
2475,1022,589
2476,1021,589
2477,1021,589
2478,1021,589
2479,1023,588
2480,1022,589
2481,1021,588
2482,1022,588
2483,1023,588
2484,1023,588
2485,1022,588
2486,1021,589
2487,1021,589
2488,1023,588
2489,1022,589
2490,1022,589
2491,1023,588
2492,1022,589
2493,1023,589
2494,1023,588
2495,1024,589
2496,1023,588
2497,1024,589
2498,1023,588
2499,1024,589
2500,1023,588
2501,1022,588
2502,1023,589
2503,1023,588
2504,1024,588
2505,1023,588
2506,1024,589
2507,1024,588
2508,1025,588
2509,1024,588
2510,1025,588
2511,1025,588
2512,1025,588
2513,1025,588
2514,1026,588
2515,1025,588
2516,1026,588
2517,1026,588
2518,1025,587
2519,1026,588
2520,1026,588
2521,1027,588
2522,1027,587
2523,1028,588
2524,1028,587
2525,1029,588
2526,1028,587
2527,1028,587
2528,1029,588
2529,1029,587
2530,1030,588
2531,1030,587
2532,1031,587
2533,1030,587
2534,1031,588
2535,1031,587
2536,1033,588
2537,1029,584
2538,1024,579
2539,1019,574
2540,1016,570
2541,1012,566
2542,1009,563
2543,1005,558
2544,1002,555
2545,998,551
2546,996,548
2547,993,544
2548,990,541
2549,987,538
2550,985,535
2551,982,531
2552,980,528
2553,977,525
2554,975,523
2555,972,519
2556,971,517
2557,968,514
2558,967,512
2559,965,509
2560,962,506
2561,961,504
2562,959,501
2563,958,499
2564,956,497
2565,955,495
2566,953,493
2567,952,491
2568,950,489
2569,950,488
2570,951,486
2571,953,485
2572,955,483
2573,955,482
2574,957,479
2575,958,478
2576,960,477
2577,960,476
2578,962,475
2579,963,474
2580,963,472
2581,965,471
2582,968,471
2583,968,470
2584,971,469
2585,973,469
2586,975,468
2587,977,467
2588,979,467
2589,981,466
2590,983,465
2591,985,465
2592,987,464
2593,978,460
2594,978,459
2595,981,461
2596,983,461
2597,984,462
2598,984,458
2599,986,459
2600,988,459
2601,990,458
2602,992,458
2603,990,458
2604,992,457
2605,994,457
2606,993,457
2607,995,457
2608,996,457
2609,996,457
2610,998,457
2611,998,456
2612,1000,456
2613,999,454
2614,1001,456
2615,1000,453
2616,1003,454
2617,1005,454
2618,1007,455
2619,1008,455
2620,1010,455
2621,1008,456
2622,1008,454
2623,1008,448
2624,1008,443
2625,1005,428
2626,1004,419
2627,1002,409
2628,1001,399
2629,999,390
2630,999,385
2631,999,377
2632,998,369
2633,997,361
2634,998,356
2635,996,349
2636,996,342
2637,996,336
2638,995,330
2639,995,324
2640,995,318
2641,995,313
2642,994,307
2643,995,302
2644,995,297
2645,994,292
2646,995,287
2647,995,282
2648,996,277
2649,996,273
2650,997,269
2651,996,265
2652,997,261
2653,997,258
2654,998,254
2655,998,251
2656,997,247
2657,998,244
2658,1000,241
2659,1000,236
2660,1001,232
2661,1001,228
2662,1000,223
2663,1001,220
2664,1001,215
2665,1002,212
2666,1004,208
2667,1004,204
2668,1004,201
2669,1005,198
2670,1005,194
2671,1007,192
2672,1007,188
2673,1009,185
2674,1009,182
2675,1009,179
2676,1010,176
2677,1010,174
2678,1012,171
2679,1012,169
2680,1013,166
2681,1013,163
2682,1015,161
2683,1015,159
2684,1015,157
2685,1017,155
2686,1017,153
2687,1017,151
2688,1019,149
2689,1019,148
2690,1021,146
2691,1021,145
2692,1021,142
2693,1023,141
2694,1023,140
2695,1025,139
2696,1025,138
2697,1027,137
2698,1027,136
2699,1028,136
2700,1029,134
2701,1029,133
2702,1030,132
2703,1030,132
2704,1032,131
2705,1032,130
2706,1032,130
2707,1034,129
2708,1034,129
2709,1035,129
2710,1036,129
2711,1037,129
2712,1038,129
2713,1038,129
2714,1039,129
2715,1040,129
2716,1041,129
2717,1042,129
2718,1043,129
2719,1043,130
2720,1043,130
2721,1044,130
2722,1045,131
2723,1045,132
2724,1046,132
2725,1046,133
2726,1046,133
2727,1048,135
2728,1048,137
2729,1050,137
2730,1050,138
2731,1050,139
2732,1051,140
2733,1051,141
2734,1053,142
2735,1054,144
2736,1054,145
2737,1054,146
2738,1053,147
2739,1055,149
2740,1055,150
2741,1056,153
2742,1056,155
2743,1056,156
2744,1057,158
2745,1057,159
2746,1058,162
2747,1058,164
2748,1058,165
2749,1060,168
2750,1060,170
2751,1061,172
2752,1061,172
2753,1060,172
2754,1058,173
2755,1055,174
2756,1054,176
2757,1052,177
2758,1049,179
2759,1047,180
2760,1044,180
2761,1044,181
2762,1043,181
2763,1041,181
2764,1038,181
2765,1038,181
2766,1036,182
2767,1036,182
2768,1035,184
2769,1034,184
2770,1032,185
2771,1032,185
2772,1030,185
2773,1030,185
2774,1030,185
2775,1029,185
2776,1029,186
2777,1028,186
2778,1028,187
2779,1027,186
2780,1028,187
2781,1027,186
2782,1026,186
2783,1024,186
2784,1024,186
2785,1022,185
2786,1019,185
2787,1018,185
2788,1016,185
2789,1015,184
2790,1013,183
2791,1013,184
2792,1011,183
2793,1011,183
2794,1010,183
2795,1009,182
2796,1009,182
2797,1007,182
2798,1008,182
2799,1007,181
2800,1008,181
2801,1007,181
2802,1006,180
2803,1007,180
2804,1008,180
2805,1008,180
2806,1007,180
2807,1008,180
2808,1008,179
2809,1009,179
2810,1009,179
2811,1011,178
2812,1011,178
2813,1012,178
2814,1012,178
2815,1012,178
2816,1014,178
2817,1014,178
2818,1016,178
2819,1017,177
2820,1017,177
2821,1019,177
2822,1018,177
2823,1007,175
2824,992,172
2825,976,169
2826,961,166
2827,947,164
2828,934,162
2829,921,161
2830,906,158
2831,894,157
2832,880,155
2833,868,154
2834,857,153
2835,846,152
2836,834,151
2837,824,151
2838,812,150
2839,802,150
2840,791,150
2841,782,150
2842,771,150
2843,761,149
2844,754,151
2845,744,151
2846,737,153
2847,729,154
2848,721,156
2849,714,157
2850,706,158
2851,701,160
2852,695,162
2853,688,164
2854,683,166
2855,678,168
2856,674,169
2857,671,167
2858,669,165
2859,667,163
2860,666,161
2861,664,159
2862,663,157
2863,661,156
2864,661,155
2865,659,154
2866,659,154
2867,658,153
2868,656,153
2869,656,153
2870,655,153
2871,655,153
2872,654,153
2873,654,153
2874,653,153
2875,653,154
2876,652,155
2877,653,156
2878,652,157
2879,651,158
2880,652,160
2881,653,160
2882,653,158
2883,656,157
2884,658,155
2885,661,154
2886,662,153
2887,663,152
2888,666,152
2889,667,150
2890,668,149
2891,669,149
2892,672,149
2893,673,148
2894,674,148
2895,677,149
2896,678,149
2897,679,149
2898,681,149
2899,682,149
2900,683,150
2901,687,152
2902,691,153
2903,694,154
2904,699,153
2905,703,152
2906,707,150
2907,712,149
2908,716,148
2909,721,148
2910,725,146
2911,728,146
2912,733,145
2913,736,145
2914,741,145
2915,744,145
2916,749,145
2917,752,145
2918,756,145
2919,758,146
2920,762,146
2921,765,146
2922,769,147
2923,772,148
2924,776,148
2925,778,148
2926,782,147
2927,785,146
2928,788,145
2929,792,144
2930,795,143
2931,799,142
2932,802,141
2933,788,141
2934,788,140
2935,788,139
2936,788,138
2937,788,137
2938,788,136
2939,788,135
2940,819,144
2941,825,145
2942,830,146
2943,836,147
2944,841,148
2945,847,149
2946,833,141
2947,838,140
2948,839,141
2949,842,141
2950,843,142
2951,844,142
2952,847,142
2953,849,142
2954,852,142
2955,854,141
2956,855,141
2957,858,141
2958,860,141
2959,863,141
2960,864,141
2961,867,141
2962,868,141
2963,871,141
2964,872,140
2965,875,140
2966,876,140
2967,879,140
2968,880,140
2969,883,140
2970,884,140
2971,887,140
2972,888,140
2973,891,139
2974,892,139
2975,895,139
2976,896,139
2977,899,139
2978,900,139
2979,903,139
2980,904,138
2981,907,138
2982,908,138
2983,911,138
2984,912,138
2985,915,138
2986,917,138
2987,920,137
2988,922,137
2989,923,137
2990,926,137
2991,928,137
2992,929,137
2993,932,137
2994,934,137
2995,937,137
2996,939,137
2997,936,136
2998,931,136
2999,924,137
3000,917,137
3001,912,138
3002,906,137
3003,900,138
3004,893,138
3005,888,139
3006,881,139
3007,876,139
3008,870,139
3009,865,139
3010,861,140
3011,855,140
3012,848,140
3013,843,140
3014,839,141
3015,833,141
3016,827,141
3017,823,142
3018,818,142
3019,814,142
3020,809,142
3021,804,142
3022,799,142
3023,795,144
3024,790,145
3025,786,145
3026,781,145
3027,777,145
3028,772,145
3029,768,145
3030,765,145
3031,760,146
3032,756,146
3033,751,146
3034,748,146
3035,745,146
3036,741,146
3037,737,146
3038,734,146
3039,730,146
3040,727,147
3041,723,147
3042,720,147
3043,716,147
3044,712,147
3045,710,147
3046,706,148
3047,704,148
3048,700,148
3049,698,148
3050,694,148
3051,692,148
3052,689,148
3053,686,148
3054,684,148
3055,681,148
3056,680,148
3057,677,148
3058,674,148
3059,672,149
3060,669,148
3061,666,148
3062,665,149
3063,662,149
3064,659,149
3065,658,149
3066,655,149
3067,654,149
3068,651,149
3069,648,149
3070,647,149
3071,644,149
3072,643,149
3073,640,149
3074,639,149
3075,637,149
3076,634,149
3077,633,150
3078,631,149
3079,630,149
3080,628,149
3081,626,149
3082,625,150
3083,622,150
3084,622,150
3085,619,150
3086,617,150
3087,617,150
3088,615,150
3089,615,150
3090,615,150
3091,615,150
3092,615,150
3093,615,150
3094,615,150
3095,615,150
3096,615,150
3097,615,150
3098,614,149
3099,615,150
3100,615,149
3101,614,149
3102,615,150
3103,615,150
3104,614,150
3105,615,150
3106,615,149
3107,615,149
3108,615,149
3109,615,148
3110,615,148
3111,615,148
3112,615,147
3113,615,147
3114,615,147
3116,857,104
3117,858,105
3118,856,105
3119,856,106
3120,857,106
3121,856,106
3122,857,106
3123,856,106
3124,857,106
3125,856,106
3126,857,106
3127,856,106
3128,857,106
3129,856,106
3130,856,106
3131,855,107
3132,855,107
3133,853,107
3134,852,108
3135,852,107
3136,851,106
3137,849,102
3138,850,99
3139,850,97
3140,852,92
3141,852,89
3142,851,85
3143,853,82
3144,852,77
3145,851,75
3146,852,75
3147,852,74
3148,854,74
3149,852,74
3150,854,74
3151,853,74
3152,854,74
3153,853,74
3154,855,74
3155,854,74
3156,856,74
3157,854,74
3158,855,73
3159,854,73
3160,853,73
3161,855,73
3162,854,73
3163,855,73
3164,855,72
3165,854,72
3166,854,72
3167,854,72
3168,857,73
3169,857,73
3170,858,73
3171,859,73
3172,859,73
3173,857,76
3174,857,77
3175,856,78
3176,855,79
3177,855,80
3178,857,77
3179,854,75
3180,852,74
3181,850,73
3182,848,72
3183,847,71
3184,842,75
3185,841,76
3186,838,76
3187,838,77
3188,835,77
3189,832,78
3190,830,78
3191,830,80
3192,830,81
3193,828,82
3194,828,83
3195,827,84
3196,825,85
3197,825,88
3198,824,89
3199,823,91
3200,823,92
3201,822,93
3202,820,95
3203,820,97
3204,819,100
3205,819,102
3206,818,104
3207,818,107
3208,817,109
3209,815,111
3210,815,114
3211,814,117
3212,814,120
3213,813,123
3214,812,125
3215,813,129
3216,812,132
3217,811,135
3218,811,138
3219,811,142
3220,811,145
3221,810,149
3222,809,153
3223,810,158
3224,809,162
3225,809,165
3226,808,170
3227,808,174
3228,807,178
3229,806,182
3230,807,187
3231,806,190
3232,807,195
3233,806,199
3234,807,204
3235,806,207
3236,807,213
3237,806,217
3238,807,222
3239,806,227
3240,807,232
3241,807,237
3242,806,242
3243,807,246
3244,806,252
3245,807,258
3246,806,263
3247,807,268
3248,807,274
3249,810,275
3250,813,276
3251,816,277
3252,818,277
3253,820,278
3254,824,280
3255,826,282
3256,827,284
3257,830,285
3258,831,288
3259,832,290
3260,834,291
3261,835,290
3262,834,290
3263,836,289
3264,836,289
3265,837,289
3266,836,289
3267,837,290
3268,837,290
3269,838,290
3270,838,291
3271,839,291
3272,838,292
3273,837,292
3274,838,294
3275,837,295
3276,838,296
3277,839,298
3278,839,300
3279,838,300
3280,839,300
3281,838,300
3282,839,300
3283,838,300
3284,839,301
3285,838,301
3286,839,301
3287,839,302
3288,841,303
3289,846,306
3290,853,309
3291,859,312
3292,863,315
3293,867,317
3294,871,321
3295,874,324
3296,879,327
3297,881,330
3298,883,333
3299,884,335
3300,887,339
3301,890,342
3302,891,346
3303,892,349
3304,894,353
3305,895,357
3306,895,360
3307,895,364
3308,897,368
3309,897,373
3310,898,377
3311,898,380
3312,899,385
3313,898,389
3314,897,393
3315,896,396
3316,897,399
3317,895,400
3318,894,402
3319,894,405
3320,893,407
3321,893,410
3322,892,412
3323,890,415
3324,890,418
3325,889,421
3326,887,424
3327,887,428
3328,886,432
3329,886,434
3330,884,436
3331,882,437
3332,882,439
3333,880,442
3334,880,444
3335,878,446
3336,878,449
3337,877,449
3338,877,452
3339,875,455
3340,875,458
3341,874,460
3342,872,461
3343,872,463
3344,870,466
3345,870,468
3346,868,470
3347,868,473
3348,866,474
3349,866,476
3350,864,478
3351,864,480
3352,862,482
3353,862,485
3354,860,486
3355,860,488
3356,858,490
3357,858,492
3358,857,494
3359,855,496
3360,853,498
3361,852,500
3362,850,502
3363,849,504
3364,847,506
3365,850,504
3366,849,505
3367,849,507
3368,848,508
3369,847,512
3370,845,513
3371,845,515
3372,845,517
3373,843,519
3374,842,519
3375,843,519
3376,851,514
3377,862,507
3378,872,500
3379,880,495
3380,887,490
3381,894,484
3382,900,480
3383,905,474
3384,912,470
3385,918,467
3386,922,463
3387,928,460
3388,933,457
3389,937,453
3390,940,450
3391,945,448
3392,949,445
3393,952,443
3394,954,439
3395,957,436
3396,960,433
3397,964,434
3398,967,432
3399,969,431
3400,971,429
3401,974,428
3402,976,427
3403,979,426
3404,981,425
3405,984,424
3406,985,423
3407,988,422
3408,988,420
3409,988,418
3410,989,416
3411,991,414
3412,991,412
3413,991,411
3414,993,409
3415,993,408
3416,995,407
3417,996,406
3418,998,406
3419,998,405
3420,998,404
3421,999,403
3422,999,401
3423,1000,399
3424,1000,398
3425,999,397
3426,1000,396
3427,1000,396
3428,1001,395
3429,1001,393
3430,1002,392
3431,1001,391
3432,1002,391
3433,1001,390
3434,1000,389
3435,1001,388
3436,1001,387
3437,1002,386
3438,1001,385
3439,1002,384
3440,1001,384
3441,1000,382
3442,1000,381
3443,999,380
3444,1000,379
3445,999,378
3446,1000,378
3447,999,377
3448,998,377
3449,999,377
3450,999,375
3451,995,377
3452,990,381
3453,984,385
3454,981,389
3455,977,393
3456,973,396
3457,971,400
3458,968,403
3459,965,405
3460,961,407
3461,959,410
3462,958,413
3463,957,416
3464,954,419
3465,953,422
3466,951,425
3467,950,428
3468,948,430
3469,947,432
3470,945,434
3471,944,437
3472,942,438
3473,939,441
3474,938,443
3475,936,444
3476,935,446
3477,933,447
3478,933,448
3479,931,450
3480,929,451
3481,929,453
3482,929,455
3483,928,457
3484,928,459
3485,927,461
3486,927,462
3487,926,464
3488,926,466
3489,925,468
3490,919,464
3491,918,465
3492,917,466
3493,916,467
3494,914,468
3495,913,469
3496,912,470
3497,904,449
3498,903,445
3499,900,443
3500,899,441
3501,896,438
3502,895,435
3503,894,434
3504,892,430
3505,891,429
3506,891,427
3507,891,426
3508,891,424
3509,888,423
3510,886,422
3511,885,420
3512,883,419
3513,885,419
3514,885,418
3515,884,417
3516,884,416
3517,884,417
3518,884,417
3519,884,416
3520,880,419
3521,880,419
3522,878,419
3523,878,420
3524,878,419
3525,880,416
3526,881,414
3527,881,412
3528,883,411
3529,884,409
3530,885,408
3531,885,406
3532,886,405
3533,887,403
3534,886,403
3535,888,403
3536,889,402
3537,888,402
3538,888,400
3539,889,400
3540,889,397
3541,889,396
3542,890,395
3543,889,392
3544,889,390
3545,887,391
3546,887,389
3547,885,389
3548,886,388
3549,884,388
3550,883,387
3551,881,386
3552,881,385
3553,882,385
3554,881,384
3555,881,383
3556,880,382
3557,880,382
3558,879,381
3559,879,380
3560,878,380
3561,879,379
3562,878,378
3563,879,378
3564,878,377
3565,879,377
3566,880,376
3567,879,376
3568,879,375
3569,876,373
3570,877,373
3571,877,373
3572,874,371
3573,875,371
3574,875,371
3575,874,372
3576,876,370
3577,875,370
3578,873,369
3579,875,369
3580,874,367
3581,873,368
3582,872,368
3583,882,368
3584,892,366
3585,905,366
3586,915,364
3587,925,363
3588,934,363
3589,942,362
3590,949,362
3591,955,361
3592,961,361
3593,967,360
3594,971,360
3595,977,360
3596,982,360
3597,983,362
3598,985,362
3599,988,363
3600,990,364
3601,991,364
3602,994,365
3603,995,367
3604,996,368
3605,998,370
3606,997,369
3607,996,368
3608,994,366
3609,993,365
3610,991,365
3611,990,364
3612,990,364
3613,988,363
3614,985,362
3615,985,362
3616,983,362
3617,983,363
3618,981,362
3619,981,363
3620,979,364
3621,977,363
3622,977,364
3623,975,366
3624,973,367
3625,972,369
3626,972,370
3627,970,371
3628,968,373
3629,966,372
3630,961,371
3631,956,369
3632,951,367
3633,948,366
3634,943,363
3635,940,362
3636,936,360
3637,934,359
3638,930,358
3639,929,358
3640,925,356
3641,921,355
3642,920,355
3643,918,354
3644,915,352
3645,911,351
3646,908,350
3647,908,349
3648,905,348
3649,904,347
3650,901,347
3651,898,344
3652,898,345
3653,897,344
3654,896,344
3655,895,343
3656,894,343
3657,893,343
3658,892,342
3659,891,342
3660,890,341
3662,884,337
3663,882,338
3664,881,338
3665,880,339
3666,879,339
3667,878,340
3668,877,340
3669,876,340
3670,875,341
3671,874,341
3679,868,328
3680,867,329
3681,865,326
3682,866,326
3683,865,326
3684,864,326
3685,863,324
3686,862,322
3687,861,324
3688,860,324
3689,858,324
3690,857,324
3691,856,324
3692,855,324
3693,854,324
3694,853,324
3695,858,321
3696,854,321
3697,850,320
3698,846,318
3699,844,317
3700,840,316
3701,836,314
3702,834,314
3703,832,313
3704,829,311
3705,828,311
3706,825,310
3707,824,309
3708,822,309
3709,820,307
3710,819,307
3711,819,306
3712,818,305
3713,815,301
3714,816,303
3715,814,302
3716,813,302
3717,813,303
3718,811,302
3719,812,303
3720,811,302
3721,810,302
3722,809,302
3723,811,303
3724,810,303
3725,808,302
3726,807,302
3727,809,303
3728,808,303
3729,807,302
3730,809,303
3731,808,302
3732,808,302
3733,806,302
3734,807,304
3735,805,304
3736,803,305
3737,803,305
3738,802,306
3739,801,307
3740,801,308
3741,800,309
3742,799,309
3743,799,311
3744,799,313
3745,798,314
3746,800,315
3747,804,316
3748,808,318
3749,810,318
3750,814,320
3751,815,320
3752,818,320
3753,818,320
3754,820,320
3755,821,321
3756,821,322
3757,823,323
3758,826,323
3759,827,323
3760,829,324
3761,830,324
3762,832,325
3763,833,325
3764,833,325
3765,835,326
3766,835,326
3767,835,326
3768,836,327
3769,836,327
3770,835,327
3771,834,327
3772,836,328
3773,836,328
3774,835,328
3775,835,329
3776,836,330
3777,835,329
3778,834,329
3779,836,330
3780,836,331
3781,837,332
3782,838,334
3783,838,335
3784,839,336
3785,839,337
3786,840,338
3787,841,339
3788,841,340
3818,826,304
3819,826,304
3820,823,300
3821,824,300
3822,824,300
3823,825,299
3824,824,299
3825,825,298
3826,825,297
3827,826,296
3828,826,295
3829,825,294
3830,826,294
3831,826,293
3832,825,292
3833,826,292
3834,826,291
3835,827,291
3836,827,290
3837,828,289
3838,827,289
3839,829,289
3840,828,288
3841,830,288
3842,828,286
3843,827,286
3844,828,287
3845,826,285
3846,822,284
3847,818,287
3848,813,289
3849,809,290
3850,801,291
3851,798,291
3852,796,292
3853,793,293
3854,787,295
3855,780,298
3856,773,301
3857,768,303
3858,761,305
3859,756,307
3860,751,310
3861,747,312
3862,742,314
3863,738,316
3864,735,317
3865,733,320
3866,730,321
3867,728,323
3868,725,325
3869,723,326
3870,722,328
3871,720,329
3872,719,331
3873,719,332
3874,717,333
3875,717,334
3876,717,335
3877,716,337
3878,716,338
3879,715,340
3880,715,341
3881,714,342
3882,715,343
3883,714,344
3884,715,345
3885,715,347
3886,716,348
3887,716,349
3888,717,350
3889,717,351
3890,718,352
3891,720,353
3892,720,354
3893,721,356
3894,721,356
3895,722,357
3896,724,358
3897,724,359
3898,725,360
3899,725,361
3900,727,362
3901,727,363
3902,729,364
3903,729,364
3904,731,365
3905,731,366
3906,733,367
3907,734,368
3908,734,368
3909,735,369
3910,738,370
3911,743,370
3912,748,370
3913,753,370
3914,758,370
3915,760,371
3916,767,372
3917,771,373
3918,775,372
3919,778,373
3920,783,374
3921,787,374
3922,790,375
3923,793,376
3924,795,375
3925,799,376
3926,801,378
3927,802,382
3928,803,388
3929,802,392
3930,801,394
3931,802,398
3932,801,400
3933,801,404
3934,800,406
3935,800,410
3936,799,414
3937,800,417
3938,799,421
3939,800,425
3940,801,429
3941,800,433
3942,800,437
3943,800,441
3944,800,445
3945,799,448
3946,800,450
3947,800,452
3948,801,455
3949,801,457
3950,802,460
3951,802,462
3952,802,465
3953,801,468
3954,802,472
3955,802,475
3956,803,479
3957,803,482
3958,804,484
3959,804,485
3960,805,487
3961,805,490
3962,806,492
3963,805,494
3964,806,497
3965,806,500
3966,805,503
3967,806,505
3968,806,506
3969,806,507
3970,808,509
3971,807,512
3972,807,513
3973,809,516
3974,808,517
3975,807,517
3976,805,516
3977,802,515
3978,801,516
3979,801,514
3980,800,513
3981,801,512
3982,803,512
3983,803,512
3984,804,511
3985,804,511
3986,805,511
3987,807,512
3988,807,511
3989,809,511
3990,810,511
3991,812,511
3992,813,511
3993,815,511
3994,816,510
3995,818,511
3996,819,510
3997,821,510
3998,822,510
3999,824,511
4000,827,511
4001,828,511
4002,830,511
4003,831,511
4004,834,512
4005,835,511
4006,837,512
4007,838,511
4008,840,511
4009,841,511
4010,843,511
4011,844,510
4012,847,511
4013,849,511
4014,851,511
4015,852,510
4016,855,510
4017,857,511
4018,861,511
4019,864,511
4020,867,512
4021,870,512
4022,871,512
4023,874,513
4024,876,513
4025,877,514
4026,881,515
4027,882,516
4028,884,516
4029,886,517
4030,888,519
4031,891,521
4032,892,521
4033,893,523
4034,896,525
4035,897,526
4036,899,528
4037,900,528
4038,901,528
4039,903,527
4040,904,526
4041,906,526
4042,907,527
4043,909,527
4044,910,526
4045,912,527
4046,913,527
4047,913,527
4048,915,528
4049,916,529
4050,918,530
4051,915,532
4052,905,535
4053,897,538
4054,888,542
4055,881,545
4056,873,548
4057,867,552
4058,859,554
4059,854,558
4060,849,562
4061,843,564
4062,839,568
4063,835,571
4064,830,573
4065,827,577
4066,824,579
4067,821,580
4068,819,581
4069,818,583
4070,815,584
4071,814,586
4072,811,589
4073,810,591
4074,808,591
4075,808,592
4076,808,594
4077,807,595
4078,807,597
4079,806,598
4080,806,599
4081,805,599
4082,805,600
4083,804,602
4084,806,602
4085,807,604
4086,807,604
4087,806,604
4088,807,606
4089,807,606
4090,808,607
4091,808,608
4092,809,609
4093,809,609
4094,811,610
4095,811,610
4096,811,611
4097,813,612
4098,813,612
4099,815,613
4100,815,613
4101,817,614
4102,817,614
4103,817,615
4104,819,616
4105,820,616
4106,822,617
4107,823,617
4108,823,618
4109,825,618
4110,825,618
4111,827,619
4112,827,619
4113,829,619
4114,830,620
4115,832,621
4116,836,621
4117,847,619
4118,859,617
4119,870,616
4120,881,614
4121,890,613
4122,899,613
4123,907,612
4124,915,612
4125,922,612
4126,928,610
4127,934,610
4128,939,609
4129,944,609
4130,948,608
4131,952,608
4132,955,607
4133,960,607
4134,963,606
4135,965,606
4136,968,606
4137,970,605
4138,972,605
4139,975,605
4140,977,604
4141,978,605
4142,980,604
4143,981,604
4144,984,604
4145,985,604
4146,989,604
4147,998,606
4148,1009,609
4149,1020,611
4150,1029,614
4151,1037,616
4152,1044,618
4153,1051,621
4154,1057,623
4155,1062,625
4156,1069,628
4157,1074,631
4158,1078,633
4159,1082,636
4160,1085,638
4161,1088,639
4162,1091,640
4163,1093,641
4164,1097,644
4165,1099,645
4166,1100,647
4167,1101,647
4168,1102,647
4169,1104,649
4170,1105,649
4171,1105,651
4172,1106,652
4173,1106,653
4174,1108,655
4175,1107,655
4176,1106,655
4177,1107,656
4178,1106,656
4179,1107,658
4180,1106,658
4181,1105,660
4182,1104,660
4183,1105,661
4184,1104,661
4185,1104,662
4186,1103,662
4187,1103,664
4188,1102,664
4189,1100,663
4190,1100,665
4191,1098,665
4192,1098,666
4193,1096,666
4194,1096,666
4195,1094,666
4196,1093,666
4197,1091,666
4198,1091,667
4199,1089,666
4200,1087,667
4201,1087,669
4202,1087,671
4203,1085,673
4204,1083,674
4205,1082,678
4206,1082,681
4207,1080,683
4208,1080,687
4209,1078,689
4210,1072,692
4211,1060,695
4212,1048,697
4213,1038,699
4214,1029,701
4215,1021,703
4216,1014,706
4217,1008,707
4218,1003,710
4219,999,712
4220,994,714
4221,989,715
4222,987,717
4223,984,720
4224,981,721
4225,980,723
4226,979,723
4227,979,725
4228,977,726
4229,977,729
4230,976,729
4231,976,732
4232,975,733
4233,976,737
4234,975,738
4235,977,740
4236,977,741
4237,978,743
4238,979,743
4239,980,746
4240,980,747
4241,982,749
4242,982,751
4243,984,753
4244,985,754
4245,987,756
4246,987,757
4247,989,759
4248,990,759
4249,992,762
4250,993,763
4251,995,765
4252,996,765
4253,996,766
4254,996,769
4255,994,770
4256,992,773
4257,992,774
4258,989,777
4259,989,779
4260,988,780
4261,989,782
4262,988,784
4263,989,786
4264,989,788
4265,991,789
4266,991,790
4267,992,794
4268,992,795
4269,995,797
4270,995,797
4271,995,799
4272,998,801
4273,999,804
4274,1002,805
4275,1003,806
4276,1004,807
4277,1007,810
4278,1008,811
4279,1010,812
4280,1012,813
4281,1015,814
4282,1016,814
4283,1019,817
4284,1020,818
4285,1023,820
4286,1024,820
4287,1027,821
4288,1028,822
4289,1026,821
4290,1010,818
4291,991,813
4292,973,809
4293,964,806
4294,973,809
4295,985,804
4296,998,798
4297,1008,790
4298,1018,785
4299,1027,779
4300,1036,773
4301,1045,766
4302,1049,762
4303,1057,756
4304,1061,751
4305,1067,746
4306,1072,741
4307,1078,736
4308,1084,731
4309,1090,726
4310,1086,724
4311,1091,721
4312,1093,716
4313,1095,713
4314,1097,709
4315,1101,707
4316,1102,703
4317,1103,699
4318,1105,695
4319,1108,694
4320,1110,691
4321,1113,689
4322,1112,688
4323,1113,685
4324,1115,683
4325,1115,682
4326,1116,680
4327,1117,679
4328,1120,678
4329,1120,677
4330,1120,676
4331,1120,675
4332,1123,675
4333,1122,674
4334,1121,672
4335,1123,673
4336,1124,673
4337,1125,673
4338,1124,674
4339,1125,674
4340,1125,675
4341,1125,675
4342,1131,676
4343,1133,677
4344,1135,678
4345,1137,679
4346,1137,681
4347,1138,682
4348,1139,683
4349,1142,686
4350,1141,687
4351,1143,690
4352,1145,692
4353,1146,695
4354,1145,697
4355,1146,700
4356,1146,703
4357,1147,705
4358,1147,708
4359,1148,710
4360,1148,713
4361,1149,715
4362,1153,723
4363,1154,726
4364,1156,729
4365,1157,733
4366,1158,736
4367,1159,739
4368,1160,743
4369,1161,746
4370,1163,749
4378,1090,669
4379,1080,664
4380,1074,659
4381,1066,654
4382,1061,651
4383,1055,647
4384,1049,643
4385,1045,639
4386,1041,636
4387,1036,632
4388,1032,629
4389,1029,625
4390,1027,619
4391,1026,614
4392,1023,608
4393,1022,604
4394,1021,599
4395,1019,595
4396,1019,591
4397,1017,586
4398,1016,583
4399,1014,578
4400,1014,575
4401,1013,572
4402,1012,569
4403,1011,567
4404,1010,567
4405,1010,567
4406,1008,568
4407,1008,568
4408,1007,567
4409,1009,567
4410,1008,566
4411,1009,566
4412,1009,565
4413,1010,565
4414,1009,565
4415,1010,565
4416,1010,565
4417,1010,565
4418,1009,565
4419,1010,565
4420,1010,565
4421,1011,565
4422,1010,564
4423,1012,564
4424,1011,565
4425,1012,565
4426,1012,565
4427,1013,565
4428,1013,564
4429,1014,564
4430,1014,564
4431,1015,565
4432,1015,564
4433,1016,564
4434,1016,564
4435,1017,564
4436,1017,563
4437,1018,564
4438,1018,564
4439,1019,565
4440,1019,564
4441,1020,564
4442,1020,565
4443,1021,565
4444,1021,564
4445,1022,565
4446,1022,564
4447,1024,565
4448,1026,566
4449,1027,565
4450,1030,566
4451,1032,566
4452,1035,567
4453,1037,566
4454,1038,567
4455,1040,568
4456,1041,567
4457,1042,566
4458,1043,566
4459,1044,565
4460,1046,565
4461,1047,564
4462,1048,564
4463,1049,563
4464,1050,563
4473,1057,570
4474,1055,570
4475,1057,570
4476,1059,571
4477,1061,571
4478,1063,571
4479,1054,570
4480,1055,570
4481,1056,570
4482,1056,569
4483,1055,570
4484,1054,570
4485,1053,570
4486,1042,550
4487,1037,543
4488,1034,539
4489,1031,533
4490,1027,527
4491,1023,521
4492,1019,515
4493,1015,509
4494,1012,503
4495,1012,510
4496,1010,508
4497,1007,506
4498,1005,505
4499,1002,502
4500,1002,502
4501,1002,501
4502,1000,499
4503,997,499
4504,997,498
4505,996,497
4506,994,495
4507,994,493
4508,992,490
4509,992,489
4510,990,488
4511,990,487
4512,989,486
4513,989,486
4514,988,485
4515,989,485
4516,988,484
4517,987,482
4518,987,482
4519,986,481
4520,987,481
4521,986,481
4522,987,481
4523,986,480
4524,987,479
4525,986,479
4526,986,479
4527,987,479
4528,987,478
4529,988,478
4530,988,478
4531,989,478
4532,989,477
4533,991,476
4534,991,475
4535,993,475
4536,993,474
4537,993,473
4538,995,473
4539,995,474
4540,997,474
4541,997,473
4542,997,474
4543,999,474
4544,999,474
4545,1000,475
4546,1000,475
4547,1002,475
4548,1002,474
4549,1001,478
4550,995,484
4551,987,490
4552,980,495
4553,975,501
4554,971,505
4555,965,510
4556,962,514
4557,957,517
4558,954,521
4559,952,525
4560,948,529
4561,946,532
4562,942,535
4563,941,539
4564,939,542
4565,937,545
4566,936,549
4567,934,550
4568,935,552
4569,935,553
4570,934,554
4571,934,555
4572,933,556
4573,934,558
4574,933,559
4575,934,561
4576,934,562
4577,933,564
4578,934,565
4579,936,565
4580,936,565
4581,936,566
4582,938,566
4583,938,567
4584,940,568
4585,941,569
4586,941,569
4587,943,570
4588,944,570
4589,946,571
4590,947,571
4591,949,572
4592,950,572
4593,951,573
4594,954,572
4595,955,572
4596,957,573
4597,958,573
4598,960,574
4599,961,573
4600,964,574
4601,965,573
4602,967,573
4603,969,573
4604,971,574
4605,973,575
4606,976,575
4607,978,576
4608,975,558
4609,975,552
4610,974,548
4611,975,544
4612,974,540
4613,975,536
4614,975,533
4615,976,529
4616,976,527
4617,977,524
4618,977,522
4619,979,519
4620,979,517
4621,981,516
4622,981,514
4623,983,513
4624,983,511
4625,985,510
4626,985,509
4627,987,508
4628,988,507
4629,990,506
4630,992,505
4631,992,504
4632,994,503
4633,995,503
4634,995,502
4635,997,501
4636,998,501
4637,1000,501
4638,1003,501
4639,1004,500
4640,1005,499
4641,1007,499
4642,1008,498
4643,1010,499
4644,1010,498
4645,1012,498
4646,1013,498
4647,1013,497
4648,1015,497
4649,1015,497
4650,1017,497
4651,1019,498
4652,1019,496
4653,1020,496
4654,1021,495
4655,1022,494
4656,1023,493
4657,1024,492
4658,1024,497
4659,1026,497
4660,1027,497
4661,1027,497
4662,1030,497
4663,1030,497
4664,1032,497
4665,1032,497
4666,1034,497
4667,1035,497
4668,1036,497
4669,1037,497
4670,1038,497
4671,1038,497
4672,1040,497
4673,1040,497
4674,1042,497
4675,1043,497
4676,1045,497
4677,1045,497
4678,1047,497
4679,1048,497
4680,1049,497
4681,1050,498
4682,1051,498
4683,1051,497
4684,1061,497
4685,1078,498
4686,1095,498
4687,1110,497
4688,1124,498
4689,1137,497
4690,1148,497
4691,1159,497
4692,1168,497
4693,1177,497
4694,1185,497
4695,1192,497
4696,1197,496
4697,1203,496
4698,1208,496
4699,1212,495
4700,1216,495
4701,1221,495
4702,1224,495
4703,1227,495
4704,1229,494
4705,1232,494
4706,1234,494
4707,1235,493
4708,1237,493
4709,1238,494
4710,1238,493
4711,1240,493
4712,1240,493
4713,1240,492
4714,1241,492
4715,1241,492
4716,1240,492
4717,1241,492
4718,1240,492
4719,1239,492
4720,1239,492
4721,1238,491
4722,1238,490
4723,1237,490
4724,1237,490
4725,1235,490
4726,1235,490
4727,1233,490
4728,1233,491
4729,1231,490
4730,1229,489
4731,1228,489
4732,1226,489
4733,1225,490
4734,1223,490
4735,1219,490
4736,1211,487
4737,1207,481
4738,1202,477
4739,1197,472
4740,1193,468
4741,1188,464
4742,1183,459
4743,1178,455
4744,1179,447
4745,1177,443
4746,1175,439
4747,1172,435
4748,1170,432
4749,1167,428
4750,1166,425
4751,1165,421
4752,1163,418
4753,1160,413
4754,1159,409
4755,1157,404
4756,1156,401
4757,1156,398
4758,1154,394
4759,1152,390
4760,1152,387
4761,1150,385
4762,1150,382
4763,1149,379
4764,1148,376
4765,1148,374
4766,1147,373
4767,1145,370
4768,1145,369
4769,1143,366
4770,1143,365
4771,1144,365
4772,1143,363
4773,1143,362
4774,1141,360
4775,1139,356
4776,1137,352
4777,1137,349
4778,1136,346
4779,1134,344
4780,1134,341
4781,1133,338
4782,1131,334
4783,1131,332
4784,1131,330
4785,1130,328
4786,1128,325
4787,1128,323
4788,1127,322
4789,1125,320
4790,1126,318
4791,1124,317
4792,1124,316
4793,1123,314
4794,1123,313
4795,1122,313
4796,1122,312
4797,1121,311
4798,1119,310
4799,1120,310
4800,1119,309
4801,1119,309
4802,1118,309
4803,1116,309
4804,1116,309
4805,1115,310
4806,1114,309
4807,1114,307
4808,1113,305
4809,1111,301
4810,1111,299
4811,1111,297
4812,1110,295
4813,1108,293
4814,1108,291
4815,1106,290
4816,1109,293
4817,1112,299
4818,1115,304
4819,1117,309
4820,1119,314
4821,1121,318
4822,1123,323
4823,1125,328
4824,1126,332
4825,1129,337
4826,1130,341
4827,1130,345
4828,1132,350
4829,1133,354
4830,1135,359
4831,1136,363
4832,1136,368
4833,1137,373
4834,1138,377
4835,1138,381
4836,1140,386
4837,1140,391
4838,1141,395
4839,1141,399
4840,1140,404
4841,1142,408
4842,1142,411
4843,1142,414
4844,1141,416
4845,1142,419
4846,1142,422
4847,1143,425
4848,1143,428
4849,1142,430
4850,1143,434
4851,1143,437
4852,1142,440
4853,1143,444
4854,1143,448
4855,1144,451
4856,1144,453
4857,1143,456
4858,1142,458
4859,1143,461
4860,1143,465
4861,1142,467
4862,1143,470
4863,1142,472
4864,1141,474
4865,1142,476
4866,1141,479
4867,1140,481
4868,1140,484
4869,1139,487
4870,1140,489
4871,1139,492
4872,1138,493
4873,1138,496
4874,1137,498
4875,1137,501
4876,1135,502
4877,1135,504
4878,1134,506
4879,1132,507
4880,1132,510
4881,1131,513
4882,1131,515
4883,1130,516
4884,1128,517
4885,1127,519
4886,1125,519
4887,1125,521
4888,1123,522
4889,1118,522
4890,1111,519
4891,1101,515
4892,1094,512
4893,1086,508
4894,1080,506
4895,1075,504
4896,1070,502
4897,1066,500
4898,1061,497
4899,1057,496
4900,1054,495
4901,1050,494
4902,1048,493
4903,1046,492
4904,1043,491
4905,1041,491
4906,1038,491
4907,1036,491
4908,1035,491
4909,1032,490
4910,1030,490
4911,1028,491
4912,1028,489
4913,1027,487
4914,1026,485
4915,1029,483
4916,1029,482
4917,1032,481
4918,1034,480
4919,1035,478
4920,1037,477
4921,1038,476
4922,1040,474
4923,1042,473
4924,1043,471
4925,1058,443
4926,1060,439
4927,1063,435
4928,1064,432
4929,1065,427
4930,1067,423
4931,1068,419
4932,1070,415
4933,1071,411
4934,1071,408
4935,1073,404
4936,1073,401
4937,1075,398
4938,1075,395
4939,1075,393
4940,1077,390
4941,1077,388
4942,1079,386
4943,1079,383
4944,1078,379
4945,1079,376
4946,1079,373
4947,1080,371
4948,1080,368
4949,1081,366
4950,1081,363
4951,1080,361
4952,1081,359
4953,1081,358
4954,1082,356
4955,1082,353
4956,1083,351
4957,1082,348
4958,1083,346
4959,1082,344
4960,1083,342
4961,1082,340
4962,1083,339
4963,1082,337
4964,1082,335
4965,1081,332
4966,1082,330
4967,1081,329
4968,1082,327
4969,1081,325
4970,1082,323
4971,1081,321
4972,1082,320
4973,1081,318
4974,1080,316
4975,1081,314
4976,1080,313
4977,1079,310
4978,1080,309
4979,1079,308
4980,1080,306
4981,1079,305
4982,1080,304
4983,1079,302
4984,1078,300
4985,1079,298
4986,1078,297
4987,1077,295
4988,1078,294
4989,1077,293
4990,1078,292
4991,1077,291
4992,1078,289
4993,1077,288
4994,1076,286
4995,1077,285
4996,1076,284
4997,1075,283
4998,1076,282
4999,1075,281
5000,1076,281
5001,1075,279
5002,1074,277
5003,1073,277
5004,1071,276
5005,1067,276
5006,1063,274
5007,1061,274
5008,1059,273
5009,1056,273
5010,1054,272
5011,1051,271
5012,1051,271
5013,1048,269
5014,1047,269
5015,1045,268
5016,1045,268
5017,1043,267
5018,1041,267
5019,1041,266
5020,1040,266
5021,1040,265
5022,1039,264
5023,1039,264
5024,1038,264
5025,1036,262
5026,1037,262
5027,1036,261
5028,1036,261
5029,1033,261
5030,1023,259
5031,1012,258
5032,1002,255
5033,994,254
5034,987,253
5035,978,251
5036,973,250
5037,967,249
5038,962,248
5039,956,246
5040,952,245
5041,948,243
5042,943,242
5043,940,241
5044,937,240
5045,933,238
5046,932,237
5047,928,235
5048,926,234
5049,925,233
5050,922,232
5051,921,232
5052,919,230
5053,918,229
5054,917,228
5055,915,227
5056,913,226
5057,913,225
5058,912,224
5059,912,224
5060,913,222
5061,913,221
5062,915,220
5063,916,220
5064,918,219
5065,919,218
5066,919,217
5067,921,216
5068,922,216
5069,924,214
5070,925,213
5071,927,213
5072,930,211
5073,931,210
5074,934,208
5075,935,207
5076,936,205
5077,939,205
5078,940,204
5079,941,203
5080,944,203
5081,945,203
5082,947,202
5083,948,201
5084,948,201
5085,950,201
5086,951,201
5087,954,201
5088,956,200
5089,958,198
5090,959,197
5091,962,196
5092,963,195
5093,964,194
5094,967,193
5095,969,192
5096,971,191
5097,976,193
5098,981,193
5099,984,193
5100,989,193
5101,992,193
5102,994,193
5103,998,193
5104,1000,193
5105,1003,193
5106,1005,193
5107,1007,192
5108,1009,192
5109,1011,192
5110,1011,191
5111,1012,192
5112,1016,193
5113,1017,192
5114,1017,192
5115,1019,192
5116,1020,192
5117,1020,191
5118,1022,192
5119,1023,192
5120,1025,192
5121,1026,192
5122,1026,191
5123,1028,191
5124,1029,190
5125,1032,191
5126,1034,191
5127,1037,192
5128,1039,192
5129,1041,192
5130,1044,193
5131,1050,192
5132,1053,192
5133,1053,191
5134,1055,192
5135,1056,192
5136,1057,192
5137,1058,189
5138,1060,190
5139,1061,189
5140,1060,189
5141,1059,189
5142,1061,190
5143,1063,190
5144,1064,190
5145,1065,191
5146,1055,188
5147,1052,188
5148,1050,188
5149,1047,187
5150,1044,187
5151,1043,187
5152,1040,186
5153,1040,186
5154,1037,186
5155,1037,186
5156,1036,186
5157,1035,185
5158,1034,185
5159,1033,185
5160,1033,184
5161,1034,185
5162,1033,184
5163,1033,184
5164,1032,183
5165,1032,182
5166,1035,182
5167,1047,161
5168,1051,156
5169,1057,148
5170,1063,139
5171,1068,131
5172,1074,123
5173,1080,114
5174,1086,106
5175,1091,98
5176,1097,89
5178,1039,176
5179,1038,175
5180,1040,175
5181,1040,174
5182,1040,173
5183,1042,173
5184,1041,173
5185,1043,173
5186,1044,172
5187,1045,172
5188,1045,172
5189,1047,171
5190,1046,171
5191,1047,170
5192,1046,169
5193,1048,170
5194,1052,170
5195,1053,170
5196,1055,170
5197,1057,170
5198,1060,170
5199,1062,170
5200,1064,170
5201,1066,170
5202,1068,170
5203,1070,170
5205,1068,168
5206,1070,168
5207,1072,169
5208,1071,169
5209,1072,169
5210,1074,169
5211,1084,170
5212,1090,170
5213,1097,171
5214,1112,172
5215,1121,173
5216,1127,174
5217,1132,174
5218,1138,175
5219,1142,175
5220,1148,176
5221,1151,178
5222,1154,179
5223,1157,180
5224,1160,181
5225,1162,181
5226,1164,182
5227,1166,182
5228,1169,184
5229,1170,185
5230,1170,185
5231,1170,186
5232,1172,187
5233,1172,188
5234,1171,188
5235,1172,189
5236,1172,190
5237,1171,190
5238,1172,192
5239,1171,192
5240,1171,193
5241,1169,194
5242,1168,195
5243,1168,196
5244,1166,196
5245,1164,196
5246,1164,197
5247,1162,197
5248,1160,197
5249,1160,198
5250,1158,199
5251,1158,200
5252,1157,201
5253,1155,202
5254,1154,204
5255,1152,204
5256,1151,204
5257,1149,204
5258,1146,205
5259,1145,205
5260,1143,206
5261,1142,207
5262,1142,209
5263,1140,209
5264,1137,210
5265,1136,210
5266,1133,210
5267,1132,211
5268,1130,211
5269,1128,211
5270,1126,212
5271,1125,213
5272,1125,214
5273,1123,216
5274,1122,217
5275,1118,216
5276,1110,216
5277,1100,216
5278,1091,217
5279,1084,218
5280,1077,219
5281,1071,219
5282,1066,220
5283,1059,221
5284,1053,222
5285,1050,224
5286,1047,224
5287,1045,224
5288,1041,223
5289,1039,224
5290,1038,224
5291,1035,225
5292,1032,225
5293,1032,225
5294,1029,225
5295,1029,226
5296,1026,227
5297,1023,228
5298,1022,229
5299,1019,230
5300,1018,232
5301,1016,233
5302,1015,235
5303,1014,235
5304,1012,236
5305,1012,236
5306,1012,236
5307,1011,236
5308,1011,237
5309,1010,238
5310,1011,239
5311,1011,240
5312,1010,241
5313,1010,241
5314,1011,241
5315,1011,242
5316,1010,243
5317,1011,243
5318,1012,244
5319,1012,244
5320,1012,245
5321,1012,245
5322,1012,245
5323,1014,246
5324,1014,246
5325,1013,246
5326,1015,247
5327,1014,247
5328,1014,247
5329,1015,248
5330,1017,249
5331,1016,249
5332,1017,249
5333,1017,250
5334,1018,250
5335,1017,250
5336,1018,250
5337,1018,251
5338,1018,251
5339,1018,251
5340,1019,252
5341,1019,252
5342,1020,252
5343,1020,252
5344,1019,251
5345,1020,250
5346,1020,250
5347,1020,249
5348,1021,249
5349,1021,248
5350,1021,248
5351,1021,247
5352,1022,246
5353,1022,246
5362,1022,240
5363,1025,241
5364,1023,240
5365,1021,239
5366,1023,239
5367,1022,237
5368,1023,237
5369,1022,236
5370,1022,236
5371,1023,236
5372,1024,236
5373,1025,236
5374,1026,236
5375,1026,236
5376,1024,235
5377,1022,235
5378,1019,234
5379,1019,233
5380,1016,233
5381,1016,232
5382,1014,232
5383,1014,232
5384,1013,232
5385,1014,232
5386,1013,231
5387,1011,230
5388,1012,230
5389,1011,230
5390,1011,229
5391,1012,229
5392,1011,229
5393,1012,229
5394,1012,228
5395,1013,228
5396,1013,228
5397,1012,228
5398,1013,227
5399,1015,227
5400,1015,227
5401,1015,227
5402,1016,226
5403,1017,226
5404,1017,226
5405,1018,226
5406,1018,225
5407,1017,227
5408,1014,229
5409,1011,232
5410,1008,235
5411,1006,238
5412,1004,241
5413,1001,244
5414,1000,246
5415,998,250
5416,998,252
5417,997,255
5418,996,257
5419,996,259
5420,994,261
5421,995,264
5422,994,266
5423,995,268
5424,994,270
5425,995,272
5426,995,274
5427,995,276
5428,994,278
5429,996,280
5430,995,282
5431,997,284
5432,997,285
5433,998,287
5434,998,289
5435,998,291
5436,999,292
5437,1001,294
5438,1001,295
5439,1003,297
5440,1003,299
5441,1004,300
5442,1004,301
5443,1005,302
5444,1005,303
5445,1006,304
5446,1006,305
5447,1006,306
5448,1007,307
5449,1007,308
5450,1008,309
5458,1020,322
5459,1020,322
5460,1022,325
5461,1022,324
5462,1021,324
5463,1021,324
5464,1021,324
5465,1017,325
5466,1016,325
5467,1006,323
5468,1002,322
5469,997,321
5470,993,321
5471,990,321
5472,989,321
5473,986,321
5474,983,319
5475,982,320
5476,980,321
5477,977,321
5478,976,322
5479,974,322
5480,974,322
5481,972,321
5482,973,320
5483,974,321
5484,974,321
5485,973,321
5486,974,322
5487,974,322
5488,975,323
5489,977,323
5490,978,323
5491,978,322
5492,980,322
5493,980,323
5494,982,323
5495,983,324
5496,985,324
5497,986,324
5498,988,324
5499,989,324
5500,991,325
5501,992,325
5502,994,325
5503,995,326
5504,998,326
5505,999,326
5506,1001,327
5507,1002,327
5508,1004,328
5509,1005,327
5510,1007,327
5511,1008,327
5512,1009,328
5513,1012,328
5514,1013,328
5515,1016,329
5516,1017,329
5517,1018,329
5518,1021,329
5519,1022,327
5520,1020,326
5521,1017,323
5522,1014,321
5523,1012,318
5524,1009,316
5525,1008,314
5526,1007,312
5527,1005,310
5528,1002,308
5529,1001,307
5530,1001,306
5531,999,305
5532,999,304
5533,998,302
5534,998,300
5535,997,299
5536,998,297
5537,999,296
5538,998,295
5539,998,293
5540,998,293
5541,999,292
5542,999,292
5543,999,291
5544,999,290
5545,1001,288
5546,1001,287
5547,1002,286
5548,1002,285
5549,1004,284
5550,1004,284
5551,1005,283
5552,1007,282
5553,1007,281
5554,1007,281
5555,1009,280
5556,1009,279
5557,1011,278
5558,1012,277
5559,1014,276
5560,1015,276
5561,1015,276
5562,1017,275
5563,1019,274
5564,1019,273
5565,1021,273
5566,1021,273
5567,1023,272
5568,1024,271
5569,1025,270
5570,1027,270
5571,1027,269
5572,1029,269
5573,1030,268
5574,1032,268
5575,1033,268
5576,1035,267
5577,1036,267
5578,1036,266
5579,1038,265
5580,1039,265
5581,1041,264
5582,1042,264
5583,1044,264
5584,1045,264
5585,1045,263
5586,1047,262
5587,1048,262
5588,1050,261
5589,1051,261
5590,1052,261
5591,1053,261
5592,1054,260
5593,1056,260
5594,1057,259
5595,1058,259
5596,1061,258
5597,1062,258
5598,1064,259
5599,1065,259
5600,1066,260
5601,1066,260
5602,1066,261
5603,1069,262
5604,1070,262
5605,1070,264
5606,1070,265
5607,1072,266
5608,1072,267
5609,1072,268
5610,1074,269
5611,1074,269
5612,1074,269
5613,1076,270
5614,1077,270
5615,1080,271
5616,1079,272
5617,1079,272
5618,1080,273
5619,1082,274
5620,1082,274
5621,1087,274
5622,1094,274
5623,1102,275
5624,1108,275
5625,1114,276
5626,1119,276
5627,1123,277
5628,1127,278
5629,1130,278
5630,1135,280
5631,1138,281
5632,1140,282
5633,1142,283
5634,1146,284
5635,1148,285
5636,1150,287
5637,1151,289
5638,1154,290
5639,1155,292
5640,1157,294
5641,1158,295
5642,1160,297
5643,1159,295
5644,1158,297
5645,1159,298
5646,1158,298
5647,1158,298
5648,1157,299
5649,1156,299
5650,1157,300
5651,1156,300
5652,1157,301
5653,1156,301
5654,1155,302
5655,1156,304
5656,1155,305
5657,1156,307
5658,1155,308
5659,1154,309
5660,1153,309
5661,1152,309
5662,1153,310
5663,1152,310
5664,1151,310
5665,1150,310
5666,1150,311
5667,1151,313
5668,1150,313
5669,1148,314
5670,1148,315
5671,1147,315
5672,1148,316
5673,1147,316
5674,1146,315
5675,1144,315
5676,1140,347
5677,1137,362
5678,1134,377
5679,1131,392
5680,1128,406
5681,1126,421
5682,1123,436
5683,1120,451
5684,1117,466
5686,1099,327
5687,1094,328
5688,1092,329
5689,1089,330
5690,1087,331
5691,1085,332
5692,1082,333
5693,1080,334
5694,1078,335
5695,1075,336
5697,1067,336
5698,1067,336
5699,1067,336
5700,1067,336
5701,1063,340
5702,1065,341
5703,1064,342
5704,1063,343
5705,1061,342
5706,1058,342
5707,1056,342
5708,1054,342
5709,1051,342
5710,1049,342
5711,1053,316
5712,1034,334
5713,1026,340
5714,1022,342
5715,1019,340
5716,1016,339
5717,1011,339
5718,1006,338
5719,1004,339
5720,1000,339
5721,996,338
5722,993,339
5723,990,339
5724,985,338
5725,983,338
5726,981,339
5727,977,339
5728,973,338
5729,971,338
5730,967,339
5731,965,339
5732,962,339
5733,960,339
5734,957,339
5735,955,339
5736,952,339
5737,948,338
5738,946,338
5739,945,339
5740,942,339
5741,940,339
5742,937,339
5743,934,339
5744,933,338
5745,930,339
5746,929,339
5747,926,339
5748,925,339
5749,923,339
5750,922,339
5751,920,339
5752,917,338
5753,916,339
5754,914,339
5755,913,339
5756,911,339
5757,910,339
5758,908,339
5759,907,339
5760,905,339
5761,904,339
5762,902,339
5763,901,339
5764,899,339
5765,899,339
5766,897,340
5767,895,339
5768,895,339
5769,893,338
5770,893,339
5771,891,339
5772,889,339
5773,889,339
5774,888,340
5775,886,339
5776,886,340
5777,884,339
5778,884,339
5779,883,339
5780,880,339
5781,878,339
5782,873,341
5783,869,342
5784,864,343
5785,861,345
5786,857,346
5787,852,346
5788,849,348
5789,845,349
5790,842,350
5791,838,351
5792,836,352
5793,832,352
5794,829,353
5795,825,353
5796,823,354
5797,819,354
5798,817,356
5799,814,357
5800,812,357
5801,809,358
5802,807,359
5803,804,359
5804,802,360
5805,799,360
5806,797,361
5807,794,361
5808,792,362
5809,791,362
5810,788,363
5811,787,364
5812,784,364
5813,781,364
5814,780,365
5815,779,365
5816,777,366
5817,774,365
5818,773,366
5819,771,366
5820,770,367
5821,768,367
5822,767,368
5823,765,368
5824,764,369
5825,762,369
5826,762,369
5827,760,369
5828,759,370
5829,757,369
5830,757,370
5831,755,370
5832,755,371
5833,753,371
5834,751,371
5835,751,371
5836,749,372
5837,749,372
5838,748,372
5839,747,373
5840,745,373
5841,745,374
5842,744,373
5843,743,373
5844,741,374
5845,739,374
5846,738,374
5847,736,373
5848,733,374
5849,734,375
5850,741,380
5851,749,385
5852,756,390
5853,764,396
5854,772,401
5855,779,405
5856,787,410
5857,795,415
5858,802,419
5859,811,425
5860,818,429
5861,824,434
5862,830,438
5863,838,442
5864,845,447
5865,852,451
5866,856,457
5867,864,462
5868,869,466
5869,875,470
5870,881,475
5871,889,481
5872,896,486
5873,902,491
5874,907,495
5875,914,501
5876,920,505
5877,927,511
5878,933,516
5879,941,521
5880,947,527
5881,952,530
5882,959,533
5883,965,535
5884,971,538
5885,976,540
5886,982,544
5887,987,546
5888,994,551
5889,999,553
5890,1006,558
5891,1012,562
5892,1017,565
5893,1000,562
5894,971,556
5895,939,549
5896,909,541
5897,878,533
5898,852,528
5899,826,523
5900,801,519
5901,775,516
5902,752,513
5903,728,510
5904,705,507
5905,681,504
5906,661,499
5907,639,496
5908,621,494
5909,602,492
5910,584,490
5911,564,486
5912,548,484
5913,531,482
5914,514,479
5915,498,477
5916,481,474
5917,464,472
5918,443,472
5919,425,470
5920,408,468
5921,397,468
5922,388,468
5923,380,466
5924,375,465
5925,371,465
5926,369,466
5927,368,466
5928,366,466
5929,367,467
5930,366,468
5931,365,469
5932,365,469
5933,369,468
5934,369,469
5935,373,471
5936,374,471
5937,376,472
5938,377,471
5939,380,472
5940,383,474
5941,385,473
5942,386,475
5943,389,476
5944,390,477
5945,390,476
5946,393,478
5947,397,479
5948,398,481
5949,398,483
5950,402,484
5951,404,484
5952,404,483
5953,404,482
5954,405,481
5955,405,479
5956,408,478
5957,409,477
5958,407,476
5959,407,475
5960,409,474
5961,409,473
5962,409,472
5963,410,473
5964,412,470
5965,412,469
5966,411,469
5967,413,470
5968,412,471
5969,414,469
5970,414,470
5971,416,470
5972,416,471
5973,418,472
5974,418,472
5975,420,472
5976,420,470
5977,420,469
5978,422,468
5979,422,465
5980,421,463
5981,420,462
5982,420,460
5983,419,458
5984,419,456
5985,429,458
5986,429,457
5987,429,458
5988,428,456
5989,429,457
5990,429,458
5991,428,456
5992,429,457
5993,429,457
5994,428,458
5995,430,458
5996,430,456
5997,429,457
5998,430,458
5999,429,456
6000,430,457
6001,430,457
6002,430,457
6003,429,458
6004,429,458
6005,429,458
6006,428,458
6007,428,458
6008,428,459
6009,428,459
6010,428,459
6011,427,459
6013,961,503
6014,960,502
6015,961,503
6016,961,503
6017,961,502
6018,960,503
6019,961,503
6020,960,502
6021,961,502
6022,961,502
6023,960,502
6024,961,502
6025,960,501
6026,961,502
6027,961,502
6028,960,502
6029,961,503
6030,961,502
6031,960,502
6032,961,503
6033,961,502
6034,960,502
6035,961,503
6036,951,502
6037,938,502
6038,926,502
6039,915,502
6040,906,502
6041,898,502
6042,890,501
6043,883,501
6044,877,501
6045,872,502
6046,867,502
6047,861,501
6048,858,501
6049,855,501
6050,853,502
6051,849,501
6052,847,501
6053,844,502
6054,843,502
6055,842,502
6056,840,501
6057,839,501
6058,839,501
6059,838,500
6060,839,499
6061,839,498
6062,840,498
6063,840,497
6064,841,497
6065,841,497
6066,842,497
6067,842,497
6068,843,497
6069,843,497
6070,842,498
6071,843,498
6072,843,498
6073,845,499
6074,858,499
6075,878,500
6076,898,500
6077,915,501
6078,931,501
6079,945,501
6080,959,502
6081,971,503
6082,980,502
6083,990,502
6084,998,501
6085,1005,501
6086,1012,501
6087,1018,500
6088,1024,501
6089,1029,501
6090,1034,501
6091,1039,502
6092,1043,503
6093,1047,504
6094,1050,503
6095,1052,502
6096,1054,501
6097,1055,501
6098,1058,501
6099,1059,501
6100,1061,502
6101,1061,502
6102,1063,502
6103,1063,503
6104,1065,504
6105,1064,503
6106,1064,502
6107,1064,502
6108,1063,501
6109,1063,502
6110,1062,501
6111,1062,501
6112,1055,500
6113,1045,497
6114,1034,495
6115,1023,491
6116,1015,488
6117,1007,485
6118,1000,482
6119,994,479
6120,987,475
6121,982,472
6122,977,468
6123,971,464
6124,967,460
6125,962,456
6126,960,453
6127,957,449
6128,953,445
6129,951,441
6130,949,438
6131,946,433
6132,943,429
6133,943,426
6134,942,426
6135,941,422
6136,941,422
6137,939,419
6138,938,415
6139,938,412
6140,936,408
6141,936,405
6142,934,399
6143,934,395
6144,933,391
6145,932,389
6146,932,387
6147,931,383
6148,931,381
6149,930,378
6150,931,376
6151,932,375
6152,931,372
6153,931,370
6154,932,368
6155,933,367
6156,931,364
6157,932,363
6158,931,361
6159,932,360
6160,933,359
6161,932,358
6162,933,357
6163,932,356
6164,933,355
6165,933,355
6166,933,355
6167,935,355
6168,934,354
6169,934,353
6170,935,354
6171,936,354
6172,935,355
6173,936,355
6174,936,355
6175,937,356
6176,937,357
6177,936,357
6178,938,359
6179,937,361
6180,939,362
6181,939,363
6182,938,365
6183,940,367
6184,939,369
6185,940,371
6186,940,373
6187,939,375
6188,941,378
6189,941,381
6190,941,383
6191,943,387
6192,943,389
6193,942,392
6194,943,396
6195,943,398
6196,944,402
6197,945,406
6198,944,410
6199,943,413
6200,944,418
6201,944,421
6202,946,426
6203,946,431
6204,945,435
6205,946,440
6206,946,445
6207,947,450
6208,947,455
6209,946,461
6210,948,466
6211,948,471
6212,949,477
6213,949,482
6214,948,488
6215,949,494
6216,949,500
6217,950,506
6218,950,512
6219,951,519
6220,950,525
6221,951,532
6222,951,538
6223,950,545
6224,951,553
6225,951,559
6226,952,567
6227,952,574
6228,951,581
6229,952,589
6230,953,596
6231,952,605
6232,952,613
6233,952,621
6234,954,629
6235,953,636
6236,953,643
6237,952,651
6238,961,637
6239,963,637
6240,963,635
6241,966,636
6242,966,636
6243,968,637
6244,969,637
6245,969,639
6246,969,641
6247,970,639
6248,970,636
6249,971,633
6250,971,629
6251,970,627
6252,971,625
6253,970,623
6254,971,620
6255,971,617
6256,969,615
6257,970,613
6258,969,610
6259,970,608
6260,970,605
6261,970,603
6262,969,602
6263,970,601
6264,969,600
6265,969,599
6266,968,599
6267,967,598
6268,967,598
6269,967,599
6270,966,598
6271,964,599
6272,965,600
6273,963,600
6274,963,602
6275,962,602
6276,960,601
6277,960,601
6278,958,599
6279,958,598
6280,954,596
6281,952,594
6282,952,595
6283,950,593
6284,950,594
6285,948,593
6286,948,591
6287,946,591
6288,944,591
6289,944,591
6290,943,590
6291,940,589
6292,938,587
6293,938,585
6294,936,583
6295,934,581
6296,932,580
6297,932,579
6298,930,577
6299,928,577
6300,927,575
6301,925,574
6302,925,574
6303,923,574
6304,921,574
6305,922,574
6306,921,573
6307,919,574
6308,918,574
6309,916,575
6310,917,575
6311,916,576
6312,914,576
6313,914,577
6314,913,578
6315,911,577
6316,911,577
6317,909,575
6318,907,575
6319,907,574
6320,905,574
6321,900,573
6322,889,570
6323,878,567
6324,866,565
6325,857,563
6326,849,561
6327,842,560
6328,836,558
6329,830,556
6330,825,554
6331,821,552
6332,816,551
6333,812,550
6334,809,549
6335,808,549
6336,805,547
6337,804,546
6338,801,545
6339,799,544
6340,795,543
6341,793,542
6342,792,541
6343,791,541
6344,791,540
6345,789,539
6346,789,539
6347,789,539
6348,788,538
6349,788,538
6350,787,537
6351,786,537
6352,787,536
6353,788,536
6354,787,535
6355,788,535
6356,787,535
6357,788,535
6358,789,535
6359,788,535
6360,789,534
6361,789,533
6362,790,533
6363,790,534
6364,790,533
6365,792,533
6366,792,533
6367,794,533
6368,794,533
6369,795,533
6370,797,532
6371,799,531
6372,801,530
6373,814,531
6374,832,530
6375,854,530
6376,876,529
6377,894,528
6378,911,527
6379,925,526
6380,940,526
6381,952,525
6382,964,525
6383,975,524
6384,986,524
6385,995,523
6386,1003,523
6387,1011,523
6388,1018,522
6389,1025,522
6390,1033,523
6391,1038,523
6392,1043,522
6393,1048,522
6394,1052,523
6395,1057,523
6396,1061,523
6397,1064,522
6398,1066,521
6399,1068,520
6400,1069,518
6401,1072,518
6402,1073,516
6403,1074,515
6404,1077,515
6405,1077,514
6406,1079,514
6407,1080,514
6408,1081,514
6409,1082,514
6410,1085,514
6411,1085,512
6412,1086,514
6413,1086,515
6414,1087,516
6415,1087,515
6416,1087,514
6417,1085,513
6418,1085,513
6419,1084,512
6420,1082,511
6421,1080,511
6422,1079,511
6423,1077,512
6424,1077,512
6425,1075,512
6426,1072,512
6427,1069,511
6428,1068,511
6429,1066,511
6430,1064,511
6431,1062,511
6432,1050,514
6433,1037,518
6434,1022,522
6435,1009,525
6436,996,528
6437,985,531
6438,975,535
6439,965,538
6440,955,539
6441,947,542
6442,940,544
6443,933,546
6444,925,547
6445,919,549
6446,913,551
6447,908,552
6448,902,553
6449,898,554
6450,893,555
6451,890,556
6452,885,556
6453,881,556
6454,885,559
6455,883,560
6456,882,561
6457,881,562
6458,881,563
6459,880,564
6460,879,564
6461,878,564
6462,877,565
6463,876,565
6464,876,567
6465,875,568
6466,873,567
6467,873,568
6468,872,569
6469,872,569
6470,871,569
6471,869,569
6472,869,570
6473,868,569
6474,867,569
6475,865,568
6476,865,569
6477,863,569
6478,863,569
6479,862,569
6480,862,570
6481,861,570
6482,859,569
6483,859,569
6484,858,569
6485,858,570
6486,857,570
6487,858,571
6488,861,571
6489,864,571
6490,866,572
6491,867,572
6492,870,573
6493,871,573
6494,871,573
6495,873,574
6496,873,574
6497,875,575
6498,875,575
6499,874,575
6500,875,576
6501,875,576
6502,874,576
6503,873,576
6504,874,577
6505,876,575
6506,878,573
6507,879,570
6508,882,569
6509,883,568
6510,883,566
6511,883,565
6512,885,564
6513,885,563
6514,886,562
6515,886,561
6516,885,560
6517,886,559
6518,885,558
6519,884,558
6520,885,557
6521,883,556
6522,883,556
6523,882,555
6524,882,555
6525,881,554
6526,883,556
6527,892,559
6528,901,562
6529,910,565
6530,917,567
6531,923,570
6532,929,572
6533,934,575
6534,938,577
6535,944,581
6536,948,583
6537,951,586
6538,953,588
6539,957,592
6540,959,594
6541,960,598
6542,961,599
6543,962,600
6544,962,602
6545,963,603
6546,963,604
6547,962,606
6548,961,607
6549,962,609
6550,961,610
6551,961,611
6552,959,612
6553,959,614
6554,957,614
6555,956,616
6556,954,616
6557,951,616
6558,950,617
6559,948,618
6560,947,619
6561,945,619
6562,942,621
6563,941,622
6564,939,622
6565,936,623
6566,934,623
6567,932,624
6568,930,625
6569,928,625
6570,925,626
6571,924,626
6572,921,626
6573,918,627
6574,915,627
6575,914,628
6576,903,626
6577,887,621
6578,870,616
6579,856,612
6580,843,607
6581,832,604
6582,821,600
6583,812,597
6584,803,595
6585,795,592
6586,788,590
6587,781,588
6588,774,587
6589,769,586
6590,764,584
6591,760,583
6592,755,583
6593,752,582
6594,747,581
6595,745,581
6596,743,582
6597,740,582
6598,738,583
6599,737,584
6600,734,583
6601,731,582
6602,727,580
6603,725,579
6604,722,578
6605,720,577
6606,719,576
6607,717,576
6608,715,575
6609,713,574
6610,713,574
6611,712,575
6612,711,574
6613,711,575
6614,709,574
6615,709,576
6616,708,575
6617,706,573
6618,706,573
6619,705,572
6620,705,572
6621,703,571
6622,703,571
6623,704,572
6624,703,571
6625,703,572
6626,702,572
6627,703,572
6628,702,571
6629,703,571
6630,702,570
6631,703,571
6632,703,570
6633,704,570
6634,704,571
6635,706,571
6636,706,570
6637,706,570
6638,708,570
6639,708,569
6640,710,570
6641,711,569
6642,713,569
6643,714,569
6644,716,569
6645,718,569
6646,720,570
6647,721,570
6648,723,570
6649,725,570
6650,727,570
6651,749,574
6652,757,576
6653,762,577
6654,766,578
6655,770,579
6656,776,581
6657,778,582
6658,784,585
6659,787,587
6660,792,586
6661,798,584
6662,803,584
6663,806,584
6664,811,584
6665,814,584
6666,817,583
6667,819,583
6668,821,581
6669,822,582
6670,826,581
6671,829,580
6672,830,582
6673,832,582
6674,832,582
6675,833,582
6676,833,580
6677,834,579
6678,834,577
6679,835,576
6680,835,576
6681,836,575
6682,836,574
6683,835,573
6684,836,573
6685,836,573
6686,835,573
6687,837,572
6688,836,570
6689,835,570
6690,832,568
6691,829,568
6692,827,568
6693,825,568
6694,823,568
6695,821,567
6696,819,567
6697,817,567
6698,815,567
6699,812,567
6700,810,567
6705,810,559
6706,809,557
6707,810,558
6708,809,560
6709,809,559
6710,809,559
6711,807,557
6712,808,558
6713,806,558
6714,808,559
6715,808,559
6716,809,560
6717,809,560
6718,809,560
6719,814,555
6720,816,555
6721,817,554
6722,819,553
6723,824,552
6724,828,551
6725,829,548
6726,830,548
6727,833,548
6728,835,548
6729,835,547
6730,836,547
6731,839,547
6732,842,547
6733,841,546
6734,842,545
6735,843,545
6736,844,544
6737,845,544
6738,846,543
6739,847,543
6740,865,545
6741,866,545
6742,869,545
6743,871,544
6744,874,545
6745,876,544
6746,879,544
6747,881,544
6748,882,544
6749,885,544
6750,887,544
6751,889,544
6752,890,544
6753,892,544
6754,893,544
6755,893,544
6756,895,544
6757,896,544
6758,897,544
6759,898,544
6760,899,544
6761,899,544
6762,900,544
6763,901,544
6764,899,542
6765,899,541
6766,898,540
6767,898,539
6768,878,526
6769,874,522
6770,871,519
6771,867,515
6772,863,513
6773,861,510
6774,858,508
6775,855,507
6776,853,505
6777,850,503
6778,849,501
6779,849,500
6780,847,498
6781,846,497
6782,844,495
6783,843,494
6784,842,493
6785,842,492
6786,841,491
6787,841,490
6788,840,490
6789,840,489
6790,841,489
6791,840,488
6792,841,488
6793,840,487
6794,841,487
6795,840,486
6796,841,486
6797,841,486
6798,840,485
6799,841,484
6800,841,484
6801,842,484
6802,842,484
6803,844,484
6804,843,483
6805,843,483
6806,845,485
6807,845,487
6808,848,488
6809,849,488
6810,852,489
6811,853,490
6812,856,491
6813,857,492
6814,858,492
6815,861,493
6816,864,494
6817,870,495
6818,877,496
6819,882,497
6820,887,498
6821,894,496
6822,898,498
6823,902,499
6824,907,500
6825,910,500
6826,913,501
6827,915,501
6828,919,501
6829,921,502
6830,924,502
6831,926,503
6832,929,503
6833,931,504
6834,931,502
6835,934,503
6836,937,504
6837,937,505
6838,938,506
6839,939,507
6840,940,508
6841,945,510
6842,946,512
6843,949,514
6844,950,515
6845,953,516
6846,954,518
6847,955,519
6848,957,520
6849,959,520
6850,959,521
6851,961,522
6852,962,522
6853,962,523
6854,963,524
6855,963,525
6856,965,526
6857,965,527
6858,966,528
6859,966,530
6860,968,530
6861,968,530
6862,969,531
6863,969,531
6864,971,531
6865,971,532
6866,972,532
6867,973,532
6868,975,533
6869,975,533
6870,977,533
6871,977,533
6872,979,533
6873,979,532
6874,978,535
6875,976,541
6876,973,546
6877,970,550
6878,967,554
6879,966,558
6880,963,562
6881,962,565
6882,959,569
6883,958,572
6884,956,575
6885,953,577
6886,953,579
6887,951,581
6888,950,584
6889,949,586
6890,947,589
6891,947,591
6892,946,592
6893,946,594
6894,944,596
6895,944,598
6896,943,600
6897,943,601
6898,942,603
6899,942,604
6900,941,605
6901,941,606
6902,940,606
6903,940,608
6904,939,608
6905,940,610
6906,940,612
6907,940,612
6908,940,614
6909,939,614
6910,939,615
6911,938,615
6912,937,616
6913,938,618
6914,940,619
6915,940,617
6916,944,616
6917,946,614
6918,950,612
6919,952,611
6920,957,610
6921,959,609
6922,963,609
6923,965,608
6924,969,607
6925,971,607
6926,973,605
6927,976,605
6928,978,604
6929,979,603
6930,982,603
6931,984,603
6932,987,603
6933,989,602
6934,990,601
6935,992,602
6936,993,601
6937,996,602
6938,998,601
6939,999,601
6940,1001,601
6941,1003,600
6942,1005,601
6943,1006,600
6944,1008,600
6945,1009,601
6946,1011,601
6947,1012,600
6948,1014,601
6949,1015,600
6950,1018,601
6951,1018,600
6952,1017,602
6953,1013,605
6954,1008,609
6955,1003,613
6956,998,616
6957,994,620
6958,989,623
6959,986,626
6960,981,629
6961,978,633
6962,974,635
6963,972,639
6964,969,643
6965,966,645
6966,965,647
6967,962,648
6968,960,650
6969,958,652
6970,958,653
6971,955,655
6972,954,658
6973,952,659
6974,952,661
6975,950,662
6976,950,664
6977,949,664
6978,949,666
6979,948,667
6980,948,668
6981,947,669
6982,947,671
6983,946,671
6984,947,672
6985,946,672
6986,947,674
6987,946,674
6988,946,675
6989,946,675
6990,946,677
6991,945,677
6992,946,678
6993,946,678
6994,947,679
6995,947,680
6996,948,680
6997,949,681
6998,948,681
6999,949,682
7000,948,682
7001,949,683
7002,949,683
7003,950,685
7004,950,687
7005,951,690
7006,951,694
7007,952,698
7008,952,701
7009,953,706
7010,953,710
7011,954,714
7012,954,717
7013,955,722
7014,955,725
7015,956,729
7016,956,732
7017,957,736
7018,957,739
7019,959,743
7020,958,746
7021,959,750
7022,959,754
7023,961,756
7024,961,760
7025,962,763
7026,962,766
7027,964,770
7028,964,772
7029,964,775
7030,963,775
7031,960,777
7032,958,778
7033,957,778
7034,957,778
7035,956,778
7036,956,779
7037,955,779
7038,956,779
7039,958,779
7040,957,779
7041,958,780
7042,958,780
7043,960,781
7044,961,781
7045,961,781
7046,964,782
7047,965,782
7048,968,784
7049,969,785
7050,971,785
7051,972,786
7052,975,786
7053,976,786
7054,979,787
7055,980,787
7056,984,787
7057,984,788
7058,987,788
7059,989,788
7060,992,789
7061,993,789
7062,996,790
7063,997,790
7064,998,790
7065,1001,790
7066,1003,791
7067,1004,791
7068,1004,791
7069,1003,791
7070,1004,793
7071,1003,794
7072,1005,795
7073,1004,795
7074,1005,795
7075,1005,795
7076,1006,796
7077,1006,796
7078,1009,797
7079,1009,797
7080,1011,797
7081,1012,798
7082,1014,798
7083,1015,798
7084,1017,798
7085,1018,798
7086,1021,798
7087,1021,798
7088,1022,798
7089,1025,801
7090,1029,799
7091,1034,797
7092,1039,796
7093,1041,795
7094,1046,795
7095,1049,793
7096,1053,792
7097,1057,788
7098,1060,787
7099,1061,786
7100,1064,786
7101,1065,785
7102,1066,783
7103,1069,782
7104,1071,781
7105,1072,780
7106,1074,779
7107,1077,778
7108,1077,777
7109,1078,776
7110,1079,775
7111,1083,774
7112,1085,773
7113,1088,771
7114,1090,770
7115,1093,769
7116,1095,768
7117,1098,767
7118,1100,766
7119,1128,765
7120,1134,764
7121,1136,763
7122,1141,762
7123,1143,759
7124,1145,760
7125,1149,759
7126,1151,757
7127,1154,756
7128,1155,755
7129,1156,753
7130,1159,752
7131,1159,751
7132,1160,751
7133,1163,749
7134,1163,748
7135,1163,747
7136,1165,746
7137,1165,745
7138,1166,745
7139,1166,743
7140,1165,743
7141,1166,742
7142,1166,741
7143,1164,740
7144,1165,740
7145,1164,738
7146,1164,738
7147,1165,737
7148,1166,735
7149,1170,727
7150,1175,720
7151,1181,711
7152,1185,703
7153,1188,697
7154,1193,690
7155,1198,684
7156,1199,677
7157,1201,669
7158,1204,664
7159,1206,657
7160,1207,652
7161,1209,646
7162,1210,640
7163,1210,634
7164,1210,628
7165,1212,622
7166,1212,616
7167,1213,611
7168,1212,605
7169,1213,600
7170,1213,594
7171,1212,590
7172,1212,585
7173,1211,579
7174,1210,574
7175,1211,569
7176,1210,565
7177,1210,560
7178,1209,557
7179,1209,556
7180,1208,555
7181,1208,555
7182,1209,554
7183,1208,553
7184,1206,553
7185,1207,552
7186,1206,551
7187,1206,551
7188,1205,550
7189,1205,550
7190,1204,549
7191,1204,549
7192,1203,548
7193,1203,548
7194,1202,548
7195,1202,548
7196,1201,547
7197,1201,547
7198,1200,547
7199,1200,546
7200,1199,546
7201,1199,546
7202,1198,546
7203,1196,545
7204,1196,545
7205,1195,545
7206,1195,545
7207,1194,544
7208,1193,544
7209,1191,544
7210,1186,545
7211,1179,546
7212,1172,547
7213,1168,548
7214,1161,548
7215,1158,549
7216,1154,551
7217,1149,551
7218,1146,552
7219,1144,553
7220,1140,553
7221,1138,554
7222,1136,555
7223,1133,554
7224,1132,555
7225,1130,556
7226,1130,556
7227,1128,556
7228,1127,557
7229,1126,557
7230,1124,557
7231,1124,557
7232,1123,558
7233,1123,558
7234,1122,558
7235,1122,558
7236,1121,558
7237,1121,558
7238,1120,558
7239,1120,559
7240,1119,558
7241,1119,559
7242,1118,559
7243,1119,559
7244,1118,559
7245,1118,560
7246,1117,559
7247,1118,560
7248,1117,559
7249,1113,558
7250,1102,551
7251,1089,544
7252,1077,538
7253,1068,533
7254,1060,528
7255,1052,523
7256,1045,519
7257,1039,515
7258,1033,512
7259,1028,508
7260,1023,505
7261,1019,502
7262,1014,499
7263,1010,496
7264,1007,494
7265,1005,492
7266,1001,490
7267,1000,487
7268,998,485
7269,995,484
7270,994,483
7271,992,481
7272,991,480
7273,989,478
7274,988,477
7275,988,476
7276,987,474
7277,986,473
7278,985,473
7279,985,472
7280,984,471
7281,984,470
7282,983,470
7283,983,469
7284,984,468
7285,983,467
7286,983,466
7287,982,466
7288,983,465
7289,982,465
7290,981,464
7291,982,463
7292,982,463
7293,983,463
7294,983,463
7295,982,462
7296,983,462
7297,982,461
7298,983,461
7299,983,461
7300,982,460
7301,983,460
7302,983,460
7303,984,460
7304,984,459
7305,985,458
7306,985,457
7307,986,457
7308,986,456
7309,985,455
7310,987,455
7311,986,455
7312,987,455
7313,987,455
7314,988,455
7315,988,455
7316,991,458
7317,997,465
7318,1002,473
7319,1006,480
7320,1010,486
7321,1014,492
7322,1018,498
7323,1021,503
7324,1025,509
7325,1027,513
7326,1029,516
7327,1032,520
7328,1034,523
7329,1037,526
7330,1038,530
7331,1039,532
7332,1041,535
7333,1041,536
7334,1042,538
7335,1044,540
7336,1044,542
7337,1044,543
7338,1046,545
7339,1046,548
7340,1048,550
7341,1048,551
7342,1048,552
7343,1050,554
7344,1050,554
7345,1051,556
7346,1051,557
7347,1050,558
7348,1051,559
7349,1053,560
7350,1052,561
7351,1054,562
7352,1055,563
7353,1056,564
7354,1057,565
7355,1057,566
7356,1058,567
7357,1059,568
7358,1060,569
7359,1061,570
7364,1053,568
7365,1055,569
7366,1054,568
7367,1055,569
7368,1054,568
7369,1054,570
7370,1054,570
7371,1055,570
7372,1054,569
7373,1057,570
7374,1060,570
7375,1060,568
7376,1062,569
7377,1062,570
7378,1064,570
7379,1065,569
7380,1067,569
7381,1067,569
7382,1069,569
7383,1068,569
7384,1069,570
7385,1068,570
7386,1067,569
7387,1068,569
7388,1069,570
7389,1069,569
7390,1070,569
7391,1070,569
7392,1069,569
7393,1070,569
7394,1070,569
7395,1071,569
7396,1071,569
7397,1072,569
7398,1072,569
7399,1071,569
7400,1072,569
7401,1071,569
7402,1072,569
7403,1072,569
7404,1073,569
7405,1072,569
7406,1073,569
7407,1072,569
7408,1071,569
7409,1072,569
7410,1069,569
7411,1065,569
7412,1061,568
7413,1056,567
7414,1053,567
7415,1051,568
7416,1047,567
7417,1045,567
7418,1042,566
7419,1041,566
7420,1040,567
7421,1038,566
7422,1037,567
7423,1035,566
7424,1035,566
7425,1033,566
7426,1033,566
7427,1032,566
7428,1032,567
7429,1031,566
7430,1032,566
7431,1031,566
7432,1029,565
7433,1021,564
7434,1010,563
7435,999,561
7436,988,559
7437,980,558
7438,972,557
7439,964,555
7440,956,554
7441,950,552
7442,943,551
7443,937,549
7444,933,549
7445,926,547
7446,922,546
7447,918,546
7448,913,545
7449,910,544
7450,905,542
7451,902,542
7452,898,542
7453,897,541
7454,897,540
7455,895,540
7456,895,540
7457,894,538
7458,895,538
7459,894,538
7460,895,538
7461,894,538
7462,895,539
7463,895,538
7464,896,539
7465,896,538
7466,897,539
7467,897,540
7468,899,540
7469,899,540
7470,900,541
7471,901,542
7472,902,543
7473,903,544
7474,902,544
7475,904,546
7476,905,547
7477,906,549
7478,908,550
7479,909,551
7480,909,553
7481,911,554
7482,912,555
7483,914,557
7484,915,559
7485,916,561
7486,918,564
7487,919,565
7488,919,567
7489,922,570
7490,922,571
7491,924,574
7492,925,576
7493,928,579
7494,940,580
7495,953,583
7496,966,585
7497,977,588
7498,987,590
7499,997,593
7500,1008,597
7501,1016,600
7502,1023,602
7503,1029,602
7504,1035,600
7505,1041,598
7506,1046,598
7507,1051,596
7508,1055,596
7509,1061,596
7510,1065,595
7511,1068,595
7512,1071,596
7513,1076,596
7514,1078,596
7515,1080,595
7516,1082,595
7517,1086,597
7518,1088,597
7519,1089,598
7520,1090,599
7521,1093,600
7522,1095,602
7523,1096,604
7524,1098,606
7525,1099,606
7526,1099,606
7527,1101,605
7528,1101,604
7529,1098,602
7530,1094,600
7531,1089,598
7532,1086,597
7533,1084,597
7534,1080,595
7535,1079,593
7536,1078,592
7537,1076,591
7538,1076,589
7539,1074,588
7540,1074,588
7541,1073,588
7542,1073,587
7543,1072,586
7544,1073,585
7545,1073,585
7546,1074,584
7547,1074,584
7548,1073,583
7549,1074,583
7550,1074,584
7551,1076,583
7552,1076,583
7553,1077,582
7554,1078,581
7555,1078,581
7556,1080,582
7557,1080,581
7558,1082,581
7559,1082,580
7560,1082,581
7561,1084,581
7562,1084,579
7563,1087,580
7564,1091,580
7565,1096,580
7566,1099,579
7567,1102,579
7568,1107,579
7569,1109,579
7570,1111,579
7571,1114,579
7572,1116,579
7573,1117,578
7574,1120,578
7575,1121,579
7576,1123,579
7577,1125,579
7578,1127,579
7579,1129,579
7580,1131,579
7581,1132,580
7582,1134,580
7583,1136,580
7587,1125,591
7588,1151,572
7589,1151,573
7590,1150,571
7591,1149,571
7592,1148,570
7593,1151,570
7594,1150,570
7595,1152,570
7596,1152,568
7597,1154,569
7598,1155,569
7599,1153,570
7600,1153,570
7601,1153,570
7602,1153,571
7603,1152,571
7604,1152,572
7605,1134,546
7606,1127,538
7607,1121,531
7608,1118,525
7609,1113,518
7610,1109,511
7611,1106,508
7612,1103,504
7613,1100,499
7614,1096,496
7615,1094,493
7616,1092,489
7617,1090,487
7618,1087,485
7619,1086,482
7620,1083,480
7621,1082,478
7622,1080,476
7623,1080,475
7624,1078,474
7625,1077,473
7626,1075,472
7627,1075,471
7628,1073,470
7629,1073,470
7630,1072,468
7631,1072,467
7632,1071,465
7633,1071,464
7634,1070,463
7635,1070,462
7636,1069,461
7637,1069,461
7638,1068,459
7639,1069,459
7640,1068,459
7641,1068,459
7642,1068,458
7643,1069,457
7644,1068,456
7645,1069,455
7646,1068,455
7647,1069,455
7648,1068,454
7649,1069,454
7650,1069,455
7651,1068,454
7652,1069,453
7653,1071,453
7654,1072,453
7655,1070,452
7656,1071,452
7657,1071,452
7658,1072,452
7659,1072,452
7660,1071,451
7661,1073,451
7662,1074,451
7663,1074,451
7664,1073,451
7665,1074,451
7666,1074,451
7667,1075,451
7668,1075,450
7669,1076,450
7670,1076,450
7671,1077,450
7672,1077,450
7673,1078,450
7674,1078,450
7675,1077,449
7676,1078,448
7677,1078,447
7678,1079,445
7679,1079,443
7680,1080,441
7681,1080,440
7682,1081,438
7683,1081,437
7684,1082,435
7685,1081,434
7686,1080,432
7687,1081,432
7688,1081,433
7689,1082,433
7690,1082,433
7691,1080,433
7692,1080,433
7693,1081,433
7694,1081,433
7695,1082,433
7696,1082,433
7697,1083,433
7698,1083,434
7699,1083,434
7700,1084,434
7701,1084,433
7702,1085,433
7703,1085,433
7704,1086,433
7705,1086,433
7706,1087,433
7707,1087,432
7708,1088,432
7709,1088,432
7710,1087,431
7711,1085,430
7712,1076,426
7713,1066,423
7714,1056,419
7715,1048,416
7716,1041,413
7717,1035,410
7718,1030,408
7719,1023,405
7720,1019,403
7721,1014,401
7722,1011,399
7723,1006,395
7724,1004,393
7725,1002,391
7726,999,389
7727,998,387
7728,995,384
7729,993,381
7730,990,378
7731,991,378
7732,992,376
7733,990,374
7734,990,373
7735,989,370
7736,990,368
7737,989,367
7738,990,365
7739,990,363
7740,991,361
7741,991,360
7742,992,358
7743,992,356
7744,992,354
7745,994,352
7746,995,351
7747,995,350
7748,997,349
7749,997,347
7750,999,345
7751,999,344
7752,999,342
7753,1001,341
7754,1003,340
7755,1004,339
7756,1004,336
7757,1006,335
7758,1009,334
7759,1009,333
7760,1009,331
7761,1011,330
7762,1014,328
7763,1015,327
7764,1017,326
7765,1018,324
7766,1018,323
7767,1020,322
7768,1022,321
7769,1023,320
7770,1023,319
7771,1025,318
7772,1029,319
7773,1033,321
7774,1036,323
7775,1040,325
7776,1042,327
7777,1044,329
7778,1049,331
7779,1050,333
7780,1052,335
7781,1053,335
7782,1056,337
7783,1058,339
7784,1060,340
7785,1062,341
7786,1063,342
7787,1065,344
7788,1067,345
7789,1067,346
7790,1069,347
7791,1070,348
7792,1072,349
7793,1073,350
7794,1075,351
7795,1076,352
7796,1076,352
7797,1078,353
7798,1080,355
7799,1078,356
7800,1077,356
7801,1074,357
7802,1074,357
7803,1072,358
7804,1070,359
7805,1070,359
7806,1068,360
7807,1068,361
7808,1066,362
7809,1066,363
7810,1063,363
7811,1060,364
7812,1060,364
7813,1058,364
7814,1058,365
7815,1056,365
7816,1056,366
7817,1055,367
7818,1053,367
7819,1053,368
7820,1052,368
7821,1050,368
7822,1050,369
7823,1049,369
7824,1047,369
7825,1047,370
7826,1046,370
7827,1046,371
7828,1044,371
7829,1044,372
7830,1042,372
7831,1040,372
7832,1040,373
7833,1040,373
7834,1039,374
7835,1037,374
7836,1037,374
7837,1036,375
7838,1034,375
7839,1034,375
7840,1033,376
7841,1031,376
7842,1032,376
7843,1031,377
7844,1029,377
7845,1018,379
7846,1006,382
7847,992,384
7848,978,387
7849,966,390
7850,952,392
7851,938,394
7852,925,397
7853,913,400
7854,899,401
7855,885,402
7856,873,405
7857,862,407
7858,850,408
7859,839,410
7860,827,411
7861,818,412
7862,807,413
7863,796,413
7864,787,415
7865,778,416
7866,768,415
7867,758,415
7868,750,416
7869,741,416
7870,731,417
7871,721,417
7872,713,418
7873,704,418
7874,695,418
7875,684,418
7876,674,418
7877,666,419
7878,656,419
7879,646,419
7880,637,419
7881,628,419
7882,618,419
7883,609,419
7884,599,419
7885,590,419
7886,580,420
7887,573,421
7888,562,421
7889,553,421
7890,542,420
7891,531,419
7892,521,418
7893,515,421
7894,507,421
7895,498,422
7896,489,422
7897,481,423
7898,453,426
7899,437,429
7900,420,432
7901,404,434
7902,386,437
7903,369,440
7904,352,443
7905,335,446
7906,318,448
7907,298,449
7908,280,452
7909,263,454
7910,243,458
7911,224,462
7912,206,465
7913,187,468
7914,169,471
7915,151,475
7916,132,478
7917,114,481
7918,95,484
7919,71,487
7920,52,491
7921,33,495
7922,14,499
7923,-5,503
7924,-24,507
7925,-43,511
7926,-62,515
7927,-81,519
7928,-100,523
7972,411,120
7973,411,120
7974,411,120
7975,411,120
7976,411,120
7977,411,120
7978,411,120
7979,411,120
7980,411,120
7982,411,120
7983,411,120
7984,411,120
7985,411,120
7986,411,120
7987,411,120
7988,411,120
7989,411,120
7990,411,120
8032,983,753
8033,985,754
8034,983,754
8035,984,754
8036,983,753
8037,984,754
8038,983,753
8039,984,754
8040,983,753
8041,983,754
8042,982,753
8043,983,754
8044,982,754
8045,983,754
8046,982,754
8047,983,754
8048,982,753
8049,982,753
8050,983,754
8051,982,753
8052,983,754
8053,982,753
8054,982,753
8055,982,753
8056,984,754
8057,984,755
8058,984,755
8059,985,755
8060,983,753
8061,982,752
8062,982,752
8063,982,751
8064,982,751
8065,983,754
8066,983,754
8067,983,755
8068,984,755
8069,984,755
8070,982,753
8071,982,753
8072,982,753
8073,982,753
8074,982,753
8075,983,755
8076,983,755
8077,982,753
8078,982,753
8079,983,754
8080,982,753
8081,983,755
8082,982,754
8083,981,753
8084,981,753
8085,980,752
8086,980,752
8087,979,751
8088,979,751
8089,978,750
8090,978,750
8092,717,528
8093,716,527
8094,717,528
8095,717,528
8096,716,527
8097,716,527
8098,717,528
8099,717,528
8100,716,527
8101,717,528
8102,717,528
8103,716,527
8104,716,527
8105,717,528
8106,717,528
8107,716,527
8108,716,527
8109,717,528
8110,716,527
8111,716,527
8112,717,528
8113,717,528
8114,716,527
8115,716,527
8116,717,528
8117,717,528
8118,716,528
8119,716,527
8120,717,528
8121,717,529
8122,716,528
8123,716,527
8124,716,527
8125,717,528
8126,717,527
8127,716,528
8128,718,529
8129,730,527
8130,744,528
8131,759,528
8132,771,529
8133,783,528
8134,793,528
8135,803,528
8136,812,528
8137,821,528
8138,828,529
8139,835,528
8140,841,528
8141,847,527
8142,852,527
8143,858,527
8144,862,527
8145,866,526
8146,871,527
8147,875,527
8148,878,527
8149,881,527
8150,885,528
8151,888,529
8152,890,529
8153,892,529
8154,894,529
8155,897,529
8156,898,528
8157,899,529
8158,902,529
8159,904,529
8160,905,530
8161,905,530
8162,906,530
8163,907,530
8164,908,530
8165,908,530
8166,910,531
8167,910,530
8168,910,531
8169,911,531
8170,911,530
8171,913,531
8172,913,531
8173,912,531
8174,913,531
8175,913,531
8176,912,531
8177,913,531
8178,913,531
8179,914,531
8180,913,531
8181,914,531
8182,913,531
8183,913,531
8184,912,531
8185,913,532
8186,912,531
8187,911,531
8188,912,532
8189,911,531
8190,906,532
8191,899,534
8192,890,536
8193,882,538
8194,876,539
8195,869,540
8196,864,542
8197,860,543
8198,854,543
8199,850,545
8200,847,546
8201,843,547
8202,838,548
8203,836,549
8204,832,549
8205,830,549
8206,827,550
8207,825,551
8208,822,550
8209,821,551
8210,821,551
8211,819,552
8212,816,551
8213,815,552
8214,813,552
8215,811,552
8216,811,552
8217,809,552
8218,808,553
8219,806,552
8220,806,553
8221,804,553
8222,803,554
8223,803,554
8224,801,553
8225,801,553
8226,803,555
8227,813,560
8228,824,566
8229,835,572
8230,844,577
8231,853,583
8232,862,587
8233,869,592
8234,877,596
8235,885,601
8236,891,605
8237,896,608
8238,901,612
8239,907,616
8240,912,619
8241,916,623
8242,919,626
8243,924,630
8244,928,633
8245,931,636
8246,934,639
8247,938,642
8248,940,644
8249,942,646
8250,945,648
8251,947,650
8252,948,653
8253,950,655
8254,952,656
8255,953,658
8256,955,660
8257,956,661
8258,956,663
8259,958,664
8260,958,666
8261,959,667
8262,959,668
8263,958,668
8264,960,670
8265,961,672
8266,961,672
8267,960,674
8268,961,676
8269,960,676
8270,961,677
8271,960,678
8272,960,679
8273,959,679
8274,957,679
8275,957,681
8276,956,681
8277,956,683
8278,955,684
8279,955,685
8280,954,685
8281,954,687
8282,952,687
8283,952,689
8284,951,689
8285,949,689
8286,949,691
8287,947,691
8288,947,692
8289,946,693
8290,945,694
8291,943,694
8292,944,695
8293,944,696
8294,943,696
8295,944,697
8296,943,697
8297,943,699
8298,942,704
8299,943,709
8300,941,713
8301,941,716
8302,940,722
8303,940,727
8304,939,731
8305,940,736
8306,939,741
8307,937,747
8308,936,753
8309,939,761
8310,937,765
8311,932,765
8312,926,765
8313,922,768
8314,917,771
8315,913,773
8316,907,774
8317,904,777
8318,901,780
8319,897,781
8320,892,782
8321,890,785
8322,886,787
8323,884,788
8324,881,789
8325,880,792
8326,877,794
8327,875,796
8328,872,798
8329,871,800
8330,869,802
8331,868,804
8332,865,805
8333,865,805
8334,864,805
8335,863,806
8336,861,810
8337,858,813
8338,858,814
8339,857,816
8340,856,818
8341,874,804
8342,884,797
8343,894,790
8344,902,782
8345,910,774
8346,917,769
8347,924,762
8348,930,755
8349,935,749
8350,940,742
8351,946,737
8352,950,731
8353,953,724
8354,956,718
8355,960,713
8356,962,707
8357,964,702
8358,967,697
8359,969,690
8360,970,685
8361,973,681
8362,974,675
8363,975,670
8364,977,665
8365,978,660
8366,979,656
8367,979,651
8368,980,647
8369,980,642
8370,981,637
8371,981,633
8372,982,629
8373,982,625
8374,983,621
8375,983,616
8376,982,612
8377,982,609
8378,982,604
8379,983,601
8380,983,597
8381,982,594
8382,982,590
8383,981,586
8384,982,583
8385,981,579
8386,981,576
8387,980,573
8388,980,572
8389,979,572
8390,980,572
8391,978,572
8392,978,572
8393,972,569
8394,967,564
8395,962,560
8396,958,555
8397,954,551
8398,949,547
8399,945,543
8400,941,538
8401,950,543
8402,949,541
8403,947,539
8404,946,538
8405,944,535
8406,941,534
8407,940,532
8408,938,531
8409,937,530
8410,935,528
8411,933,527
8412,933,526
8413,931,525
8414,931,525
8415,930,523
8416,928,522
8417,928,522
8418,927,521
8419,925,520
8420,925,520
8421,924,519
8422,923,518
8423,923,518
8424,921,517
8425,921,517
8426,920,516
8427,920,516
8428,918,515
8429,918,515
8430,917,515
8431,917,515
8432,916,515
8433,914,514
8434,914,514
8435,913,514
8436,913,514
8437,912,514
8438,912,514
8439,911,513
8440,911,513
8441,909,513
8442,909,513
8443,908,513
8444,908,513
8445,907,512
8446,905,513
8447,905,513
8448,904,512
8449,905,512
8450,904,512
8451,903,513
8452,902,510
8453,900,511
8454,898,512
8455,896,514
8456,894,515
8457,892,517
8458,890,518
8459,894,517
8460,894,517
8461,894,518
8462,890,521
8463,889,523
8464,889,521
8465,886,522
8466,885,523
8467,885,524
8468,883,523
8469,885,521
8470,889,519
8471,894,516
8472,897,514
8473,900,512
8474,904,510
8475,907,508
8476,908,506
8477,910,505
8478,911,504
8479,914,502
8480,915,501
8481,917,500
8482,916,499
8483,916,498
8484,917,497
8485,917,496
8486,918,496
8487,918,495
8488,917,494
8489,918,493
8490,917,493
8491,916,492
8492,916,492
8493,915,492
8494,915,491
8495,914,490
8496,914,490
8497,913,490
8498,911,489
8499,911,489
8500,910,489
8501,910,489
8502,909,489
8503,907,488
8504,907,488
8505,905,488
8506,905,489
8507,903,489
8508,898,490
8509,894,489
8510,891,489
8511,887,490
8512,884,490
8513,880,490
8514,877,490
8515,875,491
8516,874,491
8517,870,492
8518,869,492
8519,866,491
8520,864,492
8521,863,492
8522,861,492
8523,860,493
8524,858,493
8525,857,494
8526,855,493
8527,855,494
8528,855,494
8529,853,495
8530,853,495
8531,852,493
8532,851,494
8533,851,494
8534,850,494
8535,849,494
8536,849,494
8537,850,495
8538,848,495
8539,848,495
8540,849,495
8541,852,495
8542,853,494
8543,856,495
8544,859,495
8545,860,495
8546,861,495
8547,863,496
8548,864,496
8549,866,497
8550,867,498
8551,867,498
8552,869,499
8553,869,500
8554,868,499
8555,869,499
8556,868,499
8557,867,498
8558,868,499
8559,869,500
8560,869,503
8561,870,505
8562,870,506
8563,871,508
8564,871,508
8565,870,510
8566,868,510
8567,869,511
8568,869,513
8569,870,514
8570,869,515
8571,868,515
8572,869,516
8573,867,516
8574,866,517
8575,867,517
8576,865,517
8577,865,518
8578,864,518
8579,864,519
8580,863,519
8581,863,519
8582,862,519
8583,860,519
8584,860,519
8585,859,520
8586,860,521
8587,861,523
8588,861,525
8589,863,527
8590,864,529
8591,864,530
8592,864,532
8593,866,534
8594,866,535
8595,866,536
8596,867,537
8597,868,539
8598,866,540
8599,865,540
8600,866,541
8601,865,542
8602,865,543
8603,864,543
8604,864,543
8605,863,544
8606,863,545
8607,862,545
8608,862,546
8609,861,547
8610,859,547
8611,859,547
8612,858,547
8613,856,547
8614,856,548
8615,855,549
8616,855,549
8617,854,549
8618,854,549
8619,853,549
8620,851,550
8621,851,550
8622,850,550
8623,848,550
8624,848,551
8625,847,550
8626,845,551
8627,845,551
8628,844,551
8629,842,550
8630,842,550
8631,841,551
8632,841,551
8633,840,551
8634,838,550
8635,838,551
8636,836,550
8637,836,551
8638,835,550
8639,833,551
8640,833,551
8641,832,550
8642,830,550
8643,830,550
8644,829,550
8645,829,550
8646,828,550
8647,826,550
8648,826,550
8649,825,550
8650,825,550
8651,824,550
8652,827,548
8653,837,545
8654,846,542
8655,856,539
8656,864,536
8657,871,534
8658,877,532
8659,883,531
8660,888,529
8661,892,527
8662,898,526
8663,901,526
8664,904,525
8665,907,524
8666,909,524
8667,913,524
8668,915,524
8669,918,525
8670,920,524
8671,920,523
8672,920,521
8673,921,520
8674,921,519
8675,920,518
8676,921,518
8677,921,518
8678,922,518
8679,922,517
8680,921,517
8681,922,517
8682,922,517
8683,921,518
8684,922,518
8685,921,518
8686,920,518
8687,918,517
8688,918,517
8689,916,517
8690,916,517
8691,915,517
8692,913,516
8693,913,517
8694,911,517
8695,910,516
8696,909,516
8697,907,516
8698,907,516
8699,905,517
8700,905,517
8701,903,516
8702,902,517
8703,900,516
8704,899,516
8705,897,517
8706,897,517
8707,895,517
8708,893,516
8709,893,516
8710,892,517
8711,890,517
8712,888,516
8713,888,517
8714,886,517
8715,886,517
8716,884,517
8717,882,517
8718,882,517
8719,880,517
8720,879,517
8721,877,517
8722,877,517
8723,875,517
8724,875,517
8725,873,517
8726,871,517
8727,869,517
8728,867,516
8729,868,516
8730,868,515
8731,868,515
8732,868,514
8733,868,514
8734,849,511
8735,843,510
8736,839,510
8737,834,509
8738,831,509
8739,830,509
8740,826,509
8741,823,508
8742,822,507
8743,819,507
8744,818,506
8745,816,506
8746,816,506
8747,814,505
8748,815,504
8749,816,502
8750,817,501
8751,818,499
8752,819,497
8753,820,496
8754,819,493
8755,818,492
8756,821,491
8757,822,491
8758,824,490
8759,825,489
8760,822,491
8761,822,490
8762,823,490
8763,819,487
8764,820,487
8765,820,487
8766,820,487
8767,821,487
8768,821,486
8769,821,486
8770,822,482
8771,821,482
8772,822,483
8773,821,481
8774,821,481
8775,822,481
8776,822,481
8777,823,481
8778,823,481
8779,824,481
8780,824,481
8781,825,481
8782,825,481
8783,826,481
8789,818,479
8790,816,480
8791,812,482
8792,813,482
8793,814,482
8794,814,480
8795,813,479
8796,814,479
8797,814,478
8798,813,477
8799,815,478
8800,816,478
8801,817,478
8802,827,480
8803,830,481
8804,832,481
8805,835,481
8806,836,482
8807,838,482
8808,840,482
8809,841,483
8810,841,483
8811,843,484
8812,844,484
8813,845,485
8814,846,485
8815,845,485
8816,846,485
8817,846,485
8818,847,485
8819,847,485
8820,847,486
8821,845,487
8822,842,489
8823,842,491
8824,839,492
8825,838,493
8826,835,495
8827,834,497
8828,832,498
8829,832,499
8830,830,500
8831,830,501
8832,828,501
8833,826,502
8834,826,503
8835,825,503
8836,827,503
8837,828,503
8838,828,503
8839,827,503
8840,829,504
8841,828,504
8842,829,504
8843,829,505
8844,830,506
8845,829,507
8846,829,507
8847,828,507
8848,828,508
8849,829,508
8850,828,508
8851,829,509
8852,830,510
8853,831,510
8854,834,510
8855,834,510
8856,836,511
8857,839,511
8858,841,512
8859,841,511
8860,844,511
8861,847,512
8862,849,513
8863,850,512
8864,853,513
8865,854,513
8866,856,514
8867,860,514
8868,864,515
8869,866,515
8870,870,517
8871,873,518
8872,877,519
8873,880,520
8874,882,520
8875,886,521
8876,888,521
8877,892,522
8878,894,522
8879,897,523
8880,899,523
8881,901,523
8882,904,523
8883,906,523
8884,909,523
8885,911,523
8886,914,524
8887,916,524
8888,919,525
8889,921,525
8890,922,524
8891,925,524
8892,926,525
8893,929,525
8894,931,524
8895,932,524
8896,935,525
8897,936,524
8898,939,524
8899,940,524
8900,941,524
8901,941,525
8902,939,528
8903,935,532
8904,931,536
8905,926,539
8906,923,543
8907,919,545
8908,916,548
8909,912,551
8910,909,554
8911,905,557
8912,902,560
8913,898,562
8914,895,565
8915,891,567
8916,888,571
8917,884,573
8918,882,576
8919,878,578
8920,874,581
8921,872,584
8922,868,587
8923,866,590
8924,862,594
8925,860,597
8926,856,599
8927,853,603
8928,849,605
8929,847,609
8930,843,612
8931,839,612
8932,838,612
8933,835,613
8934,833,614
8935,830,614
8936,828,615
8937,825,617
8938,823,618
8939,820,619
8940,818,622
8941,814,623
8942,812,626
8943,809,627
8944,807,627
8945,805,626
8946,804,627
8947,805,627
8948,806,628
8949,805,628
8950,806,629
8951,805,630
8952,806,632
8953,805,632
8954,806,634
8955,805,636
8956,806,636
8957,806,636
8958,807,636
8959,807,636
8960,808,637
8961,807,636
8962,808,637
8963,806,639
8964,808,639
8965,809,639
8966,810,640
8967,811,640
8968,811,641
8969,810,639
8970,812,641
8971,809,637
8972,808,634
8973,807,632
8974,795,604
8975,789,594
8976,786,586
8977,782,579
8978,778,572
8979,776,566
8980,772,560
8981,771,555
8982,768,549
8983,765,545
8984,764,541
8985,762,538
8986,761,534
8987,759,531
8988,758,529
8989,757,526
8990,756,524
8991,754,522
8992,754,521
8993,752,519
8994,752,519
8995,751,518
8996,751,517
8997,750,516
8998,750,516
8999,749,516
9000,749,515
9001,748,513
9002,750,511
9003,751,510
9004,751,508
9005,752,507
9006,752,505
9007,753,504
9008,753,503
9009,752,503
9010,753,502
9011,753,502
9012,754,502
9013,754,501
9014,755,502
9015,755,501
9016,754,502
9017,755,502
9018,755,503
9019,756,503
9020,756,502
9021,758,502
9022,758,500
9023,760,500
9024,760,500
9025,762,499
9026,762,499
9027,764,499
9028,764,499
9029,765,499
9030,765,500
9031,765,499
9032,767,500
9033,767,501
9034,769,500
9035,769,500
9036,771,499
9037,772,499
9038,774,499
9039,774,499
9040,776,499
9041,776,499
9042,776,500
9043,778,500
9044,778,501
9045,779,501
9046,782,499
9047,783,499
9048,784,498
9049,786,498
9050,787,498
9051,793,500
9052,800,503
9053,807,505
9054,815,508
9055,821,510
9056,827,513
9057,834,515
9058,839,517
9059,844,519
9060,850,521
9061,855,524
9062,859,526
9063,862,528
9064,867,530
9065,871,532
9066,874,535
9067,877,536
9068,881,539
9069,884,540
9070,886,540
9071,888,540
9072,890,540
9073,894,540
9074,895,540
9075,898,541
9076,900,541
9077,901,541
9078,904,542
9079,905,543
9080,908,545
9081,909,545
9082,911,546
9083,912,545
9084,913,544
9085,915,544
9086,916,545
9087,918,545
9088,919,545
9089,921,546
9090,922,546
9091,923,547
9092,926,546
9093,926,546
9094,928,546
9095,928,548
9096,927,553
9097,925,558
9098,922,562
9099,919,566
9100,919,570
9101,916,573
9102,915,577
9103,913,581
9104,912,584
9105,910,587
9106,909,590
9107,907,592
9108,907,595
9109,906,596
9110,906,597
9111,904,598
9112,904,600
9113,902,601
9114,902,603
9115,900,605
9116,900,607
9117,901,610
9118,899,612
9119,899,615
9120,898,616
9121,898,617
9122,897,617
9123,898,618
9124,897,618
9125,897,620
9126,896,621
9127,896,623
9128,895,625
9129,896,625
9130,895,626
9131,896,626
9132,895,627
9133,896,628
9134,896,628
9135,895,629
9136,894,630
9137,896,630
9138,895,630
9139,896,631
9140,895,631
9141,896,632
9142,896,632
9143,895,633
9144,896,633
9145,896,634
9146,897,634
9147,897,634
9148,896,635
9149,897,635
9150,897,635
9151,898,636
9152,898,636
9153,897,637
9154,898,637
9155,898,637
9156,899,638
9157,899,638
9158,898,638
9159,899,638
9160,899,638
9161,900,639
9162,900,639
9163,899,639
9164,900,640
9165,900,639
9166,901,640
9167,900,639
9168,904,636
9169,914,631
9170,926,624
9171,938,618
9172,947,611
9173,956,606
9174,964,601
9175,971,596
9176,977,592
9177,983,588
9178,988,584
9179,993,580
9180,997,577
9181,1001,575
9182,1006,572
9183,1009,570
9184,1011,568
9185,1013,565
9186,1016,563
9187,1017,561
9188,1018,559
9189,1020,557
9190,1021,556
9191,1023,555
9192,1023,554
9193,1023,552
9194,1023,551
9195,1025,550
9196,1024,550
9197,1025,549
9198,1025,548
9199,1024,547
9200,1024,547
9201,1025,546
9202,1024,545
9203,1024,545
9204,1023,544
9205,1023,544
9206,1022,543
9207,1020,542
9208,1020,542
9209,1019,542
9210,1019,542
9211,1018,541
9212,1016,540
9213,1012,542
9214,1005,545
9215,997,549
9216,992,552
9217,986,555
9218,982,558
9219,978,561
9220,974,563
9221,971,567
9222,967,570
9223,965,572
9224,964,575
9225,961,577
9226,960,580
9227,958,582
9228,958,585
9229,956,587
9230,956,587
9231,955,587
9232,956,587
9233,956,587
9234,957,588
9235,957,588
9236,958,589
9237,958,589
9238,959,591
9239,959,592
9240,961,593
9241,961,593
9242,961,595
9243,963,596
9244,964,597
9245,966,597
9246,967,596
9247,969,596
9248,970,595
9249,972,596
9250,973,596
9251,975,597
9252,976,597
9253,977,598
9254,980,598
9255,981,597
9256,983,598
9257,984,597
9258,986,597
9259,987,597
9260,990,599
9261,991,598
9262,981,600
9263,961,603
9264,944,606
9265,927,609
9266,912,613
9267,898,616
9268,884,620
9269,872,623
9270,860,626
9271,850,630
9272,840,632
9273,832,634
9274,825,635
9275,818,636
9276,812,638
9277,807,640
9278,801,641
9279,796,644
9280,793,644
9281,790,645
9282,786,645
9283,784,646
9284,783,647
9285,780,649
9286,778,650
9287,775,651
9288,775,650
9289,776,650
9290,776,648
9291,776,647
9292,776,646
9293,777,646
9294,776,646
9295,777,646
9296,777,646
9297,777,647
9298,777,647
9299,776,648
9300,777,649
9301,777,650
9302,776,652
9303,777,655
9304,777,656
9305,776,659
9306,777,661
9307,777,663
9308,779,662
9309,781,661
9310,784,661
9311,785,659
9312,788,659
9313,789,659
9314,790,658
9315,792,659
9316,792,659
9317,794,660
9318,794,662
9319,796,665
9320,796,668
9321,797,672
9322,797,676
9323,798,681
9324,798,684
9325,801,686
9326,801,688
9327,805,690
9328,806,691
9329,807,694
9330,810,697
9331,810,697
9332,810,699
9333,812,702
9334,813,705
9335,815,708
9336,815,710
9337,817,714
9338,817,718
9339,819,722
9340,819,724
9341,822,725
9342,823,728
9343,825,730
9344,826,732
9345,826,735
9346,831,735
9347,832,731
9348,834,729
9349,836,727
9350,840,711
9351,842,702
9352,846,697
9353,848,692
9354,849,686
9355,853,687
9356,857,689
9357,860,691
9358,864,693
9359,866,694
9360,868,695
9361,872,697
9362,874,697
9363,877,699
9364,878,700
9365,879,700
9366,882,702
9367,884,702
9368,885,703
9369,888,704
9370,889,704
9371,890,705
9372,893,705
9373,893,706
9374,894,705
9375,896,707
9376,897,707
9377,900,708
9378,900,710
9379,900,710
9380,903,711
9381,904,711
9382,904,712
9383,907,712
9384,907,713
9385,909,714
9386,910,714
9387,910,715
9388,912,715
9389,912,715
9390,914,716
9391,915,716
9392,917,717
9393,917,717
9394,919,718
9395,920,718
9396,920,719
9397,922,719
9398,922,719
9399,924,720
9400,924,720
9401,925,721
9402,927,720
9403,928,721
9404,928,722
9405,930,722
9406,931,722
9407,932,723
9408,932,722
9409,935,723
9410,936,723
9411,939,724
9412,941,724
9413,943,725
9414,944,725
9415,946,726
9416,947,725
9417,948,726
9418,951,727
9419,952,726
9420,955,727
9421,956,727
9422,959,728
9423,960,727
9424,961,728
9425,964,729
9426,965,729
9427,968,729
9428,969,729
9429,970,730
9430,973,729
9431,974,730
9432,975,730
9433,978,731
9434,979,731
9435,982,732
9436,983,731
9437,977,730
9438,970,730
9439,961,728
9440,952,726
9441,946,726
9442,941,726
9443,936,725
9444,930,724
9445,927,724
9446,924,724
9447,919,723
9448,917,723
9449,914,724
9450,914,724
9451,911,723
9452,911,724
9453,911,725
9454,909,725
9455,909,726
9456,908,726
9457,911,724
9458,914,724
9459,915,723
9460,918,722
9461,919,721
9462,920,721
9463,924,720
9464,925,720
9465,928,720
9466,929,720
9467,932,720
9468,934,721
9469,937,721
9470,938,721
9471,941,722
9472,943,721
9473,948,720
9474,950,719
9475,954,719
9476,956,719
9477,960,719
9478,963,718
9479,966,718
9480,968,717
9481,971,718
9482,973,717
9483,978,717
9484,980,716
9485,984,716
9486,987,715
9487,991,716
9488,993,716
9489,995,715
9490,999,716
9491,1001,715
9492,1005,715
9493,1008,714
9494,1010,714
9495,1014,714
9496,1016,714
9497,1020,714
9498,1022,713
9499,1024,714
9500,1028,714
9501,1030,712
9502,1034,713
9503,1036,712
9504,1040,713
9505,1042,712
9506,1045,712
9507,1047,712
9508,1050,712
9509,1052,711
9510,1055,712
9511,1057,711
9512,1058,711
9513,1061,711
9514,1063,710
9515,1066,711
9516,1068,710
9517,1069,709
9518,1072,710
9519,1073,709
9520,1076,710
9521,1078,709
9522,1080,710
9523,1081,709
9524,1083,709
9525,1084,708
9526,1087,709
9527,1087,708
9528,1090,709
9529,1090,709
9530,1093,708
9531,1094,707
9532,1098,708
9533,1103,708
9534,1105,709
9535,1109,708
9536,1111,708
9537,1113,709
9538,1117,707
9539,1116,709
9540,1117,709
9541,1117,710
9542,1118,710
9543,1119,711
9544,1114,702
9545,1113,701
9546,1114,700
9547,1113,698
9548,1113,698
9549,1112,696
9550,1113,696
9551,1112,694
9552,1113,694
9553,1112,693
9554,1113,693
9555,1114,693
9556,1114,693
9557,1125,690
9558,1129,689
9559,1133,688
9560,1137,687
9561,1141,685
9562,1145,684
9563,1149,683
9564,1153,682
9565,1157,681
9570,1148,684
9571,1152,684
9572,1153,683
9573,1155,682
9574,1157,682
9575,1158,682
9576,1161,681
9577,1162,680
9578,1162,680
9579,1164,681
9580,1165,680
9581,1165,681
9582,1167,681
9583,1167,680
9584,1168,680
9585,1168,679
9586,1169,679
9587,1168,679
9588,1169,679
9589,1169,679
9590,1168,678
9591,1169,678
9592,1169,677
9593,1168,678
9594,1169,678
9595,1169,677
9596,1168,677
9597,1169,677
9598,1168,676
9599,1168,677
9600,1167,676
9601,1165,675
9602,1165,676
9603,1164,676
9604,1162,675
9605,1162,676
9606,1161,675
9607,1160,675
9608,1158,674
9609,1157,674
9610,1156,675
9611,1155,675
9612,1157,662
9613,1159,653
9614,1161,645
9615,1162,637
9616,1164,630
9617,1165,623
9618,1167,616
9619,1167,609
9620,1167,602
9621,1168,596
9622,1168,590
9623,1167,583
9624,1168,577
9625,1167,570
9626,1167,564
9627,1166,558
9628,1166,555
9629,1164,553
9630,1165,551
9631,1163,550
9632,1164,549
9633,1163,546
9634,1161,545
9635,1161,543
9636,1160,542
9637,1160,541
9638,1159,540
9639,1159,539
9640,1157,538
9641,1155,536
9642,1155,536
9643,1155,535
9644,1155,535
9645,1152,533
9646,1152,533
9647,1150,533
9648,1150,532
9649,1148,531
9650,1148,531
9651,1146,531
9652,1146,530
9653,1145,529
9654,1143,529
9655,1143,529
9656,1142,528
9657,1140,527
9658,1140,527
9659,1140,527
9660,1139,527
9661,1137,527
9662,1136,527
9663,1135,526
9664,1135,526
9665,1134,526
9666,1132,525
9667,1132,526
9668,1131,525
9669,1131,525
9670,1129,525
9671,1129,525
9672,1128,525
9673,1128,529
9674,1132,537
9675,1137,547
9676,1142,557
9677,1146,565
9678,1149,573
9679,1152,580
9680,1157,587
9681,1160,594
9682,1162,599
9683,1166,606
9684,1168,611
9685,1170,616
9686,1173,621
9687,1175,626
9688,1176,630
9689,1179,635
9690,1180,638
9691,1181,641
9692,1183,645
9693,1184,648
9694,1186,652
9695,1186,655
9696,1186,657
9697,1188,660
9698,1188,662
9699,1190,665
9700,1190,667
9701,1191,670
9702,1191,672
9703,1190,674
9704,1191,676
9705,1191,677
9706,1190,680
9707,1191,682
9708,1191,682
9709,1190,684
9710,1191,686
9711,1190,687
9712,1189,689
9713,1189,690
9714,1188,691
9715,1189,693
9716,1187,693
9717,1187,692
9718,1185,693
9719,1185,693
9720,1184,693
9721,1182,694
9722,1183,696
9723,1181,696
9724,1181,698
9725,1180,700
9726,1178,701
9727,1179,704
9728,1178,709
9729,1178,714
9730,1177,718
9731,1177,724
9732,1176,728
9733,1176,735
9734,1175,741
9735,1175,747
9736,1174,752
9737,1174,759
9738,1173,764
9739,1173,770
9740,1172,775
9741,1170,780
9742,1170,786
9743,1169,790
9744,1168,796
9745,1168,802
9746,1167,806
9747,1166,811
9748,1166,817
9749,1165,821
9750,1163,827
9751,1164,832
9752,1162,837
9753,1162,842
9754,1160,846
9755,1157,847
9756,1152,844
9757,1147,843
9758,1139,836
9759,1132,833
9760,1126,829
9761,1120,825
9762,1114,822
9763,1107,818
9764,1112,819
9765,1108,816
9766,1104,813
9767,1098,811
9768,1096,808
9769,1095,804
9770,1093,801
9771,1091,797
9772,1089,794
9773,1088,790
9774,1086,787
9775,1084,783
9776,1082,780
9777,1080,776
9779,1138,730
9780,1142,723
9781,1145,714
9782,1147,707
9783,1150,699
9784,1152,692
9785,1155,684
9786,1157,676
9787,1159,674
9788,1161,667
9789,1161,662
9790,1161,657
9791,1163,652
9792,1163,646
9793,1162,641
9794,1164,637
9795,1164,631
9796,1166,627
9797,1167,623
9798,1167,618
9799,1167,612
9800,1168,607
9801,1168,600
9802,1167,595
9803,1167,591
9804,1167,585
9805,1166,581
9806,1166,576
9807,1167,572
9808,1166,568
9809,1166,564
9810,1166,561
9811,1165,559
9812,1165,558
9813,1164,558
9814,1164,557
9815,1163,556
9816,1164,556
9817,1162,554
9818,1163,554
9819,1162,555
9820,1162,555
9821,1162,554
9822,1160,555
9823,1161,554
9824,1159,554
9825,1159,553
9826,1158,552
9827,1156,552
9828,1157,552
9829,1157,553
9830,1156,552
9831,1156,553
9832,1155,552
9833,1155,552
9834,1153,552
9835,1151,551
9836,1151,551
9837,1150,552
9838,1150,552
9839,1149,552
9840,1149,552
9841,1149,552
9842,1147,552
9843,1147,552
9844,1146,552
9845,1146,552
9846,1145,552
9847,1143,554
9848,1143,558
9849,1145,563
9850,1144,568
9851,1145,573
9852,1145,577
9853,1143,581
9854,1143,584
9855,1142,587
9856,1142,591
9857,1141,593
9858,1140,596
9859,1139,599
9860,1139,600
9861,1138,602
9862,1136,604
9863,1135,606
9864,1135,608
9865,1133,609
9866,1133,611
9867,1131,611
9868,1129,613
9869,1128,615
9870,1126,615
9871,1126,617
9872,1124,617
9873,1123,618
9874,1121,618
9875,1120,619
9876,1118,620
9877,1117,621
9878,1115,621
9879,1112,622
9880,1111,622
9881,1109,622
9882,1108,623
9883,1106,623
9884,1103,623
9885,1102,623
9886,1100,624
9887,1099,625
9888,1097,625
9889,1094,624
9890,1093,625
9891,1090,625
9892,1089,626
9893,1087,625
9894,1084,625
9895,1082,626
9896,1080,625
9897,1079,626
9898,1076,626
9899,1075,625
9900,1075,622
9901,1075,620
9902,1075,618
9903,1075,616
9904,1074,613
9905,1074,612
9906,1072,610
9907,1072,609
9908,1071,607
9909,1068,606
9910,1068,605
9911,1066,604
9912,1065,603
9913,1063,601
9914,1060,601
9915,1059,601
9916,1057,599
9917,1056,599
9918,1052,596
9919,1049,595
9920,1046,593
9921,1043,591
9922,1040,589
9923,1025,590
9924,1019,588
9925,1023,585
9926,1020,585
9927,1017,585
9928,1013,584
9929,1011,584
9930,1010,583
9931,1008,582
9932,1007,581
9933,996,582
9934,991,582
9935,986,582
9936,981,581
9937,989,580
9938,988,579
9939,987,578
9940,983,578
9941,982,577
9942,979,576
9943,978,576
9944,975,575
9945,973,574
9946,973,574
9947,970,573
9948,969,573
9949,967,572
9950,964,571
9951,963,571
9952,962,572
9953,959,570
9954,958,571
9955,956,571
9956,956,571
9957,954,569
9958,953,570
9959,952,570
9960,951,570
9961,950,570
9962,945,570
9963,943,570
9964,943,571
9965,943,571
9966,952,572
9967,967,572
9968,982,572
9969,996,573
9970,1008,573
9971,1019,573
9972,1029,573
9973,1038,574
9974,1046,574
9975,1054,574
9976,1061,575
9977,1067,574
9978,1073,575
9979,1078,575
9980,1085,576
9981,1090,576
9982,1093,577
9983,1096,577
9984,1101,578
9985,1104,578
9986,1107,579
9987,1109,580
9988,1111,580
9989,1115,581
9990,1117,583
9991,1119,584
9992,1120,584
9993,1123,586
9994,1125,587
9995,1126,589
9996,1126,589
9997,1128,591
9998,1129,593
9999,1131,595
10000,1132,596
10001,1132,598
10002,1132,599
10003,1132,599
10004,1131,598
10005,1131,598
10006,1129,597
10007,1129,597
10008,1127,596
10009,1127,596
10010,1126,597
10011,1126,597
10012,1125,597
10013,1123,598
10014,1124,600
10015,1122,600
10016,1121,601
10017,1119,600
10018,1117,599
10019,1115,599
10020,1115,598
10021,1113,598
10022,1112,599
10023,1110,598
10024,1110,599
10025,1108,599
10026,1108,600
10027,1106,601
10028,1104,601
10029,1102,600
10030,1101,600
10031,1100,600
10032,1097,599
10033,1096,600
10034,1094,600
10035,1093,601
10036,1091,600
10037,1091,602
10038,1089,601
10039,1086,600
10040,1085,600
10041,1082,600
10042,1081,601
10043,1079,600
10044,1078,601
10045,1076,602
10046,1075,602
10047,1073,601
10048,1072,601
10049,1069,600
10050,1068,601
10051,1065,600
10052,1064,601
10053,1062,602
10054,1062,602
10055,1060,601
10056,1058,602
10057,1057,602
10058,1057,602
10059,1058,602
10060,1060,602
10061,1063,602
10062,1064,601
10063,1067,601
10064,1069,602
10065,1070,601
10066,1073,601
10067,1075,602
10068,1077,602
10069,1081,601
10070,1081,601
10071,1084,601
10072,1085,601
10073,1086,600
10074,1089,600
10075,1090,601
10076,1093,601
10077,1095,600
10078,1095,601
10079,1098,601
10080,1099,600
10081,1101,600
10082,1102,600
10083,1104,600
10084,1105,600
10085,1105,599
10086,1108,600
10087,1108,599
10088,1110,599
10089,1111,599
10090,1113,599
10091,1114,599
10092,1116,599
10093,1117,599
10094,1119,599
10095,1119,599
10096,1121,599
10097,1122,599
10098,1123,599
10099,1124,599
10100,1126,599
10101,1126,598
10102,1128,599
10103,1128,598
10104,1130,599
10105,1131,598
10106,1131,599
10107,1132,599
10108,1134,598
10109,1135,598
10110,1137,598
10111,1137,598
10112,1137,597
10113,1139,598
10114,1139,597
10115,1141,598
10116,1141,597
10117,1143,598
10118,1143,597
10119,1145,598
10120,1145,597
10121,1146,598
10122,1146,597
10123,1148,597
10124,1148,597
10125,1150,597
10126,1150,597
10127,1150,597
10128,1152,597
10129,1152,596
10130,1154,596
10131,1154,596
10132,1157,595
10133,1163,593
10134,1169,590
10135,1174,588
10136,1178,587
10137,1184,585
10138,1188,582
10139,1191,581
10140,1194,579
10141,1199,578
10142,1202,576
10143,1204,575
10144,1208,574
10145,1211,573
10146,1215,572
10147,1217,571
10148,1220,570
10149,1222,569
10150,1225,568
10151,1227,567
10152,1230,567
10153,1232,566
10154,1233,565
10155,1237,565
10156,1238,565
10157,1241,564
10158,1243,563
10159,1244,562
10160,1246,562
10161,1248,562
10162,1251,562
10163,1252,562
10164,1253,561
10165,1256,561
10166,1257,561
10167,1259,560
10168,1262,560
10169,1262,560
10170,1263,560
10171,1266,559
10172,1267,559
10173,1270,559
10174,1271,559
10175,1271,558
10176,1273,558
10177,1274,558
10178,1277,558
10179,1279,558
10180,1279,558
10181,1280,558
10182,1282,558
10183,1283,557
10184,1285,557
10185,1286,557
10186,1286,557
10187,1289,557
10188,1289,558
10189,1292,558
10190,1294,558
10191,1292,558
10192,1294,558
10193,1294,557
10194,1290,554
10195,1277,548
10196,1262,539
10197,1248,531
10198,1235,524
10199,1221,518
10200,1209,513
10201,1196,508
10202,1185,503
10203,1174,499
10204,1163,495
10205,1152,491
10206,1142,490
10207,1133,487
10208,1125,484
10209,1117,481
10210,1110,479
10211,1101,477
10212,1094,475
10213,1086,473
10214,1080,472
10215,1072,470
10216,1066,469
10217,1061,468
10218,1056,467
10219,1049,465
10220,1044,464
10221,1037,463
10222,1033,462
10223,1026,462
10224,1022,461
10225,1017,460
10226,1012,459
10227,1009,459
10228,1021,457
10229,1037,454
10230,1052,451
10231,1068,448
10232,1081,444
10233,1094,440
10234,1106,436
10235,1117,433
10236,1128,427
10237,1139,422
10238,1150,418
10239,1159,413
10240,1168,409
10241,1178,404
10242,1187,399
10243,1195,394
10244,1202,388
10245,1209,383
10246,1217,377
10247,1224,372
10248,1230,369
10249,1237,363
10250,1244,358
10251,1250,352
10252,1256,347
10253,1261,343
10254,1266,338
10255,1274,333
10256,1279,329
10257,1286,323
10258,1293,318
10259,1299,314
10260,1305,309
10261,1311,304
10262,1317,299
10263,1323,294
10264,1329,289
10265,1335,285
10266,1341,280
10267,1347,275
10268,1392,275
10269,1404,271
10270,1412,269
10271,1422,265
10272,1431,261
10273,1441,257
10274,1450,254
10275,1460,250
10276,1470,246
10277,1481,245
10278,1491,242
10279,1499,239
10280,1508,237
10281,1517,234
10282,1526,232
10283,1537,229
10284,1546,227
10285,1556,225
10286,1566,222
10287,1575,220
10288,1585,217
10289,1591,218
10290,1600,216
10291,1610,214
10292,1619,213
10293,1627,212
10294,1636,211
10295,1644,210
10296,1653,209
10297,1662,208
10298,1670,207
10299,1679,206
10300,1687,205
10301,1696,204
10302,1705,203
10306,1738,208
10307,1746,209
10308,1750,209
10309,1755,209
10310,1759,210
10311,1763,210
10312,1767,210
10313,1771,211
10314,1775,211
10315,1779,211
10318,1310,425
10319,1310,425
10320,1310,425
10321,1310,425
10322,1310,425
10323,1310,425
10324,1310,425
10325,1310,425
10326,1310,425
10398,1686,1040
10399,1686,1040
10400,1686,1039
10401,1686,1039
10402,1686,1041
10403,1686,1041
10404,1686,1039
10405,1685,1040
10406,1685,1039
10407,1685,1039
10408,1685,1040
10409,1685,1041
10410,1685,1041
10411,1685,1041
10412,1685,1041
10413,1685,1041
10414,1685,1041
10415,1685,1041
10416,1685,1041
10417,1685,1041
10418,1685,1041
10419,1685,1041
10420,1685,1041
10421,1685,1041
10422,1685,1041
10423,1685,1041
10424,1685,1041
10425,1685,1041
10426,1685,1041
10427,1685,1041
10428,1685,1041
10429,1686,1039
10430,1686,1039
10431,1686,1039
10432,1686,1039
10433,1686,1040
10434,1686,1041
10435,1686,1040
10436,1686,1039
10437,1686,1039
10438,1686,1038
10439,1686,1038
10440,1685,1038
10441,1685,1038
10442,1685,1038
10443,1685,1038
10444,1686,1038
10445,1685,1038
10446,1685,1037
10447,1685,1037
10448,1685,1037
10449,1685,1037
10450,1685,1037
10451,1684,1037
10452,1684,1037
10453,1684,1036
10454,1684,1036
10455,1684,1036
10456,1683,1035
10457,1683,1035
10458,1683,1035
10459,1683,1034
10460,1683,1034
10461,1683,1034
10462,1683,1034
10463,1683,1034
10464,1683,1034
10465,1683,1033
10466,1683,1033
10467,1682,1033
10468,1682,1033
10469,1682,1033
10470,1682,1033
10471,1682,1032
10472,1682,1032
10494,1491,936
10495,1482,932
10496,1476,929
10497,1468,926
10498,1460,923
10499,1456,920
10500,1450,917
10501,1444,914
10502,1438,911
10503,1433,908
10504,1427,905
10505,1421,902
10506,1415,900
10507,1435,876
10508,1432,870
10509,1430,866
10510,1427,861
10511,1426,857
10512,1423,851
10513,1422,846
10514,1419,841
10515,1418,837
10516,1415,833
10517,1414,828
10518,1411,823
10519,1409,819
10520,1407,815
10521,1404,811
10522,1404,808
10523,1402,804
10524,1399,799
10525,1399,796
10526,1396,793
10527,1395,789
10528,1393,786
10529,1392,782
10530,1390,779
10531,1390,776
10532,1388,773
10533,1387,770
10534,1385,766
10535,1382,763
10536,1382,760
10537,1380,756
10538,1380,754
10539,1378,751
10540,1377,749
10541,1375,746
10542,1374,743
10543,1372,740
10544,1371,738
10545,1369,734
10546,1369,732
10547,1367,729
10548,1365,727
10549,1365,725
10550,1363,721
10551,1363,719
10552,1361,716
10553,1359,714
10554,1359,711
10555,1356,710
10556,1356,708
10557,1360,705
10558,1365,703
10559,1368,700
10560,1373,698
10561,1377,695
10562,1380,694
10563,1385,692
10564,1388,690
10565,1390,687
10566,1395,686
10567,1397,685
10568,1400,682
10569,1402,680
10570,1404,678
10571,1411,673
10572,1416,670
10573,1415,672
10574,1416,672
10575,1420,669
10576,1423,668
10577,1427,667
10578,1429,666
10579,1430,664
10580,1434,662
10581,1433,661
10582,1427,659
10583,1421,659
10584,1415,659
10585,1409,657
10586,1403,657
10587,1399,657
10588,1393,657
10589,1387,656
10590,1384,655
10591,1378,655
10592,1375,654
10593,1369,653
10594,1365,653
10595,1360,652
10596,1357,652
10597,1353,651
10598,1348,650
10599,1343,649
10600,1340,649
10601,1337,649
10602,1334,648
10603,1329,647
10604,1326,647
10605,1322,646
10606,1317,645
10607,1315,644
10608,1313,644
10609,1310,643
10610,1306,643
10611,1302,641
10612,1301,642
10613,1298,642
10614,1294,639
10615,1291,638
10616,1299,639
10617,1299,639
10618,1299,638
10619,1298,638
10620,1290,637
10621,1282,637
10622,1274,635
10623,1267,634
10624,1259,633
10625,1252,631
10626,1241,632
10627,1233,632
10628,1228,631
10629,1223,630
10630,1217,630
10631,1210,628
10632,1206,628
10633,1202,627
10634,1196,627
10635,1190,626
10636,1186,626
10637,1181,625
10638,1177,625
10639,1172,624
10640,1169,625
10641,1164,624
10642,1161,624
10643,1157,623
10644,1152,623
10645,1150,623
10646,1146,622
10647,1142,622
10648,1140,622
10649,1136,621
10650,1134,621
10651,1130,620
10652,1128,620
10653,1125,620
10654,1123,620
10655,1120,619
10656,1118,619
10657,1115,619
10658,1114,619
10659,1110,618
10660,1103,618
10661,1097,617
10662,1089,616
10663,1084,616
10664,1077,616
10665,1073,615
10666,1066,614
10667,1062,614
10668,1057,613
10669,1053,613
10670,1047,612
10671,1043,612
10672,1038,611
10673,1032,612
10674,1029,612
10675,1026,612
10676,1021,611
10677,1016,611
10678,1014,611
10679,1009,610
10680,1007,610
10681,1004,610
10682,1000,609
10683,996,609
10684,994,609
10685,990,610
10686,987,610
10687,984,609
10688,982,609
10689,979,609
10690,977,609
10691,974,609
10692,972,609
10693,969,609
10694,967,609
10695,965,608
10696,963,609
10697,960,608
10698,959,609
10699,958,609
10700,955,608
10701,953,609
10702,951,608
10703,950,609
10704,947,608
10705,946,609
10706,944,608
10707,943,609
10708,941,609
10709,938,608
10710,938,609
10711,935,608
10712,935,609
10713,932,608
10714,929,610
10715,929,613
10716,927,615
10717,923,614
10718,922,616
10719,919,619
10720,919,621
10721,916,623
10722,915,625
10723,913,625
10724,911,627
10725,909,627
10726,906,629
10727,906,630
10728,903,630
10729,903,631
10730,900,631
10731,900,633
10732,901,635
10733,900,635
10734,902,638
10735,903,640
10736,903,642
10737,902,643
10738,903,644
10739,903,645
10740,903,646
10741,903,647
10742,901,648
10743,902,649
10744,902,650
10745,900,650
10746,901,651
10747,900,651
10748,900,652
10749,899,652
10750,899,654
10751,898,654
10752,898,655
10753,897,656
10754,897,657
10755,896,658
10756,894,661
10757,895,662
10758,894,663
10759,894,666
10760,893,667
10761,893,669
10762,892,670
10763,893,672
10764,893,674
10765,892,673
10766,894,675
10767,893,675
10768,896,677
10769,897,676
10770,900,677
10771,901,677
10772,903,678
10773,903,678
10774,905,678
10775,905,678
10776,907,679
10777,907,678
10778,908,679
10779,909,679
10780,911,680
10781,911,679
10782,913,680
10783,913,680
10784,914,680
10785,917,678
10786,918,676
10787,923,674
10788,926,672
10789,930,671
10790,931,667
10791,933,664
10792,938,664
10793,941,663
10794,945,661
10795,948,660
10796,952,658
10797,949,653
10798,951,650
10799,950,652
10800,951,651
10801,954,651
10802,955,649
10803,959,649
10804,960,647
10805,961,645
10806,961,644
10807,964,644
10808,965,642
10809,965,641
10810,967,640
10811,968,638
10812,968,638
10813,970,637
10814,971,636
10815,971,635
10816,972,635
10817,972,634
10818,975,632
10819,975,631
10820,977,631
10821,977,629
10822,977,629
10823,979,627
10824,981,626
10825,980,627
10826,980,625
10827,980,624
10828,979,622
10829,979,621
10830,979,620
10831,974,619
10832,972,617
10833,971,616
10834,965,610
10835,963,608
10836,959,606
10837,957,604
10838,954,600
10839,955,600
10840,955,599
10841,953,599
10842,951,596
10843,948,596
10844,947,595
10845,945,595
10846,942,594
10847,942,592
10848,939,592
10849,938,592
10850,936,593
10851,936,593
10852,934,591
10853,935,593
10854,933,591
10855,935,592
10856,936,593
10857,940,598
10858,941,601
10859,941,601
10860,940,598
10861,941,595
10862,942,593
10863,942,591
10864,943,589
10865,943,587
10866,946,584
10867,945,583
10868,945,581
10869,945,579
10870,945,577
10871,945,575
10872,945,573
10873,945,571
10874,946,570
10875,946,568
10890,934,564
10891,925,561
10892,918,558
10893,910,556
10894,903,554
10895,895,552
10896,888,550
10897,882,549
10898,875,547
10899,870,546
10900,864,545
10901,858,544
10902,853,543
10903,848,542
10904,842,541
10905,837,540
10906,832,539
10907,828,538
10908,822,537
10909,818,536
10910,815,535
10911,810,534
10912,806,534
10913,801,534
10914,798,533
10915,794,533
10916,790,533
10917,786,532
10918,783,532
10919,779,532
10920,777,532
10921,773,531
10922,770,531
10923,766,531
10924,764,530
10925,760,529
10926,756,529
10927,755,529
10928,751,529
10929,750,529
10930,746,530
10931,745,529
10932,742,529
10933,740,529
10934,737,529
10935,735,529
10936,732,529
10937,730,529
10938,727,528
10939,725,528
10940,722,529
10941,721,528
10942,720,528
10943,721,528
10944,722,528
10945,722,527
10946,726,528
10947,730,528
10948,732,528
10949,736,528
10950,738,528
10951,740,528
10952,743,528
10953,745,527
10954,746,527
10955,747,528
10956,750,528
10957,751,528
10958,752,528
10959,755,528
10960,756,528
10961,756,529
10962,758,529
10963,759,529
10964,759,528
10965,761,529
10966,762,529
10967,762,529
10968,763,529
10969,762,529
10970,762,530
10971,762,530
10972,762,530
10973,766,527
10974,767,527
10975,768,526
10976,769,526
10977,770,525
10978,772,525
10979,800,505
10980,805,502
10981,808,499
10982,811,496
10983,814,493
10984,817,490
10985,821,487
10986,823,488
10987,826,486
10988,828,484
10989,829,482
10990,830,481
10991,833,480
10992,834,479
10993,836,478
10994,836,476
10995,836,475
10996,838,474
10997,839,473
10998,840,473
10999,840,472
11000,841,471
11001,841,471
11002,842,471
11003,841,470
11004,842,469
11005,842,468
11006,841,468
11007,842,467
11008,842,467
11009,845,467
11010,847,467
11011,849,466
11012,852,466
11013,854,466
11014,857,466
11015,858,465
11016,859,464
11017,862,464
11018,862,468
11019,862,473
11020,861,477
11021,860,479
11022,862,483
11023,862,486
11024,862,488
11025,863,491
11026,862,494
11027,862,497
11028,863,498
11029,863,499
11030,864,501
11031,863,502
11032,862,503
11033,863,504
11034,863,506
11035,864,508
11036,864,508
11037,864,509
11038,864,510
11039,864,511
11040,864,511
11041,865,512
11042,865,513
11043,864,513
11044,865,514
11045,865,515
11046,865,517
11047,865,518
11048,864,519
11049,865,520
11050,864,522
11051,865,523
11052,865,524
11053,866,525
11054,865,525
11055,866,526
11056,866,527
11057,865,527
11058,866,528
11059,866,528
11060,867,529
11061,867,529
11062,866,530
11063,867,530
11064,866,530
11065,865,530
11066,866,530
11067,866,531
11068,865,530
11069,867,531
11070,866,530
11071,867,531
11072,867,531
11073,866,531
11074,868,530
11075,884,528
11076,903,524
11077,924,521
11078,946,518
11079,967,515
11080,987,512
11081,1008,509
11082,1028,506
11083,1049,503
11084,1070,500
11085,1090,498
11086,1111,495
11088,924,487
11089,924,487
11090,906,483
11091,898,481
11092,891,480
11093,883,478
11094,876,476
11095,863,473
11096,854,471
11097,847,471
11098,840,470
11099,833,470
11100,826,469
11101,819,469
11102,813,470
11103,806,470
11104,800,470
11105,793,469
11106,788,470
11107,782,471
11108,777,472
11109,772,471
11110,766,471
11111,761,474
11112,755,475
11113,749,476
11114,745,477
11115,740,478
11116,736,480
11117,731,479
11118,729,478
11119,726,477
11120,722,475
11121,720,474
11122,716,472
11123,714,471
11124,713,470
11125,713,468
11126,714,467
11127,714,465
11128,716,464
11129,718,463
11130,719,463
11131,720,462
11132,721,461
11133,725,462
11134,727,461
11135,729,461
11136,733,463
11137,736,463
11138,735,461
11139,737,460
11140,738,459
11141,739,458
11142,741,458
11143,742,457
11144,744,456
11145,745,455
11146,746,454
11147,752,471
11148,753,471
11149,757,473
11150,758,474
11151,762,473
11152,765,472
11153,769,471
11154,771,470
11155,773,469
11156,777,468
11157,779,468
11158,781,467
11159,785,467
11160,787,467
11161,788,467
11162,791,466
11163,793,467
11164,796,467
11165,798,467
11166,799,467
11167,803,468
11168,803,468
11169,799,466
11170,791,463
11171,783,459
11172,777,457
11173,770,454
11174,764,452
11175,759,450
11176,755,447
11177,752,444
11178,747,440
11179,745,438
11180,742,436
11181,740,434
11182,739,432
11183,736,428
11184,735,426
11185,735,423
11186,733,421
11187,733,419
11188,732,417
11189,732,415
11190,731,413
11191,732,411
11192,731,409
11193,732,406
11194,734,404
11195,734,402
11196,733,401
11197,734,399
11198,734,397
11199,736,396
11200,736,395
11201,738,393
11202,738,391
11203,740,389
11204,740,387
11205,742,386
11206,742,384
11207,744,383
11208,744,381
11209,746,380
11210,747,378
11211,749,377
11212,750,376
11213,752,374
11214,753,373
11215,753,371
11216,755,370
11217,756,369
11218,758,368
11219,759,366
11220,761,365
11221,762,363
11222,762,361
11223,764,360
11224,765,359
11225,767,358
11226,768,357
11227,770,356
11228,771,355
11229,771,353
11230,773,352
11231,776,351
11232,776,350
11233,778,349
11234,779,349
11235,779,347
11236,782,348
11237,781,351
11238,781,356
11239,780,360
11240,780,363
11241,779,366
11242,779,370
11243,778,374
11244,778,378
11245,777,381
11246,777,385
11247,776,388
11248,774,392
11249,774,396
11250,773,399
11251,773,403
11252,772,406
11253,772,410
11254,771,415
11255,771,419
11256,770,422
11257,770,426
11258,769,431
11259,769,435
11260,768,439
11261,768,444
11262,767,447
11263,767,452
11264,766,457
11265,766,458
11266,767,459
11267,767,459
11268,768,460
11269,768,462
11270,767,461
11271,769,463
11272,770,464
11273,770,466
11274,769,466
11275,770,468
11276,770,471
11277,771,474
11278,771,477
11279,770,479
11280,771,482
11281,771,485
11282,770,488
11283,769,489
11284,771,493
11285,770,495
11286,771,499
11287,771,503
11288,770,506
11289,771,510
11290,771,514
11291,771,518
11292,773,518
11293,775,518
11294,777,517
11295,779,516
11296,780,516
11297,782,516
11298,783,516
11299,784,516
11300,786,518
11301,787,518
11302,786,518
11303,788,520
11304,790,521
11305,790,522
11306,792,524
11307,792,524
11308,794,525
11309,794,527
11310,793,528
11311,795,530
11312,795,530
11313,797,532
11314,798,533
11315,800,535
11316,801,536
11317,803,538
11318,804,539
11319,806,541
11320,807,542
11321,808,543
11323,795,503
11324,797,498
11325,796,494
11326,796,490
11327,796,487
11328,797,484
11329,797,484
11330,796,481
11331,798,479
11332,799,477
11333,799,475
11334,798,474
11335,799,472
11336,799,472
11337,800,471
11338,800,470
11339,801,469
11340,803,467
11341,803,465
11342,805,463
11343,805,461
11344,805,458
11345,807,456
11346,809,455
11347,809,453
11348,809,451
11349,811,450
11350,811,448
11351,812,447
11352,814,446
11353,814,445
11354,814,445
11355,816,443
11356,816,441
11357,818,439
11358,819,438
11359,821,436
11360,822,434
11361,822,433
11362,824,432
11363,825,431
11364,827,430
11365,828,429
11366,829,429
11367,829,428
11368,831,428
11369,831,426
11370,833,424
11371,833,422
11372,835,421
11373,836,420
11374,838,419
11375,839,418
11376,839,416
11377,841,415
11378,841,415
11379,843,415
11380,844,414
11381,844,413
11382,846,413
11383,846,413
11384,848,413
11385,848,411
11386,848,409
11387,850,408
11388,849,407
11389,851,406
11390,851,405
11391,851,404
11392,853,404
11393,853,403
11394,853,402
11395,855,401
11396,855,400
11397,857,400
11398,857,399
11399,858,399
11400,858,397
11401,859,397
11402,859,396
11403,860,395
11404,860,394
11405,861,394
11406,860,393
11407,861,392
11408,860,391
11409,861,391
11410,861,390
11411,862,389
11412,861,387
11413,863,388
11414,864,387
11415,863,387
11416,862,384
11417,863,385
11418,863,384
11419,864,384
11420,864,383
11421,864,383
11422,864,382
11423,865,382
11424,867,385
11425,867,387
11426,865,389
11427,866,391
11428,865,392
11429,867,393
11430,866,394
11431,868,395
11432,868,395
11433,870,396
11434,869,397
11435,870,397
11436,871,398
11437,872,399
11438,874,400
11439,874,401
11440,874,401
11441,877,401
11442,877,402
11443,877,402
11444,879,403
11445,880,404
11446,882,405
11447,883,403
11448,883,400
11449,886,399
11450,888,397
11451,890,396
11452,890,396
11453,891,395
11454,894,394
11455,894,393
11456,895,391
11457,896,390
11458,896,391
11459,897,391
11460,898,390
11461,898,390
11462,899,390
11463,900,389
11464,901,389
11465,901,388
11466,902,388
11468,917,383
11469,917,383
11470,926,380
11471,927,380
11472,930,380
11473,932,378
11474,934,378
11475,935,378
11476,936,377
11477,938,377
11478,941,378
11479,941,378
11480,942,377
11481,944,377
11482,944,376
11483,946,375
11484,946,374
11485,947,374
11486,947,373
11487,949,373
11488,951,374
11489,951,374
11490,951,373
11491,953,373
11492,953,373
11493,954,373
11494,954,372
11495,955,372
11496,957,371
11497,957,372
11498,958,372
11499,958,370
11500,959,370
11501,961,370
11502,960,370
11503,961,370
11504,961,370
11505,963,370
11506,963,370
11507,964,370
11508,964,370
11509,966,369
11510,965,369
11511,967,369
11512,965,367
11513,960,362
11514,956,358
11515,945,350
11516,937,344
11517,932,340
11518,927,335
11519,923,332
11520,917,326
11521,913,323
11522,910,320
11523,906,316
11524,903,313
11525,899,309
11526,897,306
11527,893,302
11528,891,300
11529,890,297
11530,887,295
11531,884,292
11532,883,291
11533,883,289
11534,881,286
11535,878,284
11536,877,283
11537,877,282
11538,875,281
11539,873,279
11540,873,278
11541,871,277
11542,871,276
11543,871,276
11544,869,275
11545,869,275
11546,869,275
11547,868,275
11548,868,275
11549,867,275
11550,865,275
11551,865,275
11552,867,273
11553,866,270
11554,869,268
11555,871,265
11556,871,262
11557,872,260
11558,873,259
11559,874,257
11560,874,254
11561,876,252
11562,876,251
11563,878,250
11564,878,246
11565,879,244
11566,878,245
11567,880,245
11568,879,244
11569,880,243
11570,880,243
11571,881,242
11572,881,242
11573,882,241
11574,882,241
11575,883,241
11576,883,241
11577,884,242
11578,884,242
11579,885,243
11580,885,242
11581,888,240
11582,888,237
11583,891,236
11584,892,235
11585,893,233
11586,895,232
11587,896,230
11588,896,229
11589,898,229
11590,900,228
11591,900,228
11592,901,227
11593,903,226
11594,904,226
11595,906,225
11596,907,225
11597,909,224
11598,910,224
11599,912,223
11600,913,222
11601,914,222
11605,908,221
11606,911,219
11607,910,219
11608,912,218
11609,911,216
11610,910,215
11611,912,214
11612,912,213
11613,913,213
11614,913,212
11615,914,212
11616,914,212
11617,915,212
11618,915,212
11619,914,212
11620,915,212
11621,917,212
11622,917,211
11623,918,209
11624,918,207
11625,920,207
11626,920,206
11627,920,204
11628,921,204
11629,922,203
11630,922,203
11631,922,202
11632,923,202
11633,923,201
11634,924,201
11635,924,201
11636,926,200
11637,926,200
11638,926,200
11639,927,199
11640,927,197
11641,927,196
11642,929,195
11643,929,194
11644,929,193
11645,932,192
11646,930,191
11647,927,192
11648,923,192
11649,922,191
11650,923,189
11651,921,188
11652,922,187
11653,922,186
11654,922,186
11655,922,185
11656,923,185
11657,923,185
11658,925,184
11659,925,183
11660,926,184
11661,927,184
11662,928,184
11663,929,184
11664,931,183
11665,932,181
11666,935,181
11667,936,180
11668,939,180
11669,940,179
11670,943,178
11671,944,178
11672,945,178
11673,948,178
11674,949,178
11675,952,177
11676,954,176
11677,955,175
11678,958,174
11679,960,173
11680,961,172
11681,964,172
11682,965,172
11683,968,172
11684,970,171
11685,971,171
11686,974,171
11687,975,171
11688,978,171
11689,979,171
11690,982,170
11691,983,169
11692,986,168
11693,987,168
11694,988,166
11695,991,166
11696,992,165
11697,994,165
11698,995,165
11699,998,165
11700,999,165
11701,1001,165
11702,1002,165
11703,1004,165
11704,1005,164
11705,1008,164
11706,1009,163
11707,1012,162
11708,1013,162
11709,1015,162
11710,1016,162
11711,1018,162
11712,1019,162
11713,1021,161
11714,1022,161
11715,1025,160
11716,1025,159
11717,1028,160
11718,1029,158
11719,1030,158
11720,1032,158
11721,1035,158
11722,1036,157
11723,1038,157
11724,1039,157
11725,1042,157
11726,1043,156
11727,1045,157
11728,1046,156
11729,1046,156
11730,1049,156
11731,1049,156
11732,1052,155
11733,1055,155
11734,1059,155
11735,1062,155
11736,1066,155
11737,1069,155
11738,1071,156
11739,1075,156
11740,1077,156
11741,1079,156
11742,1082,156
11743,1084,156
11744,1087,156
11745,1086,156
11746,1088,156
11747,1089,156
11748,1088,156
11749,1088,155
11750,1087,155
11751,1088,155
11752,1087,155
11753,1086,155
11754,1088,155
11755,1087,155
11756,1086,154
11757,1088,153
11758,1086,152
11759,1085,152
11760,1086,152
11761,1085,152
11762,1086,152
11763,1085,150
11764,1084,149
11765,1085,150
11766,1085,149
11767,1086,149
11768,1086,148
11769,1085,148
11770,1086,148
11771,1086,148
11772,1087,148
11773,1087,147
11774,1088,147
11775,1088,147
11776,1089,147
11777,1089,146
11778,1090,146
11779,1090,145
11780,1091,145
11781,1091,145
11782,1090,145
11783,1091,144
11784,1091,144
11785,1092,144
11786,1092,144
11787,1091,143
11788,1093,143
11789,1092,142
11790,1094,142
11791,1093,142
11792,1093,142
11793,1095,142
11794,1095,141
11795,1095,141
11796,1096,141
11797,1096,141
11798,1097,141
11799,1097,140
11800,1098,140
11801,1098,140
11802,1097,140
11803,1098,140
11804,1098,140
11805,1099,139
11806,1099,140
11807,1098,139
11808,1099,139
11809,1099,139
11810,1098,139
11811,1098,139
11812,1097,139
11813,1095,138
11814,1095,138
11815,1094,138
11816,1094,138
11817,1093,138
11818,1093,138
11819,1092,137
11820,1091,137
11821,1090,137
11822,1090,137
11823,1089,137
11824,1089,137
11825,1088,137
11826,1086,137
11827,1086,136
11828,1086,136
11829,1085,136
11830,1084,136
11831,1082,135
11832,1083,136
11833,1084,136
11834,1082,136
11835,1080,135
11836,1081,134
11837,1079,134
11838,1078,134
11839,1079,135
11840,1078,135
11841,1079,134
11842,1077,134
11843,1076,134
11844,1076,134
11845,1075,134
11846,1074,133
11847,1075,134
11848,1074,133
11849,1072,133
11850,1072,133
11851,1071,133
11852,1071,133
11853,1070,133
11854,1070,133
11855,1069,132
11856,1070,132
11857,1068,132
11858,1067,132
11859,1065,132
11860,1064,133
11861,1063,133
11862,1071,132
11863,1070,132
11864,1068,132
11865,1068,132
11866,1068,131
11867,1068,131
11868,1068,131
11869,1068,131
11870,1068,130
11871,1067,130
11872,1067,130
11873,1067,129
11875,1055,120
11876,1055,120
11877,1054,116
11878,1052,114
11879,1052,113
11880,1051,109
11881,1050,108
11882,1051,106
11883,1049,105
11884,1048,102
11885,1047,100
11886,1046,98
11887,1045,96
11888,1045,94
11889,1043,93
11890,1042,92
11891,1042,91
11892,1041,90
11893,1042,90
11894,1042,89
11895,1041,86
11896,1041,84
11897,1043,84
11898,1043,83
11899,1040,83
11900,1042,81
11901,1042,80
11902,1042,79
11903,1043,78
11904,1043,77
11905,1043,76
11906,1044,75
11907,1044,74
11908,1044,73
11923,890,103
11924,888,102
11925,887,102
11926,887,101
11927,888,102
11928,888,102
11929,888,102
11930,888,102
11931,886,102
11932,887,104
11933,888,104
11934,887,104
11935,888,104
11936,887,105
11937,887,105
11938,886,105
11939,887,106
11940,888,106
11941,887,106
11942,887,106
11943,888,106
11944,887,106
11945,887,106
11946,888,106
11947,887,106
11948,887,106
11949,886,106
11950,886,106
11951,885,107
11952,885,107
11953,883,107
11954,882,107
11955,881,107
11956,881,106
11957,880,105
11958,882,99
11959,882,96
11960,880,91
11961,882,88
11962,881,84
11963,883,82
11964,882,77
11965,883,75
11966,882,75
11967,883,74
11968,882,73
11969,883,73
11970,883,73
11971,884,73
11972,883,73
11973,884,74
11974,883,73
11975,884,74
11976,884,74
11977,885,74
11978,884,74
11979,885,74
11980,884,73
11981,885,73
11982,884,73
11983,885,73
11984,884,73
11985,885,73
11986,885,73
11987,886,73
11988,885,73
11989,886,74
11990,886,73
11991,887,74
11992,886,73
11993,887,73
11994,887,73
11995,888,73
11996,887,73
11997,886,73
11998,887,74
11999,886,73
12000,887,73
12001,886,73
12002,887,73
12003,887,73
12004,887,73
12005,886,73
12006,887,73
12007,887,73
12008,888,73
12009,887,73
12010,888,73
12011,887,73
12012,888,73
12013,887,73
12014,888,73
12015,887,73
12016,888,73
12017,887,73
12018,889,73
12019,887,73
12020,889,73
12021,888,73
12022,890,73
12023,889,73
12024,890,73
12025,889,73
12026,890,73
12027,889,73
12028,888,73
12029,889,72
12030,889,72
12031,891,72
12032,890,72
12033,892,72
12034,890,71
12035,889,70
12036,890,71
12037,889,70
12038,890,70
12039,890,70
12040,890,70
12041,890,70
12042,891,70
12043,890,70
12044,892,72
12045,892,73
12046,892,75
12047,891,76
12048,890,77
12049,890,79
12050,888,77
12051,887,77
12052,885,75
12053,883,74
12054,880,73
12055,875,74
12056,870,75
12057,868,75
12058,866,76
12059,862,76
12060,860,76
12061,857,76
12062,855,76
12063,852,77
12064,851,77
12065,849,78
12066,847,79
12067,847,81
12068,844,81
12069,843,83
12070,841,84
12071,841,85
12072,839,86
12073,839,89
12074,837,90
12075,837,92
12076,835,93
12077,834,95
12078,834,98
12079,832,100
12080,832,102
12081,830,105
12082,830,107
12083,828,109
12084,828,112
12085,826,115
12086,825,117
12087,823,120
12088,823,123
12089,821,126
12090,821,129
12091,820,133
12092,818,135
12093,818,140
12094,816,143
12095,816,147
12096,815,150
12097,815,155
12098,813,158
12099,813,162
12100,812,166
12101,810,171
12102,811,176
12103,809,180
12104,809,185
12105,808,189
12106,806,193
12107,806,198
12108,805,203
12109,803,206
12110,804,212
12111,804,217
12112,803,221
12113,803,226
12114,802,230
12115,803,235
12116,806,236
12117,812,237
12118,817,237
12119,821,238
12120,823,238
12121,828,240
12122,831,242
12123,834,244
12124,838,245
12125,840,248
12126,842,249
12127,845,251
12128,847,253
12129,848,255
12130,851,258
12131,851,258
12132,851,255
12133,852,254
12134,852,253
12135,852,252
12136,853,251
12137,853,251
12138,855,250
12139,854,249
12140,854,249
12141,855,249
12142,855,249
12143,856,248
12144,860,249
12145,867,251
12146,875,253
12147,881,255
12148,889,259
12149,895,261
12150,900,264
12151,904,267
12152,910,269
12153,915,272
12154,918,274
12155,923,277
12156,926,281
12157,929,283
12158,932,286
12159,936,289
12160,937,290
12161,938,291
12162,939,291
12163,940,292
12164,942,293
12165,943,293
12166,945,295
12167,946,296
12168,946,297
12169,948,299
12170,948,301
12171,949,302
12172,950,304
12173,949,306
12174,948,308
12175,947,309
12176,945,309
12177,945,310
12178,944,310
12179,942,311
12180,942,312
12181,940,313
12182,940,315
12183,938,316
12184,938,317
12185,937,319
12186,935,319
12187,935,320
12188,933,322
12189,931,322
12190,931,323
12191,929,324
12192,929,325
12193,927,325
12194,926,326
12195,924,327
12196,923,328
12197,921,328
12198,919,329
12199,919,330
12200,917,330
12201,917,331
12202,914,332
12203,912,332
12204,912,333
12205,909,331
12206,910,333
12207,909,331
12208,911,327
12209,916,322
12210,918,317
12211,923,314
12212,925,309
12213,928,306
12214,930,302
12215,932,299
12216,936,297
12217,938,293
12218,939,291
12219,941,288
12220,942,286
12221,942,284
12222,944,282
12223,945,281
12224,946,278
12225,947,277
12226,948,276
12227,948,275
12228,950,274
12229,950,273
12230,950,271
12231,949,268
12232,950,267
12233,950,265
12234,949,262
12235,949,261
12236,948,259
12237,949,257
12238,948,256
12239,948,254
12240,947,253
12241,946,252
12242,946,252
12243,947,251
12244,946,251
12245,946,249
12246,945,248
12247,943,246
12248,941,245
12249,941,244
12250,941,243
12251,939,242
12252,939,241
12253,938,240
12254,936,239
12255,936,238
12256,934,236
12257,934,235
12258,932,234
12259,931,233
12260,931,232
12261,929,232
12262,927,231
12263,927,230
12264,927,229
12265,926,228
12266,926,227
12267,926,226
12268,925,225
12269,925,224
12270,924,224
12271,924,223
12272,924,222
12273,924,221
12274,924,221
12275,924,221
12276,923,220
12277,924,219
12278,923,218
12279,922,217
12280,922,217
12281,921,216
12282,921,216
12283,920,215
12284,921,215
12285,920,215
12286,919,214
12287,920,213
12288,917,213
12289,916,216
12290,916,220
12291,916,225
12292,915,228
12293,915,232
12294,914,236
12295,915,238
12296,914,241
12297,915,244
12298,914,247
12299,915,250
12300,914,253
12301,915,256
12302,915,259
12303,915,261
12304,916,264
12305,917,266
12306,917,269
12307,916,271
12308,917,273
12309,917,276
12310,918,278
12311,918,281
12312,919,283
12313,918,284
12314,919,286
12315,919,289
12316,920,291
12317,920,293
12318,921,296
12319,921,297
12320,920,299
12321,921,301
12322,921,302
12323,922,304
12324,922,306
12325,921,308
12326,922,310
12327,922,312
12328,923,313
12329,923,313
12330,922,314
12331,923,316
12332,923,317
12333,923,320
12334,923,322
12335,922,323
12336,923,325
12337,923,326
12338,924,328
12339,924,330
12340,923,331
12341,924,332
12342,924,334
12343,925,335
12344,923,335
12345,922,336
12346,923,337
12347,922,336
12348,921,335
12349,923,340
12350,921,340
12351,919,338
12352,917,338
12353,916,335
12354,913,335
12355,913,333
12356,911,332
12357,911,332
12358,909,330
12359,909,330
12360,910,329
12361,909,328
12362,910,328
12363,909,328
12364,910,327
12365,910,327
12366,909,327
12367,908,326
12368,909,325
12369,908,325
12370,909,325
12371,908,325
12372,908,325
12373,907,324
12374,907,324
12375,906,324
12376,906,324
12377,905,324
12378,905,324
12379,904,323
12380,904,323
12381,905,322
12382,904,322
12383,904,322
12384,903,322
12385,903,322
12386,902,322
12387,902,322
12388,901,321
12389,902,321
12390,901,322
12391,900,321
12392,901,321
12393,900,321
12394,902,321
12395,912,321
12396,924,320
12397,936,320
12398,947,320
12399,957,320
12400,965,320
12401,973,319
12402,981,320
12403,989,320
12404,994,321
12405,1000,321
12406,1007,322
12407,1012,323
12408,1017,324
12409,1023,325
12410,1027,326
12411,1031,327
12412,1034,329
12413,1037,329
12414,1041,331
12415,1044,333
12416,1045,336
12417,1046,338
12418,1046,340
12419,1047,342
12420,1047,344
12421,1046,347
12422,1047,349
12423,1047,352
12424,1046,355
12425,1045,357
12426,1045,361
12427,1044,363
12428,1044,367
12429,1043,371
12430,1043,375
12431,1040,375
12432,1037,374
12433,1033,373
12434,1031,373
12435,1027,373
12436,1025,374
12437,1022,374
12438,1020,374
12439,1017,375
12440,1016,376
12441,1013,376
12442,1011,378
12443,1009,379
12444,1006,380
12445,1006,382
12446,1003,384
12447,1001,385
12448,998,387
12449,996,389
12450,993,391
12451,990,393
12452,988,395
12453,989,394
12454,985,395
12455,981,395
12456,979,396
12457,977,396
12458,974,397
12459,972,397
12460,970,398
12461,967,398
12462,965,399
12463,962,399
12464,960,400
12466,956,405
12467,954,406
12468,953,408
12469,951,410
12470,948,411
12471,945,411
12472,943,411
12473,940,411
12474,938,411
12475,935,412
12476,933,412
12477,930,413
12478,928,413
12479,925,413
12480,924,415
12481,923,416
12482,921,418
12483,918,419
12484,917,420
12485,915,421
12486,912,421
12487,911,422
12488,909,422
12489,908,423
12490,905,422
12491,904,423
12492,901,424
12493,900,425
12494,900,426
12495,898,427
12496,897,427
12497,895,427
12498,894,428
12499,894,429
12500,894,430
12501,892,430
12502,890,430
12503,890,430
12504,888,431
12505,888,432
12506,887,432
12507,887,433
12508,886,434
12509,884,434
12510,884,435
12511,883,436
12512,883,437
12513,882,437
12514,882,437
12515,881,438
12516,879,439
12517,879,439
12518,878,440
12519,878,441
12520,877,441
12521,875,441
12522,875,441
12523,874,442
12524,874,443
12525,873,443
12526,871,443
12527,871,443
12528,870,444
12529,870,445
12530,869,445
12531,869,446
12532,868,446
12533,866,445
12534,866,446
12535,865,447
12536,865,448
12537,864,448
12538,864,449
12539,863,449
12540,863,449
12541,862,449
12542,862,450
12543,861,451
12544,861,452
12545,860,451
12546,860,452
12547,858,452
12548,859,453
12549,857,453
12550,857,454
12551,856,454
12552,856,454
12553,855,455
12554,855,455
12555,854,455
12556,851,455
12557,860,454
12558,875,454
12559,891,454
12560,905,454
12561,916,452
12562,926,451
12563,935,451
12564,944,451
12565,952,451
12566,959,451
12567,965,452
12568,971,452
12569,976,453
12570,980,453
12571,984,453
12572,986,453
12573,989,453
12574,991,453
12575,993,452
12576,994,452
12577,995,452
12578,998,452
12579,998,452
12580,998,453
12581,1000,454
12582,1000,455
12583,1000,455
12584,999,455
12585,1000,455
12586,999,455
12587,997,456
12588,998,456
12589,996,456
12590,995,456
12591,995,456
12592,1003,457
12593,1010,457
12594,1019,457
12595,1028,457
12596,1036,457
12597,1043,457
12598,1052,457
12599,1059,457
12600,1068,458
12601,1075,458
12602,1082,458
12603,1090,458
12604,1097,457
12605,1105,458
12606,1112,458
12607,1118,457
12608,1126,457
12609,1133,458
12610,1141,458
12611,1147,458
12612,1154,458
12613,1160,458
12614,1167,458
12615,1173,458
12616,1180,458
12617,1186,457
12618,1192,457
12619,1198,456
12620,1204,456
12621,1210,455
12622,1216,454
12623,1222,454
12624,1228,453
12625,1234,453
12627,1139,437
12628,1136,436
12629,1133,435
12630,1130,434
12631,1127,433
12632,1125,432
12633,1123,432
12634,1120,431
12635,1118,431
12636,1115,429
12637,1115,429
12638,1112,430
12639,1109,428
12640,1108,429
12641,1106,429
12642,1106,430
12643,1103,430
12644,1101,431
12645,1101,432
12646,1099,432
12647,1100,431
12648,1102,430
12649,1101,428
12650,1100,427
12651,1102,426
12652,1101,425
12653,1100,424
12654,1102,424
12655,1101,423
12656,1099,424
12657,1099,424
12658,1098,424
12659,1097,424
12660,1096,424
12661,1083,418
12662,1071,414
12663,1056,411
12664,1042,406
12665,1028,402
12666,1014,398
12667,1002,395
12668,990,392
12669,979,389
12670,967,385
12671,954,381
12672,946,379
12673,936,377
12674,925,373
12675,916,371
12676,907,368
12677,898,366
12678,887,363
12679,878,360
12680,870,358
12681,862,356
12682,853,353
12683,845,351
12684,836,349
12685,828,347
12686,820,345
12687,812,343
12688,803,340
12689,796,339
12690,788,336
12691,781,335
12692,774,333
12693,766,331
12694,760,329
12695,751,327
12696,743,326
12697,735,324
12698,730,323
12699,723,321
12700,715,319
12701,709,319
12702,701,317
12703,695,316
12704,689,315
12705,682,314
12706,674,313
12707,668,312
12708,664,311
12709,661,309
12710,660,308
12711,661,308
12712,662,307
12713,662,306
12714,664,305
12715,664,305
12716,664,304
12717,666,304
12718,666,302
12719,666,301
12720,668,300
12721,671,298
12722,672,296
12723,673,293
12724,675,291
12725,676,289
12726,679,288
12727,679,286
12728,680,284
12729,683,283
12730,683,282
12731,686,281
12732,687,280
12733,687,279
12734,689,278
12735,690,277
12736,692,275
12737,695,273
12738,696,272
12739,697,270
12740,700,269
12741,701,268
12742,701,267
12743,703,267
12744,706,265
12745,709,264
12746,710,263
12747,712,261
12748,713,260
12749,715,259
12750,716,258
12751,718,257
12752,721,257
12753,722,255
12754,729,254
12755,737,254
12756,746,254
12757,754,253
12758,761,252
12759,766,253
12760,773,253
12761,780,253
12762,785,253
12763,790,252
12764,796,252
12765,801,252
12766,805,252
12767,811,252
12768,814,252
12769,818,252
12770,823,252
12771,826,252
12772,829,251
12773,834,251
12774,838,251
12775,842,251
12776,842,251
12777,844,251
12778,848,251
12779,851,251
12780,856,252
12781,857,252
12782,858,252
12783,859,252
12784,857,254
12785,852,257
12786,847,259
12787,843,262
12788,838,264
12789,835,266
12790,832,269
12791,828,271
12792,826,274
12793,823,276
12794,822,280
12795,819,282
12796,818,285
12797,817,288
12798,815,291
12799,813,293
12800,812,296
12801,812,299
12802,812,300
12803,811,302
12804,811,304
12805,810,306
12806,810,308
12807,809,310
12808,810,313
12809,809,315
12810,810,317
12811,809,318
12812,810,320
12813,812,322
12814,811,324
12815,811,325
12816,812,327
12817,814,330
12818,814,331
12819,815,333
12820,815,334
12821,816,336
12822,816,338
12823,817,340
12824,819,341
12825,819,343
12826,820,344
12827,820,345
12828,821,347
12829,823,348
12830,823,350
12831,825,351
12832,825,352
12833,827,354
12834,827,355
12835,827,356
12836,828,358
12837,830,359
12838,830,361
12839,832,363
12840,833,363
12841,839,364
12842,847,368
12843,856,372
12844,863,375
12845,869,378
12846,875,381
12847,880,384
12848,885,388
12849,889,391
12850,893,394
12851,896,396
12852,899,398
12853,901,399
12854,903,401
12855,905,402
12856,908,404
12857,910,406
12858,912,407
12859,914,409
12860,917,411
12861,915,415
12862,916,417
12863,917,420
12864,918,424
12865,918,426
12866,918,429
12867,919,433
12868,919,436
12869,918,439
12870,919,443
12871,919,446
12872,920,450
12873,919,451
12874,918,452
12875,919,453
12876,918,454
12877,918,456
12878,917,458
12879,917,460
12880,916,461
12881,916,463
12882,915,466
12883,915,469
12884,914,470
12885,914,473
12886,913,476
12887,913,479
12888,912,480
12889,912,481
12890,911,481
12891,911,483
12892,910,484
12893,910,486
12894,909,487
12895,909,489
12896,908,490
12897,908,492
12898,907,495
12899,907,497
12900,906,499
12901,906,500
12902,905,500
12903,904,501
12904,904,502
12905,905,504
12906,904,505
12907,904,506
12908,903,507
12909,903,509
12910,902,511
12911,902,513
12912,901,514
12913,902,516
12914,901,517
12915,900,518
12916,901,519
12917,900,520
12918,899,522
12919,900,524
12920,899,524
12921,900,526
12922,899,526
12923,898,527
12924,899,528
12925,898,529
12926,899,531
12927,898,531
12928,899,533
12929,898,533
12930,898,534
12931,897,534
12932,898,536
12933,897,535
12934,896,535
12935,894,536
12936,893,536
12937,892,536
12938,891,536
12939,890,536
12940,889,536
12941,887,537
12942,886,537
12947,897,541
12948,897,541
12949,895,538
12950,895,540
12951,893,539
12952,893,540
12953,884,538
12954,871,537
12955,855,535
12956,841,533
12957,829,533
12958,819,532
12959,809,532
12960,800,531
12961,792,531
12962,783,530
12963,777,530
12964,771,530
12965,765,530
12966,760,531
12967,754,531
12968,751,532
12969,747,533
12970,743,533
12971,740,535
12972,738,536
12973,735,537
12974,733,539
12975,732,539
12976,732,539
12977,731,539
12978,731,539
12979,730,539
12980,730,540
12981,729,539
12982,730,541
12983,730,542
12984,731,543
12985,731,542
12986,733,543
12987,733,542
12988,735,543
12989,735,544
12990,737,545
12991,739,545
12992,740,545
12993,740,546
12994,742,546
12995,743,547
12996,745,547
12997,746,546
12998,749,547
12999,750,547
13000,753,547
13001,754,548
13002,756,548
13003,757,548
13004,759,548
13005,760,548
13006,762,549
13007,765,549
13008,766,549
13009,769,550
13010,770,550
13011,772,551
13012,773,550
13013,775,549
13014,774,546
13015,774,544
13016,776,540
13017,776,537
13018,777,535
13019,777,533
13020,776,530
13021,778,529
13022,779,528
13023,779,526
13024,780,525
13025,780,525
13026,781,525
13027,781,525
13028,780,524
13029,781,525
13030,780,524
13031,781,525
13032,780,526
13033,780,526
13034,781,527
13035,781,526
13036,783,525
13037,784,524
13038,786,524
13039,786,523
13040,786,522
13041,788,522
13042,789,522
13043,789,523
13044,791,523
13045,791,523
13046,790,524
13047,791,525
13048,792,525
13049,793,526
13050,794,525
13051,796,525
13052,797,524
13053,799,524
13054,799,524
13055,801,524
13056,801,524
13057,801,525
13058,803,525
13059,803,525
13060,803,525
13061,805,526
13062,805,526
13063,806,526
13064,807,526
13065,807,525
13066,809,526
13067,809,526
13068,810,526
13069,810,526
13070,811,527
13071,811,526
13072,812,526
13073,812,526
13074,813,526
13075,813,526
13076,814,526
13077,814,526
13078,813,526
13079,814,526
13080,814,526
13081,816,525
13082,815,525
13083,816,525
13084,816,526
13085,817,526
13086,817,526
13087,818,526
13088,818,526
13089,819,527
13090,819,526
13091,818,525
13092,819,525
13093,821,525
13094,820,525
13095,820,524
13096,821,524
13097,821,525
13098,822,525
13099,822,525
13100,821,526
13101,822,526
13102,822,526
13103,823,525
13104,825,526
13105,827,530
13106,830,534
13107,833,537
13108,835,540
13109,839,543
13110,841,545
13111,845,548
13112,847,550
13113,849,552
13114,852,554
13115,854,555
13116,857,557
13117,859,558
13118,860,560
13119,863,561
13120,865,562
13121,866,563
13122,867,564
13123,870,565
13124,871,566
13125,874,567
13126,875,567
13127,876,568
13128,879,569
13129,880,569
13130,881,569
13131,884,570
13132,885,570
13133,887,571
13134,888,571
13135,890,572
13136,891,572
13137,893,573
13138,894,573
13139,896,573
13140,897,573
13141,899,574
13142,900,573
13143,902,574
13144,903,574
13145,906,574
13146,907,574
13147,909,574
13148,910,574
13149,912,574
13150,913,574
13151,915,574
13152,916,574
13153,919,575
13154,920,574
13155,922,574
13156,923,575
13157,926,575
13158,927,574
13159,929,574
13160,930,574
13161,932,574
13162,933,573
13163,936,573
13164,937,574
13165,938,573
13166,941,574
13167,942,573
13168,943,574
13169,946,574
13170,950,575
13171,953,576
13172,957,577
13173,960,579
13174,962,580
13175,966,582
13176,968,583
13177,970,583
13178,973,584
13179,975,585
13180,976,585
13181,979,586
13182,981,587
13183,982,587
13184,984,587
13185,987,588
13186,988,588
13187,989,589
13188,991,589
13189,992,589
13190,995,590
13191,995,589
13192,996,590
13193,999,590
13194,1000,590
13195,1002,590
13196,1003,590
13197,1005,590
13198,1006,590
13199,1008,591
13200,1006,591
13201,1000,594
13202,991,598
13203,983,601
13204,974,605
13205,968,608
13206,960,610
13207,955,613
13208,950,617
13209,944,619
13210,940,623
13211,936,626
13212,931,629
13213,928,631
13214,926,632
13215,924,633
13216,921,633
13217,919,635
13218,916,635
13219,915,637
13220,913,638
13221,913,640
13222,912,643
13223,910,644
13224,908,646
13225,908,649
13226,906,651
13227,906,652
13228,907,652
13229,907,651
13230,908,652
13231,908,653
13232,907,652
13233,908,654
13234,908,654
13235,910,656
13236,909,656
13237,910,658
13238,909,660
13239,910,662
13240,910,662
13241,911,662
13242,911,661
13243,913,661
13244,914,661
13245,914,661
13246,916,662
13247,916,663
13248,917,664
13249,917,664
13250,918,666
13251,918,667
13252,919,669
13253,920,668
13254,922,668
13255,922,667
13256,924,668
13257,925,668
13258,927,669
13259,927,668
13260,930,669
13261,931,669
13262,933,670
13263,935,670
13264,936,671
13265,938,671
13266,940,671
13267,941,672
13268,943,672
13269,963,660
13270,967,659
13271,971,658
13272,976,656
13273,980,655
13274,984,653
13275,988,652
13276,993,651
13277,997,649
13279,946,697
13280,948,698
13281,950,699
13282,954,700
13283,957,700
13284,962,703
13285,965,703
13286,969,706
13287,972,707
13288,974,709
13289,979,710
13290,981,711
13291,985,713
13292,987,714
13293,991,716
13294,993,717
13295,996,717
13296,998,719
13297,1000,720
13298,1002,721
13299,1004,722
13300,1006,724
13301,1019,722
13302,1026,723
13303,1034,723
13304,1044,721
13305,1050,720
13306,1056,719
13307,1063,719
13308,1069,718
13309,1074,717
13310,1079,715
13311,1085,716
13312,1089,715
13313,1093,714
13314,1098,714
13315,1101,713
13316,1103,712
13317,1108,712
13318,1110,710
13319,1112,710
13320,1116,710
13321,1118,709
13322,1120,708
13323,1123,708
13324,1125,707
13325,1128,707
13326,1129,706
13327,1129,706
13328,1132,706
13329,1132,705
13330,1135,705
13331,1136,704
13332,1139,704
13333,1140,703
13334,1142,703
13335,1143,704
13336,1144,705
13337,1145,706
13338,1146,706
13339,1147,707
13340,1144,693
13341,1140,687
13342,1137,682
13343,1135,678
13344,1132,674
13345,1130,670
13346,1127,666
13347,1125,662
13348,1128,657
13349,1134,652
13350,1140,648
13351,1144,643
13352,1147,640
13353,1150,635
13354,1154,632
13355,1156,627
13356,1158,624
13357,1161,620
13358,1163,615
13359,1163,612
13360,1165,609
13361,1166,604
13362,1166,601
13363,1168,598
13364,1168,593
13365,1167,590
13366,1168,587
13367,1168,583
13368,1167,581
13369,1168,580
13370,1168,579
13371,1169,579
13372,1168,578
13373,1167,577
13374,1168,577
13375,1167,576
13376,1166,576
13377,1167,576
13378,1166,575
13379,1166,575
13380,1165,575
13381,1165,575
13382,1164,574
13383,1164,574
13384,1163,573
13385,1163,574
13386,1162,574
13387,1162,573
13388,1161,573
13389,1161,573
13390,1160,573
13391,1158,572
13392,1158,572
13393,1157,573
13394,1158,573
13395,1156,572
13396,1155,572
13397,1155,572
13398,1154,572
13399,1154,572
13400,1153,572
13401,1153,572
13402,1152,572
13403,1152,572
13404,1151,572
13405,1149,572
13406,1149,572
13407,1148,572
13408,1148,572
13409,1147,572
13410,1145,572
13411,1146,572
13412,1146,573
13413,1145,573
13414,1143,572
13415,1143,573
13416,1142,572
13417,1142,573
13418,1141,572
13419,1140,573
13420,1141,573
13421,1140,573
13422,1140,573
13423,1139,573
13424,1139,573
13425,1138,573
13426,1138,573
13427,1137,573
13428,1137,573
13429,1136,573
13430,1136,573
13431,1135,573
13432,1136,573
13433,1135,573
13434,1135,573
13435,1134,574
13436,1134,574
13437,1133,573
13438,1134,573
13439,1133,574
13440,1134,573
13441,1135,573
13442,1135,573
13443,1136,573
13444,1136,573
13445,1137,574
13446,1137,574
13447,1139,573
13448,1139,573
13449,1141,573
13450,1141,573
13451,1141,573
13452,1143,573
13453,1144,573
13454,1144,573
13455,1145,574
13456,1145,573
13457,1146,573
13458,1146,573
13459,1147,573
13460,1147,573
13461,1148,573
13462,1148,573
13463,1149,573
13464,1149,573
13465,1150,573
13466,1150,574
13467,1151,574
13468,1150,573
13469,1152,574
13470,1153,575
13471,1154,574
13472,1153,574
13473,1155,574
13474,1155,574
13475,1156,574
13476,1157,574
13477,1134,570
13478,1130,569
13479,1126,569
13480,1121,568
13481,1118,568
13482,1116,567
13483,1112,566
13484,1110,566
13485,1108,566
13486,1105,565
13487,1104,565
13488,1101,565
13489,1100,564
13490,1098,564
13491,1098,563
13492,1098,563
13493,1097,562
13494,1097,562
13495,1096,562
13496,1096,562
13497,1095,562
13498,1095,562
13499,1096,562
13500,1097,562
13501,1096,561
13502,1096,561
13503,1096,562
13504,1097,562
13505,1097,561
13506,1098,561
13507,1098,561
13508,1099,562
13509,1099,561
13510,1100,561
13511,1100,561
13512,1101,562
13513,1101,561
13514,1103,562
13515,1103,562
13516,1103,563
13517,1105,562
13518,1105,562
13519,1107,562
13520,1107,562
13521,1108,562
13522,1108,562
13523,1109,562
13524,1109,562
13525,1110,562
13526,1110,562
13527,1111,562
13528,1111,562
13529,1112,563
13530,1112,562
13531,1113,562
13532,1113,562
13533,1114,563
13534,1114,562
13535,1115,562
13536,1115,562
13537,1116,563
13538,1116,562
13539,1117,563
13540,1117,562
13541,1118,563
13542,1118,562
13543,1119,563
13544,1119,562
13545,1118,563
13546,1119,563
13547,1119,562
13548,1120,563
13549,1120,562
13550,1121,563
13551,1121,562
13552,1120,563
13553,1122,563
13554,1121,562
13555,1122,563
13556,1122,562
13557,1123,563
13558,1123,562
13559,1122,562
13560,1124,560
13561,1130,555
13562,1135,551
13563,1139,547
13564,1143,543
13565,1157,533
13566,1160,528
13567,1163,524
13568,1168,520
13569,1171,516
13570,1173,513
13571,1175,509
13572,1177,507
13573,1180,504
13574,1182,502
13575,1183,499
13576,1186,497
13577,1187,495
13578,1187,494
13579,1189,492
13580,1190,491
13581,1190,489
13582,1191,488
13583,1191,486
13584,1192,485
13585,1192,483
13586,1191,483
13587,1192,482
13588,1192,481
13589,1191,480
13590,1192,479
13591,1191,478
13592,1190,478
13593,1191,477
13594,1190,476
13595,1189,475
13596,1190,474
13597,1189,474
13598,1188,473
13599,1188,473
13600,1187,473
13601,1187,472
13602,1186,472
13603,1187,472
13604,1185,472
13605,1184,471
13606,1184,471
13607,1183,471
13608,1183,471
13609,1182,471
13610,1180,470
13611,1181,470
13612,1179,470
13613,1179,470
13614,1178,470
13615,1178,470
13616,1177,470
13617,1177,470
13618,1176,469
13619,1174,469
13620,1174,469
13621,1173,469
13622,1173,469
13623,1172,469
13624,1170,468
13625,1170,468
13626,1169,469
13627,1169,469
13628,1168,469
13629,1166,469
13630,1166,471
13631,1169,477
13632,1171,484
13633,1174,491
13634,1176,495
13635,1177,499
13636,1178,503
13637,1181,507
13638,1182,510
13639,1183,513
13640,1185,517
13641,1186,519
13642,1186,522
13643,1188,525
13644,1188,528
13645,1190,531
13646,1191,534
13647,1191,536
13648,1192,538
13649,1192,541
13650,1193,543
13651,1193,545
13652,1194,548
13653,1195,553
13654,1194,554
13655,1193,554
13656,1193,555
13657,1194,556
13658,1193,557
13659,1193,558
13660,1192,558
13661,1191,560
13662,1192,561
13663,1193,563
13664,1192,564
13665,1191,564
13666,1189,564
13667,1189,565
13668,1188,565
13669,1188,566
13670,1187,566
13671,1187,568
13672,1186,568
13673,1185,568
13674,1184,569
13675,1183,569
13676,1178,568
13677,1168,566
13678,1158,564
13679,1148,562
13680,1141,561
13681,1134,559
13682,1128,558
13683,1121,556
13684,1116,556
13685,1111,555
13686,1108,554
13687,1103,552
13688,1101,552
13689,1098,551
13690,1095,550
13691,1093,550
13692,1090,549
13693,1090,548
13694,1089,548
13695,1087,547
13696,1086,547
13697,1086,547
13698,1085,546
13699,1084,546
13700,1083,546
13701,1084,545
13702,1083,545
13703,1084,545
13704,1083,544
13705,1084,544
13706,1083,544
13707,1084,544
13708,1084,543
13709,1085,543
13710,1084,543
13711,1085,543
13712,1085,543
13713,1086,543
13714,1085,543
13715,1082,545
13716,1075,549
13717,1067,553
13718,1061,557
13719,1054,560
13720,1049,563
13721,1045,567
13722,1042,570
13723,1037,572
13724,1034,576
13725,1031,579
13726,1030,580
13727,1028,580
13728,1028,581
13729,1026,582
13730,1026,582
13731,1025,582
13732,1025,584
13733,1024,584
13734,1024,586
13735,1025,588
13736,1025,589
13737,1025,591
13738,1024,592
13739,1025,594
13740,1025,596
13741,1026,599
13742,1026,601
13743,1028,604
13744,1027,606
13745,1029,610
13746,1029,611
13747,1032,610
13748,1033,609
13749,1034,609
13750,1036,609
13751,1037,608
13752,1037,609
13753,1039,610
13754,1040,610
13755,1040,610
13756,1042,612
13757,1042,612
13758,1043,613
13759,1044,615
13760,1044,617
13761,1045,619
13762,1046,621
13763,1046,621
13764,1049,621
13765,1049,620
13766,1052,620
13767,1053,620
13768,1055,621
13769,1058,620
13770,1061,619
13771,1064,618
13772,1066,617
13773,1069,617
13774,1072,616
13775,1075,615
13776,1077,615
13777,1080,614
13779,1067,546
13780,1066,542
13781,1068,537
13782,1068,534
13783,1067,531
13784,1068,528
13785,1068,525
13786,1067,523
13787,1068,521
13788,1067,519
13789,1068,516
13790,1068,514
13791,1069,511
13792,1068,509
13793,1069,508
13794,1068,506
13795,1068,504
13796,1067,503
13797,1068,502
13798,1068,501
13799,1069,500
13800,1067,500
13801,1070,499
13802,1068,498
13803,1066,496
13804,1067,495
13805,1068,495
13806,1067,494
13807,1068,494
13808,1068,494
13809,1068,494
13810,1067,494
13811,1068,494
13812,1067,493
13813,1068,492
13814,1069,492
13815,1068,492
13816,1069,492
13817,1068,491
13818,1069,491
13819,1070,491
13820,1070,491
13821,1070,491
13822,1070,491
13823,1071,491
13824,1071,491
13825,1070,490
13826,1071,490
13827,1073,490
13828,1072,490
13829,1073,490
13830,1073,490
13831,1074,490
13832,1073,490
13833,1074,490
13834,1074,490
13835,1075,490
13836,1075,490
13837,1076,490
13838,1076,489
13839,1078,489
13840,1077,490
13841,1076,492
13842,1078,493
13843,1077,494
13844,1079,494
13845,1078,495
13846,1080,496
13847,1080,497
13848,1079,497
13849,1081,498
13850,1081,499
13851,1083,499
13852,1083,500
13853,1083,500
13854,1084,500
13855,1084,501
13856,1086,502
13857,1087,503
13858,1090,504
13859,1094,507
13860,1096,508
13861,1100,510
13862,1101,512
13863,1101,513
13864,1105,514
13865,1106,516
13866,1106,518
13867,1109,519
13868,1109,520
13869,1110,522
13870,1112,524
13871,1113,526
13872,1113,527
13873,1114,529
13874,1110,532
13875,1104,534
13876,1099,538
13877,1093,541
13878,1090,544
13879,1085,546
13880,1083,548
13881,1079,549
13882,1077,552
13883,1074,555
13884,1073,556
13885,1072,558
13886,1070,559
13887,1069,561
13888,1067,562
13889,1067,564
13890,1065,564
13891,1065,565
13892,1064,566
13893,1064,568
13894,1066,569
13895,1066,571
13896,1067,572
13897,1067,573
13898,1068,575
13899,1064,572
13900,1062,573
13901,1063,574
13902,1063,576
13903,1063,575
13904,1066,575
13905,1065,576
13906,1067,577
13907,1067,577
13908,1066,578
13909,1066,578
13910,1068,578
13911,1069,579
13912,1068,578
13913,1071,578
13914,1074,577
13915,1075,575
13916,1076,574
13917,1079,573
13918,1079,572
13919,1080,572
13920,1080,572
13921,1083,572
13922,1083,571
13923,1084,571
13924,1086,571
13925,1087,570
13926,1089,570
13927,1090,569
13928,1090,569
13929,1092,569
13930,1092,568
13931,1092,568
13932,1090,567
13933,1085,565
13934,1081,564
13935,1076,561
13936,1073,560
13937,1069,559
13938,1066,558
13939,1062,556
13940,1059,555
13941,1057,555
13942,1053,553
13943,1051,553
13944,1047,552
13945,1045,552
13946,1042,551
13947,1039,551
13948,1038,550
13949,1034,549
13950,1033,548
13951,1031,548
13952,1029,548
13953,1027,548
13954,1024,547
13955,1023,547
13956,1020,546
13957,1019,547
13958,1017,546
13959,1016,546
13960,1014,546
13961,1013,546
13962,1011,545
13963,1010,546
13964,1008,545
13965,1007,546
13966,1005,545
13967,1004,545
13968,1002,545
13969,1002,544
13970,1005,544
13971,1009,545
13972,1014,545
13973,1018,545
13974,1021,545
13975,1023,545
13976,1025,545
13977,1028,545
13978,1034,544
13979,1036,544
13980,1038,545
13981,1041,545
13982,1043,545
13983,1044,545
13984,1045,546
13985,1047,546
13986,1043,542
13987,1043,541
13988,1041,537
13989,1039,535
13990,1035,537
13991,1032,537
13992,1030,537
13993,1027,536
13994,1024,533
13995,1021,533
13996,1020,533
13997,1018,533
13998,1016,532
13999,1016,532
14000,1013,532
14001,1011,532
14002,1011,531
14003,1008,531
14004,1008,531
14005,1005,531
14006,1005,530
14007,1003,529
14008,1003,530
14009,1001,529
14010,1001,530
14011,1000,530
14012,998,529
14013,998,529
14014,997,530
14015,995,529
14016,995,529
14017,994,530
14018,994,530
14019,993,529
14020,992,530
14021,992,530
14022,991,530
14023,992,530
14024,991,530
14025,994,531
14026,1001,531
14027,1009,533
14028,1018,534
14029,1024,535
14030,1030,534
14031,1038,536
14032,1044,536
14033,1049,536
14034,1056,538
14035,1061,538
14036,1066,538
14037,1072,539
14038,1077,539
14039,1081,539
14040,1087,540
14041,1091,540
14042,1094,541
14043,1099,541
14044,1103,541
14045,1106,542
14046,1111,542
14047,1115,542
14048,1118,542
14049,1121,543
14050,1126,543
14051,1129,543
14052,1131,543
14053,1135,543
14054,1138,544
14055,1140,543
14056,1143,543
14057,1147,544
14058,1149,544
14059,1152,544
14060,1155,544
14061,1156,544
14062,1160,545
14063,1163,545
14064,1163,544
14065,1166,545
14066,1168,545
14067,1170,545
14068,1172,545
14069,1175,545
14070,1176,545
14071,1177,544
14072,1180,545
14073,1181,545
14074,1182,545
14075,1185,545
14076,1186,545
14077,1187,545
14078,1187,545
14079,1186,545
14080,1184,545
14081,1184,545
14082,1183,545
14083,1183,545
14084,1182,545
14085,1182,545
14086,1181,545
14087,1181,545
14088,1179,545
14089,1179,545
14090,1178,545
14091,1178,545
14092,1177,545
14093,1177,545
14094,1176,545
14095,1174,544
14096,1174,545
14097,1173,544
14098,1173,545
14099,1172,544
14100,1172,544
14101,1171,544
14102,1170,544
14103,1170,545
14104,1169,544
14105,1170,544
14106,1169,544
14107,1169,545
14108,1168,544
14109,1168,544
14110,1167,544
14111,1167,544
14112,1166,544
14113,1166,544
14114,1165,544
14115,1165,544
14116,1164,544
14117,1164,544
14118,1163,544
14119,1163,544
14120,1162,544
14121,1162,544
14122,1161,544
14123,1162,544
14124,1161,544
14125,1162,544
14126,1162,541
14127,1162,540
14128,1165,540
14129,1167,539
14130,1168,539
14131,1168,539
14132,1168,537
14133,1169,536
14134,1169,536
14135,1170,536
14136,1170,535
14137,1171,535
14138,1171,534
14139,1171,534
14140,1170,533
14141,1171,533
14142,1169,533
14143,1170,534
14144,1170,532
14145,1170,532
14146,1169,533
14147,1169,532
14148,1170,532
14149,1170,532
14150,1171,532
14151,1171,532
14152,1171,532
14153,1172,532
14154,1172,532
14155,1172,532
14156,1173,532
14159,1100,487
14160,1096,485
14161,1091,482
14162,1088,479
14163,1084,476
14164,1082,474
14165,1078,471
14166,1076,470
14167,1073,468
14168,1071,466
14169,1068,465
14170,1067,464
14171,1064,464
14172,1063,463
14173,1061,463
14174,1061,462
14175,1060,459
14176,1060,458
14177,1059,457
14178,1059,456
14179,1058,455
14180,1058,454
14181,1057,452
14182,1058,452
14183,1057,452
14184,1058,453
14185,1057,452
14186,1058,451
14187,1057,451
14188,1056,452
14189,1060,455
14190,1065,460
14191,1071,465
14192,1075,470
14193,1079,473
14194,1084,478
14195,1088,483
14196,1091,486
14197,1094,490
14198,1096,492
14199,1101,494
14200,1102,495
14201,1104,497
14202,1110,495
14203,1116,497
14204,1125,499
14205,1130,500
14206,1136,502
14207,1142,503
14208,1146,504
14209,1150,504
14210,1153,504
14211,1155,504
14212,1157,505
14213,1161,506
14214,1163,506
14215,1164,506
14216,1167,507
14217,1169,508
14218,1169,508
14219,1170,508
14220,1172,509
14221,1172,509
14222,1172,510
14223,1173,510
14224,1173,510
14225,1174,511
14226,1174,511
14227,1173,510
14228,1174,511
14229,1173,511
14230,1172,511
14231,1173,511
14232,1172,511
14233,1171,511
14234,1171,512
14235,1170,511
14236,1171,511
14237,1170,512
14238,1168,511
14239,1168,511
14240,1167,512
14241,1167,512
14242,1166,511
14243,1166,511
14244,1165,512
14245,1165,512
14246,1164,511
14247,1164,511
14248,1163,512
14249,1161,511
14250,1162,511
14251,1160,510
14252,1161,510
14253,1160,511
14254,1161,511
14255,1160,510
14256,1160,510
14257,1159,510
14258,1159,509
14259,1158,509
14260,1158,508
14261,1158,508
14262,1157,508
14263,1157,507
14271,1147,510
14272,1148,511
14273,1145,511
14274,1144,510
14275,1143,511
14276,1141,511
14277,1140,511
14278,1138,511
14279,1137,511
14280,1135,510
14281,1134,510
14282,1131,510
14283,1130,511
14284,1127,510
14285,1126,510
14286,1124,510
14287,1123,510
14288,1121,510
14289,1120,510
14290,1118,510
14291,1117,510
14292,1126,506
14293,1139,501
14294,1152,497
14295,1163,492
14296,1173,489
14297,1183,486
14298,1192,483
14299,1200,481
14300,1207,478
14301,1213,476
14302,1219,473
14303,1224,471
14304,1229,469
14305,1233,468
14306,1237,466
14307,1240,463
14308,1245,462
14309,1248,460
14310,1250,458
14311,1253,457
14312,1255,454
14313,1256,453
14314,1258,451
14315,1260,450
14316,1261,449
14317,1263,448
14318,1264,447
14319,1264,445
14320,1264,444
14321,1266,444
14322,1266,443
14323,1266,442
14324,1266,442
14325,1267,442
14326,1267,442
14327,1266,441
14328,1267,441
14329,1267,440
14330,1266,439
14331,1264,436
14332,1264,435
14333,1263,433
14334,1262,432
14335,1260,430
14336,1258,428
14337,1258,427
14338,1256,427
14339,1256,426
14340,1255,425
14341,1255,425
14342,1254,425
14343,1252,423
14344,1249,421
14345,1248,420
14346,1246,419
14347,1243,417
14348,1242,416
14349,1239,416
14350,1238,416
14351,1236,415
14352,1235,415
14353,1232,414
14354,1229,412
14355,1227,411
14356,1224,410
14357,1222,410
14358,1219,408
14359,1218,408
14360,1215,408
14361,1214,408
14362,1212,407
14363,1209,406
14364,1208,405
14365,1205,404
14366,1204,404
14367,1201,403
14368,1197,401
14369,1196,400
14370,1194,399
14371,1191,399
14372,1185,397
14373,1170,394
14374,1151,390
14375,1136,386
14376,1122,383
14377,1110,380
14378,1098,376
14379,1088,373
14380,1079,370
14381,1071,367
14382,1064,364
14383,1058,361
14384,1052,358
14385,1047,355
14386,1040,352
14387,1036,349
14388,1033,346
14389,1031,343
14390,1027,339
14391,1025,337
14392,1023,334
14393,1020,331
14394,1019,329
14395,1018,326
14396,1016,324
14397,1015,322
14398,1013,320
14399,1013,318
14400,1011,316
14401,1011,314
14402,1011,312
14403,1010,309
14404,1011,307
14405,1010,305
14406,1011,302
14407,1011,300
14408,1010,298
14409,1011,297
14410,1011,294
14411,1012,293
14412,1012,291
14413,1013,288
14414,1012,286
14415,1014,284
14416,1014,283
14417,1015,281
14418,1015,280
14419,1016,278
14420,1016,276
14421,1017,274
14422,1019,273
14423,1019,271
14424,1018,269
14425,1019,268
14426,1021,266
14427,1021,265
14428,1021,262
14429,1021,261
14430,1023,260
14431,1023,258
14432,1025,256
14433,1025,254
14434,1025,253
14435,1025,252
14436,1027,251
14437,1032,251
14438,1040,251
14439,1045,251
14440,1052,251
14441,1056,251
14442,1059,251
14443,1062,251
14444,1065,251
14445,1069,252
14446,1072,252
14447,1073,252
14448,1074,253
14449,1077,253
14450,1078,254
14451,1079,254
14452,1081,256
14453,1081,257
14454,1081,258
14455,1082,259
14456,1082,260
14457,1083,261
14458,1083,262
14459,1082,265
14460,1083,266
14461,1082,268
14462,1081,269
14463,1080,270
14464,1079,269
14465,1077,268
14466,1075,268
14467,1074,267
14468,1072,267
14469,1071,267
14470,1069,266
14471,1068,266
14472,1066,266
14473,1065,266
14474,1063,267
14475,1062,267
14476,1060,267
14477,1058,268
14478,1058,269
14479,1056,269
14480,1054,269
14481,1054,270
14482,1052,272
14483,1052,273
14484,1049,272
14485,1047,271
14486,1044,270
14487,1043,270
14488,1041,269
14489,1040,270
14490,1038,269
14491,1036,269
14492,1034,269
14493,1034,270
14494,1032,270
14495,1030,270
14496,1030,272
14497,1028,273
14498,1028,273
14499,1026,273
14500,1025,272
14501,1023,272
14502,1022,272
14503,1022,272
14504,1020,272
14505,1019,272
14506,1017,273
14507,1016,273
14508,1014,273
14509,1014,273
14510,1012,272
14511,1012,273
14512,1010,273
14513,1008,273
14514,1008,273
14515,1006,273
14516,1004,273
14517,1004,273
14518,1003,273
14519,1001,273
14520,999,273
14521,999,273
14522,999,273
14523,997,273
14524,996,273
14525,994,273
14526,993,273
14527,993,273
14528,991,273
14529,990,273
14530,988,273
14531,987,273
14532,988,272
14533,995,269
14534,1005,266
14535,1016,261
14536,1025,258
14537,1033,254
14538,1041,252
14539,1049,249
14540,1055,246
14541,1061,244
14542,1066,241
14543,1071,239
14544,1075,237
14545,1079,235
14546,1083,234
14547,1088,233
14548,1091,231
14549,1093,229
14550,1097,228
14551,1099,228
14552,1102,227
14553,1103,226
14554,1106,225
14555,1107,225
14556,1108,225
14557,1110,225
14558,1111,225
14559,1113,225
14560,1114,225
14561,1116,226
14562,1116,227
14563,1116,228
14564,1118,228
14565,1118,229
14566,1118,230
14567,1120,232
14568,1120,233
14569,1121,234
14570,1121,236
14571,1119,236
14572,1117,234
14573,1116,232
14574,1114,229
14575,1112,228
14576,1109,227
14577,1108,225
14578,1108,225
14579,1106,224
14580,1104,222
14581,1104,222
14582,1102,221
14583,1102,221
14584,1100,221
14585,1100,221
14586,1099,221
14587,1098,221
14588,1097,221
14589,1096,221
14590,1096,222
14591,1095,223
14592,1095,224
14593,1094,225
14594,1094,226
14595,1093,227
14596,1093,229
14597,1092,230
14598,1090,229
14599,1087,228
14600,1084,227
14601,1083,225
14602,1082,224
14603,1079,224
14604,1076,222
14605,1075,222
14606,1073,221
14607,1073,221
14608,1071,221
14609,1069,220
14610,1069,221
14611,1067,221
14612,1067,221
14613,1065,221
14614,1065,222
14615,1064,222
14616,1062,223
14617,1062,224
14618,1061,225
14619,1061,226
14620,1060,227
14621,1058,227
14622,1058,226
14623,1056,225
14624,1054,224
14625,1054,224
14626,1052,222
14627,1052,221
14628,1050,220
14629,1048,220
14630,1048,220
14631,1048,220
14632,1046,220
14633,1046,220
14634,1044,220
14635,1044,220
14636,1043,220
14637,1043,221
14638,1042,221
14639,1042,222
14640,1041,222
14641,1041,224
14642,1040,225
14643,1040,225
14644,1039,225
14645,1039,224
14646,1038,224
14647,1038,223
14648,1037,222
14649,1037,222
14650,1036,222
14651,1035,221
14652,1035,222
14653,1034,222
14654,1033,222
14655,1032,222
14656,1033,223
14657,1032,223
14658,1032,224
14659,1031,224
14660,1029,224
14661,1029,224
14662,1028,223
14663,1026,222
14664,1026,222
14665,1025,222
14666,1025,222
14667,1024,222
14668,1023,222
14669,1023,223
14670,1021,223
14671,1022,223
14672,1020,222
14673,1020,222
14674,1019,222
14675,1017,222
14676,1017,222
14677,1016,222
14678,1016,223
14679,1015,223
14680,1013,223
14681,1014,223
14682,1012,223
14683,1012,222
14684,1011,222
14685,1009,222
14686,1009,222
14687,1008,222
14688,1006,222
14689,1006,222
14690,1005,222
14691,1005,222
14692,1004,222
14693,1002,222
14694,1002,222
14695,1000,221
14696,1000,222
14697,998,221
14698,998,221
14699,996,221
14700,996,221
14701,995,221
14702,994,221
14703,994,221
14704,993,221
14705,991,221
14706,991,221
14707,990,221
14708,988,221
14709,988,221
14710,987,221
14711,986,221
14712,985,221
14713,985,221
14714,984,221
14715,984,221
14716,982,221
14717,982,221
14718,980,220
14719,980,221
14720,979,221
14721,979,221
14722,978,220
14723,976,220
14724,977,221
14725,975,220
14726,975,220
14727,974,220
14728,974,220
14729,973,220
14730,973,221
14731,972,221
14732,972,220
14733,971,220
14734,971,220
14735,970,220
14736,970,220
14737,969,220
14738,969,220
14739,968,220
14740,968,220
14741,967,220
14742,967,220
14743,966,220
14744,966,220
14745,965,220
14746,965,220
14747,964,220
14748,964,220
14749,963,220
14750,961,220
14751,962,220
14752,961,220
14753,961,220
14754,960,220
14755,959,220
14756,960,220
14757,959,220
14758,958,220
14759,957,220
14760,958,220
14761,957,220
14762,956,220
14763,955,220
14764,957,220
14765,963,220
14766,969,220
14767,973,220
14768,977,220
14769,979,221
14770,981,221
14771,983,221
14772,984,221
14773,985,221
14774,986,221
14775,987,222
14776,987,222
14777,987,222
14778,986,222
14779,987,223
14780,986,224
14781,985,224
14782,985,224
14783,984,224
14784,982,224
14785,982,224
14786,980,224
14787,979,224
14788,977,225
14789,976,225
14790,974,225
14791,971,225
14792,970,225
14793,968,225
14794,967,225
14795,964,226
14796,963,226
14797,960,226
14798,959,227
14799,956,227
14800,955,227
14801,952,227
14802,951,227
14803,948,227
14804,947,227
14805,944,228
14806,941,228
14807,940,228
14808,937,228
14809,934,228
14810,933,229
14811,930,228
14812,929,229
14813,926,229
14814,923,229
14815,922,229
14816,919,230
14817,918,229
14818,915,229
14819,912,230
14820,909,230
14821,908,230
14822,906,230
14823,904,230
14824,901,231
14825,898,231
14826,898,231
14827,897,232
14828,896,232
14829,896,232
14830,895,232
14831,895,232
14832,894,232
14833,894,232
14834,893,232
14835,894,232
14836,893,232
14837,892,232
14838,892,232
14839,891,232
14840,892,232
14841,891,233
14842,891,233
14843,890,233
14844,891,233
14845,890,233
14846,891,233
14847,894,234
14848,898,235
14849,901,237
14850,904,237
14851,906,239
14852,908,241
14853,912,242
14854,914,243
14855,916,244
14856,918,246
14857,922,248
14858,924,250
14859,926,251
14860,929,252
14861,931,252
14862,932,253
14863,933,254
14864,936,256
14865,938,257
14866,939,259
14867,942,260
14868,943,261
14869,944,261
14870,947,262
14871,948,263
14872,951,264
14873,952,265
14874,952,265
14875,954,266
14876,957,268
14877,958,268
14878,960,269
14879,961,269
14880,962,269
14881,964,270
14882,965,271
14883,967,272
14884,968,273
14885,970,273
14886,971,274
14887,973,275
14888,974,275
14889,974,276
14890,977,276
14891,977,277
14892,979,277
14893,980,278
14894,982,278
14895,983,279
14896,983,279
14897,985,280
14898,986,281
14899,988,281
14900,989,281
14901,989,282
14902,991,282
14903,991,283
14904,993,283
14905,993,283
14906,995,284
14907,995,284
14908,995,284
14909,997,284
14910,997,284
14911,999,285
14912,999,285
14913,1001,286
14914,1002,286
14915,1002,286
14916,1007,288
14917,1013,290
14918,1018,291
14919,1023,292
14920,1027,293
14921,1031,294
14922,1037,296
14923,1041,297
14924,1045,300
14925,1049,301
14926,1053,302
14927,1058,304
14928,1062,305
14929,1066,306
14930,1069,308
14931,1071,309
14932,1076,310
14933,1078,310
14934,1082,312
14935,1085,313
14936,1089,315
14937,1091,316
14938,1093,317
14939,1097,318
14940,1099,319
14941,1103,320
14942,1105,320
14943,1107,320
14944,1110,322
14945,1112,323
14946,1115,324
14947,1119,325
14948,1121,326
14949,1122,326
14950,1125,327
14951,1127,328
14952,1128,328
14953,1131,329
14954,1133,330
14955,1136,332
14956,1138,332
14957,1139,332
14958,1142,332
14959,1143,332
14960,1145,332
14961,1146,333
14962,1148,334
14963,1149,334
14964,1152,335
14965,1153,336
14966,1156,338
14967,1157,338
14968,1159,339
14969,1160,340
14970,1161,340
14971,1163,340
14972,1164,341
14973,1166,341
14974,1167,342
14975,1170,343
14976,1171,344
14977,1172,344
14978,1174,345
14979,1175,345
14980,1177,346
14981,1178,347
14982,1181,347
14983,1184,347
14984,1186,348
14985,1189,349
14986,1191,349
14987,1194,349
14988,1196,350
14989,1199,351
14990,1201,351
14991,1204,352
14992,1206,351
14993,1209,352
14994,1210,353
14995,1213,353
14996,1215,353
14997,1216,354
14998,1219,354
14999,1221,354
15000,1224,354
15001,1225,355
15002,1226,356
15003,1227,356
15004,1226,355
15005,1227,355
15006,1226,355
15007,1226,356
15008,1224,354
15009,1225,355
15010,1225,355
15011,1225,355
15012,1225,355
15013,1225,355
15014,1225,354
15015,1225,354
15016,1225,354
15017,1225,354
15019,1223,356
15020,1223,356
15021,1223,356
15022,1223,356
15023,1223,356
15024,1223,356
15025,1226,361
15026,1225,359
15027,1225,358
15028,1224,357
15029,1228,360
15030,1230,359
15031,1231,358
15032,1231,356
15033,1233,355
15034,1236,354
15035,1236,353
15036,1239,352
15037,1237,352
15038,1236,351
15039,1236,351
15040,1235,351
15041,1233,350
15042,1233,350
15043,1232,350
15044,1232,350
15045,1231,350
15046,1231,350
15047,1230,349
15048,1230,349
15049,1231,349
15050,1230,349
15051,1228,348
15052,1228,348
15053,1227,349
15054,1228,349
15055,1227,348
15056,1226,348
15057,1227,348
15058,1226,348
15059,1225,347
15060,1225,347
15061,1226,347
15062,1225,347
15063,1225,347
15064,1224,346
15065,1224,346
15066,1223,347
15067,1224,347
15068,1223,346
15069,1224,347
15070,1223,347
15071,1221,346
15072,1222,346
15073,1223,346
15074,1222,346
15075,1222,346
15076,1221,346
15077,1221,346
15078,1222,346
15079,1221,346
15080,1221,346
15081,1220,346
15082,1220,346
15083,1219,345
15084,1220,345
15085,1219,344
15086,1218,343
15087,1220,345
15088,1219,344
15089,1219,344
15090,1218,345
15091,1219,346
15092,1218,347
15093,1219,349
15094,1219,349
15095,1220,351
15096,1220,351
15097,1221,353
15098,1221,355
15099,1220,355
15100,1221,356
15101,1221,357
15102,1222,358
15103,1222,359
15104,1221,359
15105,1222,360
15106,1221,361
15107,1222,362
15108,1222,362
15109,1223,363
15110,1222,363
15111,1221,363
15112,1222,364
15113,1223,364
15114,1222,365
15115,1221,365
15116,1222,366
15117,1223,366
15118,1222,367
15119,1221,367
15120,1222,368
15121,1223,368
15122,1222,368
15123,1221,369
15124,1222,369
15125,1223,370
15126,1222,370
15127,1221,370
15128,1216,371
15129,1204,370
15130,1193,370
15131,1184,371
15132,1173,372
15133,1161,372
15134,1152,372
15135,1143,373
15136,1133,373
15137,1122,373
15138,1113,374
15139,1102,373
15140,1094,374
15141,1084,373
15142,1075,374
15143,1067,375
15144,1057,375
15145,1049,376
15146,1043,377
15147,1038,377
15148,1034,377
15149,1028,376
15150,1024,377
15151,1020,378
15152,1015,378
15153,1010,377
15154,1006,378
15155,1003,378
15156,999,378
15157,996,378
15158,991,378
15159,988,378
15160,985,378
15161,981,378
15162,978,378
15163,974,378
15164,971,379
15165,967,378
15166,965,379
15167,963,380
15168,959,380
15169,955,379
15170,953,379
15171,951,380
15172,948,380
15173,946,381
15174,942,379
15175,939,378
15176,936,378
15177,933,377
15178,941,376
15179,940,376
15180,941,375
15181,942,374
15182,941,374
15183,940,371
15184,941,371
15185,941,370
15186,943,370
15187,942,369
15188,941,368
15189,943,368
15190,942,367
15191,944,367
15192,943,367
15193,942,366
15194,943,365
15195,942,365
15196,944,365
15197,944,365
15198,945,364
15199,945,364
15200,944,363
15201,945,363
15202,945,362
15203,946,362
15204,946,362
15205,945,360
15206,947,360
15207,946,359
15208,948,360
15209,947,360
15210,946,359
15211,948,359
15212,948,359
15213,948,359
15214,939,355
15215,928,351
15216,916,347
15217,904,343
15218,894,340
15219,883,336
15220,874,333
15221,863,329
15222,855,327
15223,847,324
15224,839,322
15225,830,319
15226,821,315
15227,814,313
15228,805,310
15229,799,308
15230,792,305
15231,784,303
15232,778,301
15233,771,299
15234,765,297
15235,758,294
15236,753,293
15237,745,291
15238,743,289
15239,741,287
15240,741,285
15241,741,284
15242,740,282
15243,740,281
15244,739,278
15245,738,277
15246,739,276
15247,738,274
15248,739,273
15249,738,271
15250,739,270
15251,739,268
15252,740,266
15253,742,264
15254,743,262
15255,742,260
15256,744,259
15257,744,257
15258,746,256
15259,746,254
15260,746,253
15261,748,251
15262,750,249
15263,751,248
15264,752,246
15265,753,245
15266,753,244
15267,756,241
15268,758,240
15269,759,238
15270,759,237
15271,761,236
15272,762,234
15273,764,233
15274,767,232
15275,768,231
15276,768,229
15277,770,228
15278,773,227
15279,774,226
15280,776,224
15281,777,223
15282,778,221
15283,781,221
15284,782,220
15285,783,219
15286,786,217
15287,789,216
15288,797,217
15289,808,220
15290,820,223
15291,830,226
15292,839,229
15293,847,232
15294,855,235
15295,862,238
15296,869,241
15297,875,244
15298,880,246
15299,885,249
15300,889,252
15301,893,255
15302,898,259
15303,902,262
15304,905,265
15305,907,268
15306,911,272
15307,913,276
15308,915,279
15309,916,282
15310,919,286
15311,920,290
15312,921,294
15313,922,298
15314,924,302
15315,925,306
15316,925,308
15317,925,309
15318,927,310
15319,927,312
15320,928,314
15321,928,316
15322,927,317
15323,927,319
15324,929,322
15325,928,322
15326,927,324
15327,927,326
15328,929,329
15329,928,332
15330,928,335
15331,928,338
15332,929,341
15333,929,344
15334,929,347
15335,927,347
15336,928,350
15337,927,351
15338,927,352
15339,925,354
15340,926,357
15341,927,359
15342,926,361
15343,925,364
15344,924,366
15345,925,367
15346,925,368
15347,924,367
15348,925,368
15349,924,367
15350,922,366
15351,923,365
15352,924,365
15353,924,364
15354,926,364
15355,926,364
15356,928,363
15357,928,363
15358,930,363
15359,930,362
15360,932,362
15361,932,362
15362,934,362
15363,936,361
15364,936,361
15365,936,360
15366,938,360
15367,940,361
15368,940,361
15369,942,361
15370,943,361
15371,945,361
15372,945,361
15373,948,360
15374,948,360
15375,949,363
15376,950,365
15377,950,368
15378,950,370
15379,951,373
15380,950,377
15381,951,380
15382,951,382
15383,950,386
15384,949,388
15385,950,392
15386,950,395
15387,949,398
15388,950,402
15389,950,406
15390,949,408
15391,950,412
15392,950,416
15393,951,421
15394,951,423
15395,950,425
15396,949,426
15397,950,428
15398,949,430
15399,950,433
15400,950,435
15401,949,437
15402,950,440
15403,949,443
15404,950,446
15405,950,448
15406,949,449
15407,950,450
15408,950,452
15409,951,455
15410,950,456
15411,951,459
15412,950,461
15413,951,463
15414,950,465
15415,951,467
15416,950,468
15417,951,470
15418,950,471
15419,951,473
15420,951,475
15421,950,476
15422,951,478
15423,950,480
15424,951,481
15425,951,483
15426,950,484
15427,951,486
15428,951,487
15429,950,488
15430,951,490
15431,951,491
15432,950,492
15433,951,493
15434,951,495
15435,952,497
15436,952,498
15437,951,499
15438,952,500
15439,951,502
15440,952,503
15441,952,503
15442,952,504
15443,951,505
15444,952,507
15445,951,507
15446,952,508
15447,951,509
15448,952,510
15449,952,511
15450,951,510
15451,942,504
15452,932,495
15453,922,487
15454,913,480
15455,905,473
15456,898,466
15457,892,460
15458,886,453
15459,881,447
15460,876,441
15461,871,436
15462,867,430
15463,864,425
15464,860,420
15465,857,416
15466,855,411
15467,852,406
15468,850,402
15469,849,398
15470,846,393
15471,845,389
15472,843,384
15473,840,380
15474,840,376
15475,838,373
15476,838,369
15477,837,365
15478,837,361
15479,835,358
15480,835,354
15481,834,351
15482,833,348
15483,834,344
15484,833,340
15485,833,337
15486,832,334
15487,832,331
15488,831,327
15489,832,325
15490,831,322
15491,830,319
15492,831,316
15493,832,314
15494,831,311
15495,830,308
15496,831,305
15497,830,302
15498,831,300
15499,832,298
15500,832,296
15501,831,293
15502,832,291
15503,832,288
15504,831,286
15505,832,284
15506,831,282
15507,832,280
15508,832,277
15509,833,276
15510,832,274
15511,833,272
15512,833,270
15513,832,268
15514,833,266
15515,833,265
15516,835,263
15517,835,261
15518,834,260
15519,835,258
15520,835,257
15521,834,255
15522,835,253
15523,835,252
15524,836,251
15525,835,250
15526,836,249
15527,836,248
15528,836,246
15529,837,245
15530,836,244
15531,837,244
15532,837,243
15533,836,241
15534,837,240
15535,837,239
15536,839,238
15537,839,237
15538,840,235
15539,840,233
15540,842,229
15541,842,227
15542,844,225
15543,844,222
15544,844,220
15545,846,219
15546,846,217
15547,846,215
15548,848,214
15549,848,212
15550,848,211
15551,848,210
15552,850,209
15553,851,208
15554,851,208
15555,852,205
15556,852,203
15557,854,201
15558,854,199
15559,856,197
15560,857,196
15561,857,195
15562,859,193
15563,859,192
15564,858,191
15565,860,190
15566,861,189
15567,861,188
15568,863,187
15569,865,185
15570,866,181
15571,866,179
15572,868,177
15573,868,176
15574,869,173
15575,870,172
15576,871,170
15577,873,169
15578,873,168
15579,872,169
15580,871,169
15581,871,170
15582,872,171
15583,872,172
15584,874,172
15585,875,171
15586,876,171
15587,878,171
15588,879,171
15589,879,171
15590,881,172
15591,882,172
15592,884,173
15593,885,173
15594,887,173
15595,888,173
15596,890,173
15597,891,173
15598,892,172
15599,895,173
15600,896,173
15601,897,173
15602,900,173
15603,901,173
15604,903,173
15605,905,174
15606,906,174
15607,909,173
15608,910,173
15609,912,173
15610,914,174
15611,916,174
15612,918,174
15613,919,174
15614,922,174
15615,923,174
15616,926,174
15617,927,174
15618,928,174
15619,931,174
15620,933,174
15621,934,174
15622,937,174
15623,939,174
15624,941,174
15625,942,174
15626,943,174
15627,946,174
15628,948,174
15629,949,174
15630,952,174
15631,954,174
15632,954,174
15633,958,175
15634,959,174
15635,960,174
15636,961,174
15637,965,175
15638,966,175
15639,967,174
15640,970,175
15641,972,175
15642,973,174
15643,976,175
15644,977,175
15645,976,175
15646,973,176
15647,970,176
15648,967,177
15649,965,177
15650,964,178
15651,961,179
15652,960,181
15653,958,181
15654,958,184
15655,957,185
15656,957,186
15657,956,188
15658,956,189
15659,957,192
15660,957,193
15661,958,193
15662,960,193
15663,960,194
15664,962,195
15665,962,196
15666,964,197
15667,964,198
15668,966,200
15669,967,201
15670,969,202
15671,972,203
15672,973,203
15673,974,204
15674,977,205
15675,978,206
15676,981,207
15677,983,208
15678,986,208
15679,988,209
15680,989,209
15681,992,210
15682,993,210
15683,994,211
15684,997,212
15685,998,213
15686,1000,214
15687,1004,216
15688,1005,215
15689,1008,216
15690,1010,217
15691,1011,217
15692,1014,217
15693,1015,218
15694,1016,219
15695,1019,220
15696,1020,220
15697,1021,221
15698,1024,222
15699,1025,222
15700,1026,222
15701,1029,224
15702,1031,225
15703,1033,225
15704,1034,226
15705,1036,226
15706,1037,227
15707,1039,227
15708,1040,228
15709,1042,228
15710,1043,228
15711,1043,228
15712,1046,229
15713,1046,229
15714,1049,229
15715,1049,229
15716,1050,230
15717,1053,230
15718,1054,230
15719,1056,231
15720,1057,232
15721,1057,231
15722,1059,232
15723,1060,233
15724,1062,233
15725,1062,233
15726,1064,234
15727,1064,234
15728,1066,234
15729,1066,234
15730,1068,235
15731,1068,235
15732,1068,236
15733,1070,236
15734,1070,236
15735,1072,236
15736,1072,236
15737,1072,236
15738,1074,237
15739,1074,237
15740,1075,237
15741,1076,238
15742,1076,237
15743,1077,237
15744,1078,238
15745,1079,239
15746,1079,239
15747,1081,240
15748,1081,239
15749,1081,239
15750,1083,240
15751,1083,240
15752,1083,240
15753,1085,240
15754,1085,241
15755,1083,241
15756,1079,241
15757,1075,243
15758,1072,244
15759,1068,245
15760,1066,247
15761,1063,249
15762,1061,250
15763,1058,251
15764,1056,252
15765,1055,254
15766,1052,255
15767,1051,257
15768,1049,259
15769,1049,261
15770,1048,262
15771,1047,263
15772,1047,264
15773,1046,265
15774,1047,267
15775,1046,268
15776,1045,269
15777,1046,270
15778,1046,271
15779,1047,272
15780,1047,273
15781,1048,273
15782,1048,274
15783,1049,275
15784,1049,276
15785,1050,278
15786,1050,279
15787,1051,280
15788,1053,281
15789,1053,281
15790,1053,281
15791,1055,282
15792,1055,283
15793,1055,284
15794,1057,285
15795,1057,285
15796,1059,286
15797,1060,287
15798,1061,288
15799,1062,289
15800,1062,289
15801,1063,290
15802,1065,291
15803,1065,291
15804,1065,292
15805,1067,293
15806,1067,293
15807,1069,293
15808,1070,293
15809,1070,294
15810,1073,295
15811,1073,295
15812,1073,295
15813,1074,296
15814,1074,297
15815,1071,298
15816,1069,299
15817,1068,299
15818,1066,300
15819,1065,300
15820,1063,300
15821,1060,300
15822,1059,301
15823,1057,301
15824,1057,301
15825,1055,302
15826,1053,302
15827,1051,302
15828,1051,303
15829,1050,304
15830,1048,304
15831,1048,304
15832,1046,304
15833,1046,305
15834,1044,305
15835,1042,305
15836,1041,306
15837,1041,306
15838,1039,306
15839,1037,307
15840,1037,307
15841,1035,307
15842,1035,308
15843,1033,308
15844,1033,308
15845,1031,308
15846,1031,308
15847,1027,309
15848,1022,310
15849,1016,312
15850,1010,313
15851,1006,315
15852,1000,316
15853,996,317
15854,991,319
15855,987,320
15856,982,322
15857,979,324
15858,974,324
15859,971,325
15860,966,327
15861,963,328
15862,959,328
15863,956,330
15864,952,331
15865,949,332
15866,947,333
15867,943,334
15868,940,335
15869,936,336
15870,933,337
15871,931,338
15872,927,338
15873,925,339
15874,923,340
15875,919,341
15876,917,342
15877,913,342
15878,911,343
15879,908,344
15880,906,345
15881,905,346
15882,902,347
15883,898,347
15884,897,348
15885,895,349
15886,892,349
15887,891,350
15888,888,351
15889,886,351
15890,885,352
15891,882,352
15892,881,353
15893,878,353
15894,876,354
15895,873,354
15896,872,355
15897,870,356
15898,869,356
15899,867,356
15900,866,357
15901,864,358
15902,863,358
15903,861,359
15904,859,359
15905,858,359
15906,857,360
15907,855,360
15908,853,360
15909,853,361
15910,851,362
15911,849,361
15912,849,362
15913,849,363
15914,851,363
15915,855,364
15916,857,364
15917,860,365
15918,863,366
15919,865,368
15920,869,369
15921,871,368
15922,873,368
15923,875,369
15924,877,369
15925,880,374
15926,882,375
15927,884,377
15928,886,378
15929,888,380
15930,890,381
15931,892,383
15932,893,384
15933,894,385
15934,897,387
15935,899,389
15936,901,391
15937,902,394
15938,903,395
15939,906,398
15940,907,399
15941,910,402
15942,911,405
15943,912,407
15944,914,409
15945,916,412
15946,918,416
15947,918,418
15948,920,420
15949,923,424
15950,925,427
15951,926,430
15952,925,429
15953,921,426
15954,919,425
15955,915,420
15956,912,417
15957,909,413
15958,908,413
15959,905,411
15960,903,409
15961,900,406
15962,898,405
15963,897,404
15964,895,402
15965,893,401
15966,891,400
15967,887,400
15968,885,400
15969,883,399
15970,883,399
15971,882,398
15972,880,398
15973,879,397
15974,875,399
15975,873,397
15976,873,399
15977,871,400
15978,869,400
15979,867,400
15980,865,400
15981,863,400
15982,864,404
15983,865,407
15984,868,411
15985,871,416
15986,874,419
15987,875,424
15988,878,428
15989,880,432
15990,882,437
15991,884,441
15992,885,445
15993,887,450
15994,888,454
15995,891,460
15996,892,465
15997,893,467
15998,893,465
15999,895,461
16000,895,458
16001,895,456
16002,896,454
16003,896,451
16004,897,449
16005,897,447
16006,899,446
16007,900,444
16008,900,442
16009,900,441
16010,901,440
16011,902,438
16012,903,437
16013,904,436
16014,905,434
16015,906,433
16016,907,432
16017,907,430
16018,908,429
16031,870,439
16032,868,440
16033,867,441
16034,865,443
16035,862,445
16036,860,447
16037,858,448
16038,856,450
16039,854,452
16040,852,454
16041,850,456
16042,848,457
16046,854,463
16047,858,464
16048,862,465
16049,864,466
16050,867,467
16051,869,467
16052,870,467
16053,873,468
16054,874,468
16055,874,468
16056,874,469
16057,875,471
16058,874,472
16059,873,473
16060,873,475
16061,872,474
16062,872,476
16063,871,476
16064,871,477
16065,870,477
16066,870,478
16067,871,479
16068,872,480
16069,875,479
16070,878,478
16071,879,478
16072,882,478
16073,882,477
16074,884,477
16075,886,478
16076,886,477
16077,888,478
16078,888,477
16079,889,477
16080,889,476
16081,891,477
16082,891,476
16083,894,477
16084,898,477
16085,900,477
16086,901,478
16087,905,478
16088,907,479
16089,908,479
16090,911,480
16091,913,480
16092,916,481
16093,920,483
16094,921,484
16095,924,485
16096,925,487
16097,928,488
16098,929,489
16099,932,491
16100,934,492
16101,935,494
16102,938,497
16103,940,499
16104,941,499
16105,942,501
16106,944,502
16107,945,503
16108,946,504
16109,948,505
16110,949,506
16111,950,508
16112,952,509
16120,965,509
16121,965,509
16122,965,509
16123,965,509
16124,965,509
16125,969,513
16126,969,513
16127,970,514
16128,971,515
16129,973,511
16130,972,511
16131,974,511
16132,975,511
16133,976,511
16134,977,512
16135,978,512
16136,979,512
16137,982,513
16138,982,514
16139,982,514
16140,984,514
16141,984,514
16142,981,512
16143,969,509
16144,958,505
16145,957,502
16146,957,501
16147,960,500
16148,962,500
16149,964,499
16150,966,498
16151,969,498
16152,969,498
16153,970,495
16154,971,493
16155,973,491
16156,972,490
16157,975,490
16158,975,488
16159,977,488
16160,977,487
16161,977,486
16162,979,486
16163,979,486
16164,981,487
16165,982,486
16166,983,487
16167,983,487
16168,984,488
16169,984,488
16170,986,489
16171,986,488
16172,986,487
16173,987,486
16174,987,485
16175,989,485
16176,989,484
16177,991,484
16178,991,483
16179,990,483
16180,991,482
16181,991,482
16182,993,482
16183,993,483
16184,993,482
16185,999,485
16186,1002,486
16187,1006,488
16188,1010,489
16189,1035,497
16190,1043,501
16191,1051,503
16192,1060,506
16193,1067,508
16194,1073,509
16195,1079,510
16196,1087,513
16197,1093,515
16198,1101,517
16199,1108,519
16200,1115,522
16201,1121,524
16202,1126,527
16203,1133,528
16204,1138,529
16205,1143,530
16206,1150,531
16207,1156,532
16208,1163,533
16209,1167,533
16210,1172,534
16211,1178,535
16212,1183,535
16213,1188,536
16214,1194,536
16215,1199,537
16216,1203,537
16217,1209,537
16218,1213,538
16219,1217,538
16220,1223,538
16221,1227,539
16222,1230,538
16223,1233,539
16224,1234,539
16225,1233,539
16226,1232,539
16227,1231,539
16228,1231,539
16229,1230,539
16230,1230,540
16231,1228,540
16232,1228,540
16233,1227,540
16234,1226,540
16235,1225,540
16236,1223,539
16237,1223,539
16238,1222,540
16239,1220,539
16240,1220,539
16241,1219,540
16242,1217,540
16243,1214,540
16244,1211,539
16245,1207,540
16246,1206,540
16247,1203,540
16248,1201,541
16249,1199,540
16250,1195,541
16251,1194,541
16252,1191,540
16253,1189,541
16254,1187,540
16255,1185,541
16256,1182,540
16257,1181,541
16258,1178,540
16259,1176,541
16260,1175,541
16261,1172,541
16262,1169,540
16263,1168,540
16264,1165,541
16265,1163,541
16266,1160,540
16267,1159,541
16268,1156,540
16269,1153,540
16270,1152,541
16271,1149,540
16272,1148,541
16273,1146,540
16274,1142,541
16275,1141,541
16276,1138,540
16277,1137,541
16278,1134,540
16279,1131,539
16280,1130,540
16281,1129,540
16282,1127,540
16283,1124,540
16284,1123,541
16285,1121,540
16286,1120,540
16287,1117,540
16288,1114,539
16289,1113,540
16290,1110,539
16291,1109,539
16292,1107,540
16293,1106,540
16294,1107,543
16295,1112,549
16296,1121,555
16297,1129,561
16298,1137,567
16299,1143,572
16300,1149,577
16301,1156,583
16302,1162,588
16303,1167,592
16304,1171,597
16305,1175,601
16306,1181,605
16307,1185,609
16308,1188,612
16309,1191,615
16310,1196,619
16311,1199,622
16312,1201,625
16313,1205,628
16314,1207,630
16315,1208,632
16316,1211,635
16317,1213,637
16318,1214,640
16319,1217,642
16320,1218,643
16321,1219,646
16322,1221,648
16323,1222,649
16324,1222,649
16325,1224,651
16326,1224,653
16327,1226,654
16328,1226,656
16329,1226,657
16330,1228,658
16331,1228,658
16332,1228,659
16333,1229,660
16334,1229,661
16335,1230,663
16336,1230,665
16337,1231,667
16338,1231,668
16339,1230,669
16340,1231,670
16341,1230,671
16342,1239,677
16343,1251,684
16344,1263,692
16345,1276,699
16346,1287,706
16347,1297,711
16348,1309,719
16349,1320,725
16350,1332,734
16351,1343,740
16352,1355,748
16353,1366,754
16354,1376,761
16355,1387,768
16356,1400,774
16357,1411,781
16358,1423,789
16359,1434,796
16360,1446,804
16361,1457,810
16362,1469,817
16363,1479,823
16364,1492,830
16365,1501,836
16366,1512,843
16367,1522,850
16368,1533,856
16369,1543,863
16370,1554,869
16371,1564,876
16372,1574,882
16373,1585,889
16378,1604,798
16379,1604,798
16380,1604,798
16381,1604,798
16382,1604,798
16383,1604,798
16384,1604,798
16385,1604,798
16386,1604,798
16418,1858,774
16419,1862,777
16420,1868,779
16421,1874,781
16422,1878,785
16423,1883,788
16424,1887,789
16425,1893,787
16426,1900,783
16427,1907,781
16428,1913,779
16429,1914,776
16430,1917,774
16431,1921,772
16432,1925,769
16433,1928,767
16434,1932,765
16435,1936,762
16436,1939,760
16437,1943,758
16500,811,359
16501,811,359
16502,811,359
16503,811,359
16504,811,359
16505,811,359
16506,811,359
16507,811,359
16508,811,359
16510,700,320
16511,700,320
16512,700,320
16513,700,320
16514,700,320
16515,700,320
16516,700,320
16517,700,320
16518,700,320
16523,1247,896
16524,1247,896
16525,1247,896
16526,1247,896
16527,1247,896
16528,1247,896
16529,1247,896
16530,1247,896
16531,1247,896
16702,686,954
16703,686,954
16704,686,954
16705,686,954
16706,686,954
16707,686,954
16708,686,954
16709,686,954
16710,686,954
16766,316,423
16767,316,423
16768,316,423
16769,316,423
16770,316,423
16771,316,423
16772,316,423
16773,316,423
16774,316,423
16808,1386,423
16809,1386,423
16810,1386,423
16811,1386,423
16812,1386,423
16813,1386,423
16814,1386,423
16815,1386,423
16816,1386,423
16870,148,88
16871,148,88
16872,148,88
16873,148,88
16874,148,88
16875,148,88
16876,148,88
16877,148,88
16878,148,88
16894,961,502
16895,960,503
16896,961,502
16897,961,502
16898,960,502
16899,961,502
16900,960,503
16901,962,503
16902,961,501
16903,960,502
16904,961,502
16905,960,503
16906,961,503
16907,960,501
16908,961,502
16909,961,502
16910,962,503
16911,961,501
16912,960,502
16913,961,502
16914,960,503
16915,961,502
16916,960,501
16917,961,502
16918,961,502
16919,962,503
16920,961,501
16921,960,502
16922,961,502
16923,960,502
16924,961,502
16925,960,501
16926,961,502
16927,961,502
16928,962,503
16929,961,501
16930,960,502
16931,961,502
16932,960,502
16933,961,502
16934,960,501
16935,961,502
16936,961,502
16937,962,503
16938,961,501
16939,960,502
16940,961,502
16941,960,502
16942,961,503
16943,960,501
16944,961,502
16945,961,502
16946,962,503
16947,961,501
16948,960,502
16949,961,502
16950,960,502
16951,961,503
16952,960,501
16953,961,502
16954,961,502
16955,962,503
16956,961,501
16957,960,502
16958,961,502
16959,960,503
16960,961,503
16961,960,501
16962,961,502
16963,961,501
16964,960,502
16965,961,502
16966,960,501
16967,961,502
16968,961,501
16969,960,502
16970,961,502
16971,960,501
16972,961,502
16973,961,501
16974,960,502
16975,961,502
16976,960,501
16977,961,502
16978,961,501
16979,960,502
16980,961,502
16981,960,501
16982,961,502
16983,961,501
16984,960,502
16985,961,502
16986,960,502
16987,961,502
16988,961,502
16989,960,501
16990,960,502
16991,961,503
16992,961,502
16993,960,502
16994,960,502
16995,960,502
16996,961,502
16997,961,502
16998,960,502
16999,961,502
17000,960,501
17001,961,502
17002,961,502
17003,961,502
17004,961,501
17005,961,502
17006,960,502
17007,961,503
17008,960,502
17009,961,502
17010,960,502
17011,959,502
17012,960,502
17013,960,502
17014,956,502
17015,944,502
17016,932,502
17017,920,502
17018,911,502
17019,903,502
17020,895,502
17021,888,502
17022,882,502
17023,876,502
17024,871,502
17025,865,501
17026,861,501
17027,858,502
17028,855,502
17029,851,501
17030,849,501
17031,847,502
17032,844,501
17033,843,501
17034,842,501
17035,840,501
17036,839,502
17037,839,502
17038,838,500
17039,839,499
17040,839,498
17041,840,498
17042,840,496
17043,841,496
17044,841,496
17045,842,496
17046,842,495
17047,843,495
17048,843,495
17049,844,496
17050,844,496
17051,845,497
17052,845,498
17053,846,499
17054,846,499
17055,847,501
17056,846,501
17057,846,502
17058,849,501
17059,856,501
17060,865,501
17061,876,502
17062,885,503
17063,893,504
17064,901,505
17065,907,506
17066,913,506
17067,918,507
17068,925,509
17069,929,510
17070,933,510
17071,936,512
17072,941,514
17073,944,515
17074,946,516
17075,948,518
17076,950,518
17077,950,517
17078,953,517
17079,953,517
17080,953,517
17081,954,518
17082,954,518
17083,953,518
17084,954,519
17085,953,519
17086,952,519
17087,953,520
17088,952,521
17089,950,521
17090,950,520
17091,948,520
17092,945,521
17093,941,519
17094,937,520
17095,934,521
17096,930,521
17097,928,522
17098,926,522
17099,922,523
17100,920,524
17101,917,524
17102,915,525
17103,914,526
17104,911,527
17105,909,529
17106,907,529
17107,906,529
17108,904,528
17109,904,528
17110,899,529
17111,892,532
17112,883,535
17113,876,538
17114,870,541
17115,865,543
17116,859,545
17117,855,547
17118,851,549
17119,848,551
17120,844,552
17121,841,554
17122,837,554
17123,835,556
17124,832,557
17125,831,559
17126,830,561
17127,827,561
17128,826,562
17129,824,562
17130,823,563
17131,821,564
17132,821,565
17133,821,566
17134,819,567
17135,819,568
17136,818,568
17137,818,569
17138,817,569
17139,818,570
17140,817,570
17141,818,571
17142,817,571
17143,816,571
17144,817,571
17145,819,572
17146,818,573
17147,818,573
17148,819,573
17149,818,574
17150,820,572
17151,832,569
17152,851,564
17153,868,560
17154,884,555
17155,897,551
17156,910,547
17157,921,544
17158,931,541
17159,940,538
17160,949,535
17161,957,533
17162,963,531
17163,970,528
17164,976,527
17165,981,525
17166,986,523
17167,990,522
17168,993,520
17169,996,518
17170,999,517
17171,1003,516
17172,1005,515
17173,1007,514
17174,1010,514
17175,1011,513
17176,1014,512
17177,1015,511
17178,1015,511
17179,1016,510
17180,1016,509
17181,1018,509
17182,1018,509
17183,1017,508
17184,1018,508
17185,1018,508
17186,1019,507
17187,1016,509
17188,1011,511
17189,1007,514
17190,1002,515
17191,999,518
17192,994,520
17193,989,522
17194,986,524
17195,982,526
17196,977,526
17197,975,528
17198,972,530
17199,968,531
17200,964,531
17201,962,532
17202,960,533
17203,957,534
17204,953,534
17205,951,535
17206,947,535
17207,946,536
17208,942,536
17209,941,537
17210,938,537
17211,937,538
17212,934,538
17213,932,539
17214,930,538
17215,928,539
17216,925,538
17217,924,539
17218,923,542
17219,924,547
17220,926,552
17221,928,557
17222,929,561
17223,931,566
17224,932,569
17225,934,574
17226,935,578
17227,935,581
17228,937,586
17229,938,589
17230,938,594
17231,940,598
17232,941,601
17233,941,605
17234,942,609
17235,942,612
17236,943,616
17237,943,619
17238,943,620
17239,943,621
17240,943,621
17241,943,623
17242,942,623
17243,942,625
17244,941,626
17245,942,628
17246,941,629
17247,942,632
17248,941,634
17249,942,637
17250,942,639
17251,942,642
17252,941,644
17253,941,648
17254,940,650
17255,941,650
17256,940,649
17257,939,649
17258,939,650
17259,938,650
17260,938,651
17261,937,650
17262,938,652
17263,937,653
17264,937,655
17265,936,655
17266,937,658
17267,936,659
17268,936,662
17269,935,664
17270,936,666
17271,935,666
17272,934,665
17273,935,666
17274,934,666
17275,934,667
17276,933,667
17277,933,669
17278,932,669
17279,932,671
17280,931,672
17281,930,672
17282,928,671
17283,916,671
17284,899,670
17285,882,670
17286,866,670
17287,853,670
17288,841,670
17289,831,670
17290,820,670
17291,812,670
17292,803,670
17293,796,671
17294,787,671
17295,781,672
17296,776,672
17297,771,673
17298,765,673
17299,761,674
17300,758,675
17301,753,675
17302,750,676
17303,748,677
17304,745,677
17305,744,678
17306,740,677
17307,739,679
17308,738,682
17309,735,685
17310,734,690
17311,732,694
17312,732,698
17313,730,701
17314,729,706
17315,729,709
17316,728,714
17317,728,718
17318,727,721
17319,727,725
17320,726,730
17321,726,734
17322,725,738
17323,726,739
17324,725,743
17325,725,747
17326,725,750
17327,726,755
17328,725,758
17329,726,763
17330,725,766
17331,726,771
17332,726,774
17333,727,779
17334,727,782
17335,728,787
17336,728,790
17337,729,794
17338,729,798
17339,730,802
17340,730,806
17341,731,810
17342,731,814
17343,732,818
17344,732,821
17345,735,824
17346,748,823
17347,762,822
17348,776,821
17349,787,821
17350,796,820
17351,805,820
17352,813,819
17353,820,819
17354,827,820
17355,833,820
17356,837,819
17357,842,819
17358,845,819
17359,848,819
17360,851,819
17361,853,819
17362,855,818
17363,858,818
17364,859,818
17365,859,818
17366,861,818
17367,861,818
17368,862,818
17369,861,818
17370,860,817
17371,858,814
17372,856,811
17373,855,808
17374,852,804
17375,851,801
17376,849,797
17377,848,795
17378,845,791
17379,842,788
17380,842,786
17381,839,782
17382,839,780
17383,836,778
17384,836,776
17385,834,773
17386,832,771
17387,832,769
17388,830,766
17389,829,764
17390,827,762
17391,827,760
17392,825,757
17393,825,756
17394,823,754
17395,823,751
17396,821,750
17397,820,749
17398,818,749
17399,817,751
17400,814,752
17401,813,753
17402,811,753
17403,810,755
17404,809,756
17405,807,755
17406,806,757
17407,803,758
17408,803,758
17409,801,760
17410,801,760
17411,799,761
17412,799,762
17413,797,762
17414,797,763
17415,795,764
17416,795,764
17417,794,765
17418,792,765
17419,793,765
17420,792,766
17421,792,768
17422,791,768
17423,791,769
17424,790,769
17425,790,770
17426,789,770
17427,789,771
17428,788,771
17429,789,771
17430,788,772
17431,789,772
17432,788,773
17433,788,773
17434,788,773
17435,789,774
17436,787,774
17437,788,776
17438,787,775
17439,788,776
17440,787,777
17441,788,777
17442,793,774
17443,808,767
17444,823,760
17445,837,753
17446,853,747
17447,867,739
17448,878,734
17449,889,727
17450,898,722
17451,907,715
17452,915,710
17453,925,705
17454,932,699
17455,938,693
17456,944,687
17457,950,681
17458,956,675
17459,960,672
17460,966,667
17461,971,662
17462,974,658
17463,977,653
17464,982,649
17465,985,645
17466,988,640
17467,990,636
17468,994,633
17469,997,628
17470,998,625
17471,1002,621
17472,1003,618
17473,1006,614
17474,1007,610
17475,1010,608
17476,1012,604
17477,1013,602
17478,1016,599
17479,1017,595
17480,1018,592
17481,1019,590
17482,1021,588
17483,1022,585
17484,1023,582
17485,1025,581
17486,1027,578
17487,1026,577
17488,1027,575
17489,1030,573
17490,1030,572
17491,1030,569
17492,1032,568
17493,1033,566
17494,1033,565
17495,1035,564
17496,1036,563
17497,1037,561
17498,1038,562
17499,1039,564
17500,1038,565
17501,1037,567
17502,1034,569
17503,1034,571
17504,1032,572
17505,1031,574
17506,1029,575
17507,1026,575
17508,1022,574
17509,1018,572
17510,1013,570
17511,1010,569
17512,1006,568
17513,1004,567
17514,1000,566
17515,997,565
17516,994,563
17517,991,563
17518,988,563
17519,981,563
17520,962,561
17521,939,558
17522,917,556
17523,898,554
17524,882,552
17525,866,550
17526,853,549
17527,840,548
17528,829,546
17529,819,545
17530,810,544
17531,802,544
17532,795,543
17533,788,543
17534,782,542
17535,777,542
17536,772,543
17537,766,542
17538,763,543
17539,760,543
17540,758,544
17541,757,542
17542,756,540
17543,754,538
17544,754,537
17545,754,536
17546,755,536
17547,755,535
17548,754,534
17549,754,533
17550,754,533
17551,755,532
17552,755,532
17553,756,532
17554,756,532
17555,758,532
17556,758,533
17557,760,533
17558,761,532
17559,764,531
17560,765,529
17561,768,528
17562,770,527
17563,773,526
17564,775,525
17565,776,525
17566,779,524
17567,780,523
17568,782,523
17569,784,522
17570,784,522
17571,787,522
17572,787,523
17573,787,522
17574,789,523
17575,789,523
17576,789,523
17577,788,524
17578,789,526
17579,789,526
17580,790,528
17581,790,528
17582,792,527
17583,793,526
17584,793,525
17585,795,525
17586,795,524
17587,797,524
17588,797,525
17589,797,524
17590,799,524
17591,800,524
17592,807,526
17593,814,526
17594,822,527
17595,829,527
17596,835,528
17597,843,530
17598,848,530
17599,853,531
17600,857,533
17601,858,533
17602,860,532
17603,864,532
17604,866,531
17605,868,531
17606,871,531
17607,873,531
17608,877,531
17609,879,532
17610,880,532
17611,881,532
17612,882,532
17613,882,531
17614,883,531
17615,884,530
17616,884,530
17617,883,530
17618,884,529
17619,884,529
17620,885,530
17621,885,530
17622,886,530
17623,887,530
17624,885,518
17625,885,515
17626,886,509
17627,886,504
17628,886,500
17629,886,496
17630,887,493
17631,887,491
17632,887,488
17633,888,486
17634,887,485
17635,886,482
17636,887,482
17637,887,481
17638,888,480
17639,888,478
17640,887,476
17641,887,475
17642,887,473
17643,888,472
17644,887,471
17645,886,470
17646,887,469
17647,886,468
17648,887,468
17649,886,468
17650,887,468
17651,887,467
17652,886,466
17653,887,466
17654,887,465
17655,887,465
17656,886,464
17657,887,464
17658,886,463
17659,887,463
17660,886,463
17661,885,462
17662,886,462
17663,885,462
17664,886,462
17665,886,462
17666,885,461
17667,886,461
17668,885,461
17669,886,461
17670,886,461
17671,885,461
17672,886,461
17673,886,461
17674,885,460
17675,886,460
17676,885,460
17677,886,460
17678,885,460
17679,886,460
17680,885,460
17681,886,460
17682,885,459
17683,886,458
17684,885,457
17685,886,456
17686,885,454
17687,886,453
17688,885,452
17689,884,450
17690,885,449
17691,885,448
17692,884,446
17693,885,445
17694,885,444
17695,886,443
17696,885,442
17697,884,440
17698,885,439
17699,884,438
17700,885,437
17701,885,436
17702,884,435
17703,885,435
17704,885,434
17705,886,433
17706,885,432
17707,886,431
17708,887,430
17709,889,430
17710,890,429
17711,892,429
17712,893,428
17713,895,427
17714,896,426
17715,898,425
17716,898,425
17717,900,424
17718,901,424
17719,900,423
17720,902,423
17721,903,423
17722,904,422
17723,905,422
17724,896,420
17725,895,420
17726,895,418
17727,895,417
17728,895,416
17729,895,415
17730,894,414
17731,894,413
17732,894,412
17733,893,411
17734,893,410
17736,892,413
17737,892,413
17738,892,413
17739,892,413
17740,892,413
17741,892,413
17742,892,413
17743,890,409
17744,890,409
17745,891,409
17746,889,408
17747,888,408
17748,888,407
17749,887,407
17750,888,407
17751,887,406
17752,885,406
17753,884,406
17754,886,403
17755,886,402
17756,886,400
17757,886,399
17758,868,382
17759,863,376
17760,859,372
17761,856,367
17762,854,363
17763,850,359
17764,848,355
17765,844,350
17766,842,347
17767,841,344
17768,838,341
17769,835,337
17770,834,334
17771,833,331
17772,831,329
17773,828,325
17774,827,323
17775,827,321
17776,825,318
17777,823,316
17778,823,314
17779,821,312
17780,821,310
17781,819,308
17782,819,306
17783,819,305
17784,818,303
17785,816,301
17786,816,300
17787,816,297
17788,815,294
17789,814,291
17790,815,288
17791,814,285
17792,815,284
17793,814,281
17794,815,280
17795,815,277
17796,813,275
17797,814,274
17798,813,273
17799,812,270
17800,813,269
17801,813,267
17802,814,265
17803,814,263
17804,813,261
17805,814,259
17806,813,257
17807,814,256
17808,814,254
17809,813,252
17810,814,251
17811,815,250
17812,815,248
17813,815,246
17814,815,244
17815,816,243
17816,815,242
17817,816,241
17818,816,239
17819,815,237
17820,816,235
17821,816,234
17822,817,232
17823,817,230
17824,818,230
17825,818,228
17826,819,227
17827,818,226
17828,819,225
17829,819,223
17830,820,222
17831,820,220
17832,828,222
17833,835,224
17834,842,225
17835,850,226
17836,855,227
17837,860,228
17838,864,229
17839,868,229
17840,873,230
17841,877,232
17842,880,233
17843,884,233
17844,886,233
17845,888,234
17846,891,235
17847,893,236
17848,894,236
17849,896,237
17850,898,237
17851,899,238
17852,900,238
17853,901,238
17854,903,239
17855,903,239
17856,905,240
17857,905,240
17858,904,241
17859,905,241
17860,905,241
17861,906,242
17862,906,242
17863,907,243
17864,906,243
17865,907,243
17866,906,244
17867,907,244
17868,906,244
17869,905,244
17870,906,245
17871,905,245
17872,904,245
17873,905,245
17874,906,245
17875,906,245
17876,907,246
17877,907,246
17878,909,248
17879,910,248
17880,910,248
17881,912,249
17882,912,249
17883,913,249
17884,913,249
17885,912,250
17886,913,250
17887,914,250
17888,914,251
17889,913,251
17890,914,251
17891,913,251
17892,914,252
17893,913,252
17894,912,252
17895,913,252
17896,912,252
17897,911,252
17898,912,253
17899,911,253
17900,910,253
17901,911,253
17902,910,253
17903,910,253
17904,910,254
17905,910,254
17906,909,254
17907,908,254
17908,908,254
17909,909,255
17910,908,254
17911,907,254
17912,908,255
17913,908,256
17914,908,256
17915,907,255
17916,914,254
17917,922,253
17918,930,252
17919,937,252
17920,943,251
17921,949,250
17922,954,249
17923,959,248
17924,963,247
17925,970,246
17926,975,244
17927,981,243
17928,981,243
17929,982,244
17930,986,245
17931,989,244
17932,991,244
17933,995,244
17934,997,244
17935,998,243
17936,1001,243
17937,1002,243
17938,1003,244
17939,1003,244
17940,1003,244
17941,1004,244
17942,1004,244
17943,1003,245
17944,1002,245
17945,1003,246
17946,1003,247
17947,1002,247
17948,1003,248
17949,1002,249
17950,1001,250
17951,1001,251
17952,1000,252
17953,1000,253
17954,999,253
17955,1000,255
17956,999,256
17957,997,257
17958,995,259
17959,995,260
17960,995,262
17961,994,263
17962,994,265
17963,987,266
17964,981,266
17965,974,263
17966,968,261
17967,961,260
17968,956,260
17969,951,259
17970,947,259
17971,941,258
17972,937,258
17973,934,258
17974,931,259
17975,928,259
17976,925,260
17977,895,266
17978,912,261
17979,917,259
17980,916,260
17981,913,260
17982,911,261
17983,908,262
17984,908,264
17985,907,265
17986,905,267
17987,904,268
17988,902,269
17989,902,271
17990,900,273
17991,898,275
17992,898,277
17993,896,279
17994,896,281
17995,894,283
17996,892,285
17997,891,285
17998,889,285
17999,888,286
18000,886,286
18001,885,287
18002,884,288
18003,883,289
18004,881,289
18005,879,290
18006,879,291
18007,877,292
18008,877,292
18009,876,292
18010,875,293
18011,874,293
18012,876,294
18013,880,297
18014,885,301
18015,890,304
18016,893,307
18017,896,310
18018,898,314
18019,902,317
18020,904,320
18021,906,324
18022,907,327
18023,910,331
18024,911,334
18025,911,337
18026,911,339
18027,913,342
18028,913,345
18029,913,348
18030,914,351
18031,914,354
18032,913,356
18033,914,358
18034,913,361
18035,912,364
18036,912,366
18037,911,368
18038,911,371
18039,910,374
18040,910,376
18041,909,379
18042,907,380
18043,907,383
18044,905,385
18045,903,386
18046,903,389
18047,902,391
18048,900,393
18049,900,394
18050,899,396
18051,897,399
18052,897,401
18053,895,403
18054,893,404
18055,892,406
18056,891,408
18057,887,409
18058,877,409
18059,867,409
18060,859,408
18061,852,408
18062,845,407
18063,839,408
18064,835,408
18065,829,407
18066,825,408
18067,820,407
18068,817,407
18069,815,408
18070,811,407
18071,808,407
18072,804,407
18073,801,407
18074,802,408
18075,804,406
18076,807,403
18077,809,401
18078,814,397
18079,817,394
18080,817,393
18081,818,390
18082,821,389
18083,822,387
18084,824,386
18085,825,385
18086,826,383
18087,828,382
18088,829,381
18089,831,379
18090,832,378
18091,834,376
18108,1205,913
18109,1205,913
18110,1205,913
18111,1205,913
18112,1205,913
18113,1205,913
18114,1205,913
18115,1205,913
18116,1205,913
18118,834,361
18119,832,361
18120,833,361
18121,833,360
18122,832,360
18123,834,360
18124,833,359
18125,831,359
18126,832,359
18127,831,358
18128,833,359
18129,832,356
18130,832,355
18131,832,354
18132,843,353
18133,850,350
18134,858,348
18135,864,346
18136,869,344
18137,876,342
18138,879,340
18139,883,338
18140,886,336
18141,890,334
18142,892,332
18143,894,330
18144,897,328
18145,899,327
18146,900,325
18147,902,323
18148,903,322
18149,903,320
18150,905,318
18151,906,317
18152,905,315
18153,907,314
18154,907,312
18155,906,310
18156,907,309
18157,907,308
18158,906,307
18159,907,305
18160,906,304
18161,905,302
18162,904,301
18163,903,301
18164,900,302
18165,897,302
18166,893,301
18167,889,300
18168,886,300
18169,882,300
18170,884,302
18171,883,305
18172,882,306
18173,881,306
18174,879,307
18175,878,308
18176,875,308
18177,869,308
18178,864,308
18179,859,308
18180,848,305
18181,840,303
18182,836,302
18183,831,301
18184,828,300
18185,824,299
18186,822,298
18187,819,297
18188,817,296
18189,814,294
18190,813,294
18191,811,293
18192,810,292
18193,808,292
18194,808,292
18195,808,291
18196,807,291
18197,807,290
18198,808,289
18199,808,288
18200,807,286
18201,808,286
18202,810,285
18203,810,284
18204,810,284
18205,812,284
18206,812,283
18207,814,283
18208,816,283
18209,817,282
18210,817,281
18211,819,281
18212,820,280
18213,822,280
18214,823,280
18215,825,279
18216,826,278
18217,826,277
18218,828,277
18219,829,277
18220,831,277
18221,832,276
18222,834,276
18223,835,276
18224,837,275
18225,838,275
18226,840,274
18227,841,274
18228,843,273
18229,844,273
18230,846,273
18231,847,273
18232,849,272
18233,850,272
18234,849,272
18235,852,270
18236,854,268
18237,855,267
18238,856,269
18239,858,270
18240,859,269
18241,861,269
18242,862,268
18243,864,268
18244,864,268
18245,856,269
18246,850,271
18247,843,272
18248,835,273
18249,829,273
18250,824,274
18251,817,274
18252,813,276
18253,809,276
18254,805,278
18255,802,280
18256,798,279
18257,796,280
18258,794,281
18259,793,282
18260,790,283
18261,789,284
18262,788,284
18263,786,285
18264,786,285
18265,785,285
18266,786,286
18267,785,286
18268,784,286
18269,783,286
18270,782,287
18271,782,287
18272,793,317
18273,795,325
18274,798,334
18275,800,343
18276,803,352
18277,805,360
18278,808,369
18279,810,378
18280,813,386
18285,828,287
18286,828,287
18287,828,287
18288,840,284
18289,843,283
18290,847,281
18291,850,280
18292,854,279
18293,857,278
18294,861,277
18295,865,276
18296,850,258
18297,853,256
18298,855,256
18299,859,256
18300,860,256
18301,863,256
18302,864,255
18303,865,254
18304,868,253
18305,870,253
18306,871,252
18307,874,252
18308,875,252
18309,878,251
18310,879,251
18311,882,250
18312,885,250
18313,886,249
18314,887,249
18315,890,249
18316,891,248
18317,894,248
18318,895,248
18319,896,246
18320,899,246
18321,900,245
18322,903,245
18323,903,245
18324,904,245
18325,906,245
18326,909,245
18327,912,244
18328,914,244
18329,915,243
18330,916,243
18331,919,243
18332,920,243
18333,921,241
18334,920,240
18335,919,238
18336,918,236
18337,918,235
18338,917,233
18339,918,232
18340,917,230
18341,917,229
18342,917,228
18343,917,226
18344,918,225
18345,918,223
18346,919,222
18347,919,221
18348,921,220
18349,921,219
18350,923,219
18351,923,217
18352,925,216
18353,925,214
18354,925,212
18355,927,212
18356,929,211
18357,929,210
18358,931,209
18359,932,208
18360,932,208
18361,935,208
18362,935,206
18363,935,206
18364,937,206
18365,938,205
18366,938,204
18367,941,203
18368,942,203
18369,944,202
18370,944,201
18371,947,200
18372,947,200
18373,947,198
18374,948,197
18375,950,196
18376,951,195
18377,954,195
18378,954,193
18379,956,193
18380,958,192
18381,960,191
18382,962,190
18383,964,189
18384,965,188
18385,967,187
18386,969,187
18387,971,186
18389,979,190
18390,979,190
18391,979,190
18392,970,182
18393,971,182
18394,974,182
18395,974,181
18396,973,181
18397,975,180
18398,977,180
18399,977,180
18400,974,180
18401,970,181
18402,964,184
18403,961,186
18404,957,188
18405,953,190
18406,949,193
18407,945,195
18408,941,197
18409,938,199
18410,934,201
18411,930,203
18413,947,116
18414,946,108
18415,945,103
18416,945,99
18417,946,82
18418,945,73
18419,945,65
18420,944,57
18421,944,48
18422,943,40
18423,943,31
18424,942,23
18425,942,15
18426,941,6
18430,1004,182
18431,1004,182
18432,1004,182
18433,1004,182
18434,1004,182
18435,1004,182
18436,1004,182
18437,1004,182
18438,1004,182
18467,1067,144
18468,1070,145
18469,1071,145
18470,1073,146
18471,1074,146
18472,1076,146
18473,1077,147
18474,1078,147
18475,1080,148
18476,1081,148
18554,619,15
18555,616,20
18556,614,26
18557,612,32
18558,610,38
18559,607,44
18560,607,45
18561,607,45
18562,608,45
18563,608,44
18564,607,44
18565,608,44
18566,607,44
18567,608,44
18568,608,44
18569,607,44
18570,608,44
18571,608,44
18572,607,44
18573,608,44
18574,608,44
18575,608,44
18576,608,44
18577,607,44
18578,607,44
18579,607,44
18580,607,44
18581,607,44
18582,607,43
18584,1034,103
18585,1033,102
18586,1034,104
18587,1035,106
18588,1033,105
18589,1033,106
18590,1034,106
18591,1033,106
18592,1034,107
18593,1035,107
18594,1035,107
18595,1033,106
18596,1033,106
18597,1033,106
18598,1034,107
18599,1033,106
18600,1034,107
18601,1033,106
18602,1033,107
18603,1032,107
18604,1030,107
18605,1030,107
18606,1029,107
18607,1029,107
18608,1028,106
18609,1027,102
18610,1026,99
18611,1025,96
18612,1029,91
18613,1030,87
18614,1031,84
18615,1030,80
18616,1031,77
18617,1030,75
18618,1031,73
18619,1030,72
18620,1029,72
18621,1030,72
18622,1030,72
18623,1031,72
18624,1031,72
18625,1032,72
18626,1031,72
18627,1030,72
18628,1031,72
18629,1031,72
18630,1033,72
18631,1033,72
18632,1034,72
18633,1035,72
18634,1035,72
18635,1034,70
18636,1036,70
18637,1034,70
18638,1034,70
18639,1033,69
18640,1034,71
18641,1033,70
18642,1031,70
18643,1033,70
18644,1033,70
18645,1032,70
18646,1031,70
18647,1033,70
18648,1033,70
18649,1032,70
18650,1031,70
18651,1033,70
18652,1032,70
18653,1031,70
18654,1032,70
18655,1032,70
18656,1031,70
18657,1033,70
18658,1032,70
18659,1034,70
18660,1034,69
18661,1037,69
18662,1036,69
18663,1036,69
18664,1036,68
18665,1034,68
18666,1036,69
18667,1035,68
18668,1036,69
18669,1036,69
18670,1038,69
18671,1039,69
18672,1042,73
18673,1041,75
18674,1041,76
18675,1042,76
18676,1041,77
18677,1038,78
18678,1036,78
18679,1035,77
18680,1034,77
18681,1033,77
18682,1023,70
18683,1015,69
18684,1008,68
18685,1002,66
18686,995,65
18687,988,63
18688,982,62
18689,975,61
18690,986,68
18691,982,68
18692,979,69
18693,978,68
18694,976,67
18695,973,67
18696,971,67
18697,972,69
18698,971,69
18699,969,69
18700,970,69
18701,968,69
18702,967,69
18703,968,72
18704,967,74
18705,966,75
18706,966,76
18707,967,76
18708,967,77
18709,966,78
18710,966,80
18711,967,82
18712,967,83
18713,966,84
18714,967,86
18715,967,88
18716,968,90
18717,968,92
18718,969,94
18719,969,97
18720,970,99
18721,970,101
18722,971,104
18723,971,106
18724,972,109
18725,972,112
18726,973,115
18727,973,117
18728,974,120
18729,974,124
18730,974,126
18731,976,130
18732,977,133
18733,978,137
18734,978,140
18735,978,143
18736,979,147
18737,981,152
18738,982,156
18739,981,159
18740,983,164
18741,984,168
18742,985,172
18743,986,176
18744,988,181
18745,989,185
18746,990,189
18747,992,193
18748,993,197
18749,994,202
18750,996,206
18751,997,210
18753,1051,183
18754,1057,182
18755,1063,182
18756,1068,182
18757,1072,182
18758,1076,181
18759,1080,182
18760,1084,182
18761,1087,182
18762,1090,183
18763,1094,185
18764,1096,186
18765,1098,187
18766,1101,188
18767,1102,189
18768,1103,190
18769,1105,192
18770,1106,193
18771,1108,195
18772,1109,197
18773,1109,198
18774,1111,201
18775,1111,203
18776,1111,205
18777,1112,207
18778,1112,209
18779,1113,212
18780,1113,214
18781,1114,217
18782,1113,220
18783,1113,221
18784,1111,222
18785,1111,220
18786,1109,218
18787,1107,215
18788,1106,213
18789,1104,211
18790,1104,209
18791,1102,208
18792,1101,205
18793,1099,204
18794,1099,203
18795,1097,202
18796,1095,201
18797,1095,200
18798,1093,198
18799,1091,197
18800,1091,196
18801,1089,196
18802,1087,196
18803,1087,195
18804,1085,195
18805,1085,194
18806,1083,194
18807,1082,194
18808,1080,194
18809,1079,194
18810,1077,194
18811,1077,195
18812,1075,195
18813,1075,195
18814,1073,196
18815,1071,197
18816,1071,197
18817,1069,198
18818,1069,200
18819,1067,201
18820,1067,203
18821,1065,204
18822,1063,205
18823,1063,206
18824,1061,209
18825,1061,210
18826,1059,212
18827,1057,213
18828,1058,216
18829,1056,218
18830,1054,219
18831,1054,218
18832,1052,215
18833,1052,214
18834,1050,212
18835,1050,211
18836,1048,210
18837,1046,207
18838,1046,206
18839,1045,206
18840,1043,204
18841,1043,204
18842,1041,204
18843,1041,203
18844,1041,202
18845,1042,202
18846,1046,202
18847,1051,203
18848,1057,203
18849,1061,204
18850,1067,204
18851,1071,204
18852,1074,205
18853,1077,205
18854,1080,206
18855,1084,208
18856,1087,209
18857,1089,210
18858,1090,211
18859,1093,213
18860,1094,214
18861,1095,216
18862,1097,217
18863,1097,218
18864,1095,217
18865,1094,215
18866,1091,213
18867,1091,212
18868,1089,211
18869,1088,210
18870,1084,209
18871,1078,210
18872,1071,210
18873,1064,211
18874,1059,211
18875,1055,211
18876,1049,212
18877,1045,212
18878,1041,213
18879,1036,214
18880,1033,216
18881,1029,217
18882,1026,218
18883,1024,219
18884,1020,220
18885,1016,221
18886,1015,224
18887,1012,225
18888,1011,227
18889,1008,229
18890,1005,230
18891,1001,233
18892,997,237
18893,994,241
18894,990,245
18895,988,249
18896,986,253
18897,984,257
18898,981,260
18899,980,264
18900,978,268
18901,978,272
18902,975,277
18903,975,281
18904,975,285
18905,973,287
18906,974,289
18907,972,291
18908,973,293
18909,972,295
18910,973,298
18911,972,300
18912,973,304
18913,973,307
18914,972,309
18915,973,313
18916,973,316
18917,972,319
18918,973,322
18919,973,324
18920,973,325
18921,974,327
18922,974,330
18923,975,332
18924,975,334
18925,974,336
18926,975,339
18927,975,342
18928,976,345
18929,976,348
18930,977,351
18931,977,352
18932,978,354
18933,978,356
18934,979,358
18935,979,360
18936,980,363
18937,980,364
18938,981,366
18939,981,368
18940,982,370
18941,982,372
18942,981,373
18943,982,375
18944,982,377
18945,983,379
18946,983,380
18947,984,382
18948,984,384
18949,985,385
18950,985,387
18951,984,388
18952,985,389
18953,988,388
18954,992,385
18955,994,383
18956,995,381
18957,997,380
18958,998,379
18959,1000,377
18960,1000,375
18961,1000,374
18962,1001,373
18963,1001,372
18964,1002,372
18965,1002,371
18966,1002,370
18967,1001,369
18968,1001,368
18969,1000,367
18970,1000,367
18971,999,365
18972,999,365
18973,999,364
18974,997,364
18975,995,364
18976,993,363
18977,992,363
18978,992,361
18979,990,361
18980,990,362
18981,991,360
18982,989,361
18983,988,360
18984,986,359
18985,985,359
18986,985,359
18987,983,358
18988,982,358
18989,982,357
18990,980,357
18991,979,355
18992,978,351
18993,978,345
18994,978,341
18995,977,337
18996,978,332
18997,979,327
18998,979,323
18999,978,319
19000,977,315
19001,978,312
19002,978,309
19003,977,306
19004,977,303
19005,977,300
19006,975,298
19007,976,295
19008,975,293
19009,974,291
19010,974,289
19011,973,286
19012,974,284
19013,973,281
19014,972,278
19015,972,275
19016,972,272
19017,971,269
19018,969,267
19019,970,264
19020,968,262
19021,969,260
19022,968,259
19023,968,257
19024,967,254
19025,966,253
19026,966,252
19027,967,250
19028,966,248
19029,965,245
19030,965,243
19031,965,241
19032,964,240
19033,963,237
19034,964,235
19035,963,234
19036,962,233
19037,963,232
19038,962,230
19039,962,228
19040,961,226
19041,962,225
19042,961,223
19043,962,221
19044,961,220
19045,960,218
19046,961,217
19047,960,215
19048,961,213
19049,960,212
19050,961,211
19051,960,210
19052,959,207
19053,959,206
19054,960,204
19055,959,202
19056,960,201
19057,959,199
19058,960,198
19059,960,197
19060,960,196
19061,959,195
19062,960,194
19063,959,193
19064,960,193
19065,959,191
19066,960,190
19067,959,189
19068,960,187
19069,961,185
19070,960,184
19071,959,182
19072,960,181
19073,968,180
19074,980,179
19075,990,178
19076,1006,177
19077,1018,175
19078,1028,173
19079,1038,173
19080,1046,172
19081,1054,172
19082,1061,172
19083,1067,171
19084,1073,170
19085,1079,169
19086,1083,169
19087,1089,169
19088,1094,169
19089,1096,170
19090,1100,170
19091,1103,170
19092,1105,170
19093,1109,170
19094,1111,170
19095,1114,171
19096,1115,172
19097,1117,172
19098,1118,173
19099,1120,173
19100,1121,174
19101,1121,175
19102,1123,177
19103,1124,178
19104,1124,179
19105,1126,181
19106,1124,180
19107,1123,178
19108,1121,176
19109,1120,174
19110,1118,173
19111,1118,172
19112,1116,170
19113,1116,169
19114,1114,169
19115,1114,168
19116,1113,168
19117,1111,166
19118,1111,166
19119,1110,165
19120,1109,165
19121,1109,166
19122,1109,166
19123,1108,166
19124,1106,166
19125,1106,168
19126,1105,169
19127,1105,170
19128,1104,170
19129,1102,169
19130,1099,167
19131,1098,165
19132,1095,164
19133,1094,163
19134,1093,162
19135,1091,161
19136,1090,160
19137,1088,159
19138,1085,158
19139,1085,158
19140,1083,157
19141,1083,157
19142,1082,157
19143,1081,157
19144,1080,157
19145,1078,157
19146,1078,157
19147,1077,158
19148,1078,159
19149,1076,160
19150,1075,161
19151,1073,158
19152,1083,169
19153,1088,176
19154,1093,183
19155,1099,190
19156,1104,197
19157,1110,204
19158,1115,210
19159,1120,217
19160,1126,224
19163,1058,152
19164,1055,153
19165,1055,153
19166,1053,154
19167,1053,154
19168,1053,153
19169,1051,153
19170,1049,151
19171,1049,150
19172,1049,150
19173,1048,149
19174,1048,149
19175,1047,149
19176,1045,148
19177,1045,148
19178,1044,148
19179,1042,148
19180,1042,149
19181,1041,149
19182,1039,148
19183,1039,148
19184,1038,147
19185,1036,146
19186,1036,146
19187,1035,146
19188,1035,146
19189,1033,145
19190,1033,145
19191,1031,145
19192,1031,145
19193,1029,145
19194,1029,145
19195,1028,145
19196,1026,145
19197,1026,144
19198,1024,144
19199,1025,144
19200,1023,144
19201,1023,144
19202,1021,142
19203,1020,142
19204,1019,142
19205,1017,141
19206,1017,141
19207,1015,141
19208,1015,141
19209,1013,141
19210,1013,141
19211,1011,140
19212,1010,140
19213,1010,140
19214,1008,140
19215,1007,140
19216,1005,139
19217,1005,139
19218,1003,139
19219,1002,139
19220,1001,139
19221,1001,139
19222,999,138
19223,999,138
19224,997,138
19225,997,138
19226,995,138
19227,995,138
19228,994,138
19229,993,137
19230,993,138
19231,991,137
19232,992,137
19233,997,137
19234,1001,137
19235,1005,138
19236,1006,138
19237,1008,139
19238,1009,139
19239,1011,140
19240,1011,140
19241,1012,140
19242,1011,141
19243,1010,141
19244,1011,141
19245,1010,142
19246,1009,142
19247,1009,142
19248,1008,142
19249,1005,142
19250,1005,144
19251,1004,145
19252,1002,145
19253,1002,145
19254,1000,145
19255,997,145
19256,996,146
19257,994,146
19258,993,147
19259,991,148
19260,988,148
19261,987,149
19262,984,149
19263,981,149
19264,980,150
19265,978,150
19266,975,150
19267,974,151
19268,971,152
19269,970,152
19270,967,152
19271,965,152
19272,962,152
19273,960,152
19274,959,153
19275,956,153
19276,954,153
19277,951,153
19278,948,153
19279,947,154
19280,945,154
19281,942,155
19282,941,155
19283,938,155
19284,936,155
19285,933,156
19286,931,156
19287,928,156
19288,925,156
19289,924,157
19290,921,157
19291,920,157
19292,917,157
19293,914,157
19294,913,158
19295,910,158
19296,907,158
19297,906,159
19298,904,159
19299,903,160
19300,903,160
19301,902,160
19302,902,160
19303,903,160
19304,902,160
19305,902,160
19306,901,161
19307,901,161
19308,900,161
19309,900,161
19310,899,161
19311,900,161
19312,899,161
19313,900,161
19314,899,162
19315,900,162
19316,899,162
19317,898,162
19318,898,162
19319,899,162
19320,898,162
19321,899,162
19322,898,162
19323,898,162
19324,897,163
19325,898,163
19326,897,163
19327,898,163
19328,897,163
19329,898,163
19330,897,164
19331,898,164
19332,897,164
19333,898,164
19334,897,164
19335,898,164
19336,897,164
19337,898,164
19338,899,164
19339,898,164
19340,899,165
19341,898,164
19342,899,164
19343,901,164
19344,904,163
19345,905,162
19346,908,162
19347,910,162
19348,913,161
19349,915,161
19350,918,162
19351,919,161
19352,920,161
19353,923,162
19354,924,162
19355,927,162
19356,928,163
19357,929,163
19358,932,164
19359,933,164
19360,934,165
19361,935,166
19362,938,168
19363,939,169
19364,940,170
19365,942,172
19366,943,173
19367,944,173
19368,946,173
19369,947,173
19370,947,174
19371,949,176
19372,950,177
19373,950,178
19374,952,178
19375,952,180
19376,952,181
19377,954,182
19378,954,182
19379,954,185
19380,955,187
19381,957,188
19382,957,189
19383,956,191
19384,958,193
19385,957,196
19386,959,198
19387,959,200
19388,960,203
19389,960,205
19390,959,207
19391,960,210
19392,959,213
19393,961,216
19394,960,219
19395,960,222
19396,961,225
19397,960,229
19398,961,233
19399,961,236
19400,960,239
19401,960,244
19402,960,247
19403,960,252
19404,959,255
19405,960,260
19406,959,265
19407,958,268
19408,957,272
19409,958,278
19410,957,283
19411,956,287
19412,956,293
19413,955,298
19414,956,304
19415,954,309
19416,954,315
19417,953,320
19418,951,325
19419,951,331
19420,950,338
19421,949,344
19422,949,350
19423,948,357
19424,945,362
19425,945,369
19426,943,375
19427,943,382
19428,941,390
19429,939,396
19430,938,404
19431,937,411
19432,936,418
19433,935,426
19434,934,433
19435,931,441
19436,930,449
19437,928,457
19438,927,464
19439,925,472
19440,924,479
19441,922,487
19442,921,495
19443,919,502
19445,967,503
19446,972,495
19447,975,491
19448,977,488
19449,980,484
19450,983,480
19451,985,476
19452,988,472
19453,1009,447
19454,1014,440
19455,1020,433
19456,1025,426
19457,1031,419
19458,1036,412
19459,1041,405
19460,1047,398
19461,1023,392
19462,1024,386
19463,1025,379
19464,1027,375
19465,1029,370
19466,1030,364
19467,1032,358
19468,1033,353
19469,1034,351
19470,1036,347
19471,1037,343
19472,1038,338
19473,1040,335
19474,1041,330
19475,1043,327
19476,1044,324
19477,1045,320
19478,1045,317
19479,1047,315
19480,1049,313
19481,1049,309
19482,1051,307
19483,1053,305
19484,1053,302
19485,1054,299
19486,1055,297
19487,1056,294
19488,1057,292
19489,1060,294
19490,1060,293
19491,1061,292
19492,1061,291
19493,1062,290
19494,1062,289
19495,1063,288
19496,1067,289
19497,1068,288
19498,1068,288
19499,1069,288
19500,1070,288
19501,1071,288
19502,1071,288
19503,1072,288
19504,1073,288
19505,1074,287
19506,1074,291
19507,1076,292
19508,1077,293
19509,1078,293
19510,1080,296
19511,1082,298
19512,1082,299
19513,1082,300
19514,1083,302
19515,1085,304
19516,1085,306
19517,1086,308
19518,1088,310
19519,1089,312
19520,1088,315
19521,1090,317
19522,1092,320
19523,1093,322
19524,1094,325
19525,1095,327
19526,1097,330
19527,1098,332
19528,1099,335
19529,1098,341
19530,1099,344
19531,1100,347
19532,1099,352
19533,1100,356
19534,1100,360
19535,1072,383
19536,1063,394
19537,1053,405
19538,1043,416
19539,1034,427
19540,1024,438
19541,1014,449
19542,1005,460
19543,995,471
19548,1095,305
19549,1093,301
19550,1092,296
19551,1089,292
19552,1088,286
19553,1086,283
19554,1085,278
19555,1083,275
19556,1080,270
19557,1079,267
19558,1077,263
19559,1075,259
19560,1075,256
19561,1072,252
19562,1071,249
19563,1069,246
19564,1069,244
19565,1067,241
19566,1065,238
19567,1065,236
19568,1063,234
19569,1061,231
19570,1061,229
19571,1059,227
19572,1059,225
19573,1058,223
19574,1057,222
19575,1054,220
19576,1054,219
19577,1054,218
19578,1053,216
19579,1053,215
19580,1051,215
19581,1050,213
19582,1048,213
19583,1046,212
19584,1046,212
19585,1044,212
19586,1044,211
19587,1043,211
19588,1041,211
19589,1041,211
19590,1039,212
19591,1039,212
19592,1037,212
19593,1037,213
19594,1036,213
19595,1034,213
19596,1035,215
19597,1034,216
19598,1033,218
19599,1033,218
19600,1031,220
19601,1029,220
19602,1029,222
19603,1028,223
19604,1028,225
19605,1027,227
19606,1027,229
19607,1026,231
19608,1025,233
19609,1025,236
19610,1024,238
19611,1023,240
19612,1022,242
19613,1022,245
19614,1022,248
19615,1021,251
19616,1019,253
19617,1019,256
19618,1019,260
19619,1018,264
19620,1018,267
19621,1017,269
19622,1016,272
19623,1014,275
19624,1013,278
19625,1013,282
19626,1011,285
19627,1011,289
19628,1010,292
19629,1010,296
19630,1009,300
19631,1007,303
19632,1007,301
19633,1009,297
19634,1008,292
19635,1010,288
19636,1010,284
19637,1009,279
19638,1011,276
19639,1012,273
19640,1012,269
19641,1012,266
19642,1012,263
19643,1013,260
19644,1014,257
19645,1014,254
19646,1013,252
19647,1015,249
19648,1015,246
19649,1016,244
19650,1017,242
19651,1016,241
19652,1018,238
19653,1017,236
19654,1017,234
19655,1018,233
19656,1017,230
19657,1019,230
19658,1018,228
19659,1020,228
19660,1020,227
19661,1021,226
19662,1022,225
19663,1023,224
19664,1024,224
19665,1021,225
19666,1020,225
19667,1020,225
19668,1020,225
19669,1020,224
19670,1019,224
19671,1019,224
19672,1019,224
19673,1019,224
19675,1020,225
19676,1020,225
19677,1020,225
19678,1020,225
19679,1020,225
19680,1020,225
19681,1020,225
19682,1020,225
19683,1020,225
19685,1053,445
19686,1052,444
19687,1053,445
19688,1053,445
19689,1052,445
19690,1053,445
19691,1053,445
19692,1052,445
19693,1053,445
19694,1053,445
19695,1052,444
19696,1053,445
19697,1053,445
19698,1052,445
19699,1053,445
19700,1053,445
19701,1052,444
19702,1053,445
19703,1052,444
19704,1053,445
19705,1053,445
19706,1052,445
19707,1053,445
19708,1053,445
19709,1054,445
19710,1053,445
19711,1054,445
19712,1053,445
19713,1054,445
19714,1054,445
19715,1054,445
19716,1054,445
19717,1054,445
19718,1054,445
19719,1055,445
19720,1055,445
19721,1054,445
19722,1055,445
19723,1054,445
19724,1055,445
19725,1055,445
19726,1056,445
19727,1055,445
19728,1056,445
19729,1056,445
19730,1056,445
19731,1056,445
19732,1057,445
19733,1057,445
19734,1056,444
19735,1057,445
19736,1057,445
19737,1058,445
19738,1058,445
19739,1057,444
19740,1058,445
19741,1059,445
19742,1053,444
19743,1040,443
19744,1026,441
19745,1011,439
19746,998,437
19747,983,435
19748,970,434
19749,958,433
19750,946,431
19751,933,429
19752,921,428
19753,908,426
19754,897,425
19755,886,424
19756,874,422
19757,863,420
19758,851,419
19759,841,418
19760,829,416
19761,820,414
19762,811,414
19763,801,412
19764,792,411
19765,781,410
19766,773,410
19767,763,408
19768,754,407
19769,746,406
19770,738,405
19771,728,404
19772,720,403
19773,713,402
19774,705,401
19775,698,400
19776,691,399
19777,683,398
19778,676,397
19779,671,396
19780,664,396
19781,656,394
19782,651,393
19783,646,392
19784,640,392
19785,633,390
19786,629,389
19787,625,389
19788,620,388
19789,616,388
19790,611,387
19791,607,386
19792,602,385
19793,599,384
19794,596,384
19795,592,383
19796,589,383
19797,585,381
19798,583,380
19799,582,380
19800,579,380
19801,577,379
19802,574,379
19803,572,378
19804,569,377
19805,568,376
19806,566,376
19807,566,376
19808,568,377
19809,570,377
19810,571,378
19811,573,379
19812,574,379
19813,576,380
19814,577,380
19815,579,381
19816,580,381
19817,583,382
19818,584,383
19819,587,383
19820,589,383
19821,592,384
19822,594,385
19823,597,385
19824,599,385
19825,602,386
19826,604,387
19827,607,387
19828,609,387
19829,613,387
19830,615,388
19831,617,387
19832,620,388
19833,624,389
19834,626,389
19835,628,389
19836,632,389
19837,636,390
19838,638,390
19839,642,391
19840,644,391
19841,646,391
19842,650,391
19843,653,392
19844,658,393
19845,660,393
19846,664,393
19847,669,398
19848,673,403
19849,679,408
19850,684,414
19851,689,419
19852,693,423
19853,699,428
19854,703,433
19855,709,438
19856,714,443
19857,718,447
19858,723,452
19859,729,457
19860,733,461
19861,738,464
19862,743,469
19863,747,474
19864,753,478
19865,758,483
19866,762,487
19867,768,491
19868,772,494
19869,778,499
19870,782,503
19871,788,508
19872,793,511
19873,798,515
19874,802,519
19875,806,522
19876,812,526
19877,816,530
19878,822,533
19879,826,537
19880,832,541
19881,836,544
19882,842,547
19883,846,550
19884,850,554
19885,855,557
19886,859,560
19887,865,563
19888,869,567
19889,875,570
19890,879,572
19891,884,575
19892,888,577
19893,893,580
19894,897,581
19895,902,582
19896,906,583
19897,911,584
19898,915,585
19899,920,587
19900,924,587
19901,927,587
19902,932,588
19903,936,588
19904,940,588
19905,945,588
19906,948,589
19907,953,591
19908,957,591
19909,960,591
19910,965,591
19911,966,589
19912,963,586
19913,962,581
19914,960,576
19915,961,573
19916,962,570
19917,962,566
19918,963,564
19919,963,561
19920,964,559
19921,966,557
19922,967,557
19923,969,557
19924,970,556
19925,973,557
19926,976,557
19927,978,556
19928,981,556
19929,983,556
19930,986,556
19931,988,555
19932,991,555
19933,993,554
19934,997,554
19935,999,553
19936,1003,553
19937,1005,553
19938,1007,552
19939,1011,552
19940,1014,551
19941,1016,550
19942,1020,550
19943,1023,550
19944,1025,549
19945,1029,549
19946,1032,548
19947,1034,548
19948,1038,547
19949,1041,547
19950,1045,547
19951,1047,546
19952,1049,546
19953,1052,545
19954,1056,545
19955,1058,544
19956,1060,544
19957,1064,544
19958,1065,543
19959,1068,543
19960,1070,542
19961,1074,542
19962,1076,542
19963,1079,542
19964,1080,541
19965,1083,540
19966,1083,540
19967,1076,542
19968,1065,545
19969,1055,547
19970,1047,549
19971,1040,551
19972,1034,553
19973,1026,554
19974,1022,554
19975,1019,554
19976,1016,555
19977,1012,554
19978,1010,555
19979,1006,554
19980,1004,555
19981,1003,557
19982,1001,558
19983,1000,559
19984,997,560
19985,996,562
19986,994,562
19987,993,564
19988,991,566
19989,991,569
19990,989,570
19991,990,571
19992,991,570
19993,991,568
19994,993,568
19995,993,567
19996,995,567
19997,995,567
19998,995,565
19999,996,566
20000,996,567
20001,1001,568
20002,1009,569
20003,1016,570
20004,1022,571
20005,1027,572
20006,1034,574
20007,1039,576
20008,1043,578
20009,1046,579
20010,1051,580
20011,1055,579
20012,1058,577
20013,1061,577
20014,1066,576
20015,1068,575
20016,1070,574
20017,1074,575
20018,1076,574
20019,1077,575
20020,1080,575
20021,1082,575
20022,1083,576
20023,1084,577
20024,1086,578
20025,1087,578
20026,1089,580
20027,1090,581
20028,1090,580
20029,1092,580
20030,1093,579
20031,1093,579
20032,1094,579
20033,1095,579
20034,1096,580
20035,1096,579
20036,1097,580
20037,1097,581
20038,1098,582
20039,1098,582
20040,1099,584
20041,1099,583
20042,1098,582
20043,1099,583
20044,1099,582
20045,1100,583
20046,1100,584
20047,1101,584
20048,1102,585
20049,1101,585
20050,1100,585
20051,1101,585
20052,1101,585
20053,1102,586
20054,1102,585
20055,1101,586
20056,1102,585
20057,1093,580
20058,1080,573
20059,1069,567
20060,1060,561
20061,1051,556
20062,1043,551
20063,1036,547
20064,1028,543
20065,1022,539
20066,1017,536
20067,1012,533
20068,1007,530
20069,1002,527
20070,997,524
20071,994,523
20072,989,522
20073,986,520
20074,982,518
20075,980,517
20076,977,516
20077,977,514
20078,974,512
20079,973,510
20080,971,509
20081,970,508
20082,968,507
20083,967,506
20084,965,504
20085,965,503
20086,964,503
20087,964,502
20088,963,501
20089,963,501
20090,962,500
20091,962,499
20092,961,498
20093,961,498
20094,960,497
20095,961,497
20096,960,496
20097,961,496
20098,960,495
20099,959,494
20100,961,494
20101,960,493
20102,961,493
20103,961,493
20104,960,492
20105,961,492
20106,961,492
20107,962,491
20108,962,491
20109,963,491
20110,963,491
20111,962,490
20112,963,490
20113,963,489
20114,964,489
20115,964,489
20116,965,489
20117,965,489
20118,966,489
20119,966,489
20120,967,489
20121,967,489
20122,968,489
20123,968,489
20124,967,488
20125,968,488
20126,968,488
20127,969,488
20128,969,488
20129,970,488
20130,970,488
20131,971,489
20132,971,488
20133,971,488
20134,972,488
20135,974,489
20136,974,488
20137,975,488
20138,975,488
20139,974,488
20140,976,486
20141,973,487
20142,974,488
20143,973,489
20144,973,490
20145,973,489
20146,973,490
20147,972,490
20148,973,491
20149,973,490
20150,972,491
20151,973,491
20152,973,491
20153,974,491
20154,974,490
20155,976,491
20156,978,491
20157,979,491
20158,979,492
20159,981,492
20160,982,491
20161,984,491
20162,985,492
20163,987,492
20164,987,492
20165,989,492
20166,990,492
20167,992,492
20168,992,492
20169,994,492
20170,995,492
20171,997,493
20172,998,492
20173,1000,492
20174,1001,492
20175,1002,492
20176,1003,492
20177,1004,492
20178,1002,472
20179,1002,466
20180,1002,461
20181,1003,455
20182,1003,449
20183,1003,443
20184,1003,437
20185,1003,432
20186,1004,426
20188,1012,487
20189,1015,488
20190,1014,488
20191,1012,486
20192,1011,486
20193,1010,485
20194,1009,484
20195,1019,488
20196,1019,488
20197,1018,486
20198,1019,486
20199,1024,486
20200,1030,487
20201,1036,488
20202,1041,489
20203,1045,490
20204,1048,491
20205,1051,492
20206,1054,492
20207,1057,492
20208,1060,492
20209,1065,495
20210,1066,494
20211,1068,494
20212,1072,493
20213,1076,492
20214,1078,487
20215,1080,483
20216,1080,481
20217,1081,478
20218,1082,475
20219,1084,472
20220,1085,470
20221,1086,467
20222,1087,464
20223,1088,461
20224,1089,458
20225,1091,464
20226,1090,462
20227,1091,459
20228,1091,457
20229,1091,454
20230,1092,456
20231,1090,455
20232,1090,453
20233,1091,451
20234,1089,450
20235,1090,449
20236,1089,448
20237,1085,447
20238,1080,446
20239,1075,445
20240,1072,445
20241,1068,445
20242,1066,445
20243,1062,444
20244,1060,444
20245,1058,444
20246,1055,443
20247,1053,443
20248,1052,443
20249,1050,443
20250,1047,442
20251,1047,442
20252,1048,442
20253,1052,440
20254,1055,439
20255,1059,439
20256,1061,438
20257,1063,437
20258,1065,436
20259,1066,434
20260,1069,435
20261,1070,435
20262,1071,435
20263,1071,433
20264,1071,431
20265,1072,430
20266,1071,430
20267,1072,430
20268,1074,430
20269,1074,430
20270,1075,431
20271,1074,430
20272,1075,430
20273,1074,431
20274,1074,431
20275,1073,431
20276,1074,432
20277,1073,433
20278,1072,435
20279,1073,435
20280,1072,436
20281,1070,435
20282,1068,434
20283,1066,434
20284,1066,434
20285,1064,433
20286,1062,432
20287,1062,432
20288,1060,433
20289,1060,433
20290,1058,433
20291,1057,433
20292,1055,433
20293,1054,434
20294,1054,435
20295,1052,434
20296,1053,434
20297,1061,434
20298,1068,433
20299,1076,433
20300,1083,432
20301,1091,433
20302,1097,433
20303,1103,433
20304,1108,434
20305,1113,434
20306,1119,435
20307,1124,435
20308,1127,435
20309,1130,436
20310,1135,437
20311,1138,438
20312,1142,440
20313,1145,441
20314,1146,441
20315,1147,440
20316,1148,439
20317,1148,439
20318,1150,438
20319,1150,438
20320,1150,438
20321,1152,438
20322,1152,438
20323,1154,439
20324,1154,439
20325,1155,439
20326,1156,440
20327,1155,441
20328,1155,441
20329,1157,442
20330,1157,444
20331,1159,445
20332,1159,446
20333,1158,446
20334,1156,445
20335,1156,445
20336,1155,446
20337,1155,446
20338,1154,446
20339,1154,446
20340,1153,447
20341,1154,447
20342,1153,448
20343,1153,449
20344,1152,449
20345,1152,449
20346,1151,449
20347,1149,449
20348,1149,449
20349,1147,449
20350,1147,450
20351,1146,451
20352,1146,451
20353,1145,451
20354,1144,451
20355,1144,452
20356,1143,452
20357,1143,453
20358,1142,453
20359,1140,452
20360,1140,452
20361,1139,453
20362,1139,453
20363,1138,453
20364,1138,453
20365,1137,454
20366,1135,454
20367,1135,454
20368,1134,454
20369,1134,455
20370,1133,454
20371,1131,455
20372,1131,455
20373,1130,454
20374,1130,455
20375,1129,455
20376,1127,455
20377,1127,455
20378,1126,455
20379,1126,456
20380,1125,456
20381,1123,455
20382,1123,456
20383,1123,456
20384,1122,456
20385,1118,455
20386,1110,454
20387,1102,452
20388,1093,452
20389,1084,451
20390,1076,450
20391,1067,448
20392,1064,448
20393,1060,445
20394,1057,445
20395,1051,443
20396,1047,443
20397,1043,442
20398,1039,442
20399,1034,441
20400,1030,441
20401,1026,440
20402,1025,440
20403,1021,439
20404,1021,437
20405,1020,437
20406,1016,436
20407,1015,435
20408,1012,434
20409,1011,434
20410,1010,433
20411,1009,433
20412,1006,431
20413,1003,430
20414,1001,429
20415,999,428
20416,997,427
20417,995,426
20418,993,425
20419,991,424
20420,989,423
20421,993,428
20422,992,428
20423,990,428
20424,989,427
20425,988,427
20426,1007,423
20427,1008,422
20428,1009,422
20429,1011,421
20430,1011,421
20431,1013,420
20432,1013,420
20433,1014,420
20434,1013,419
20435,1014,419
20436,1013,419
20437,1014,419
20438,1013,417
20439,1014,417
20440,1012,416
20441,1012,416
20442,1011,415
20443,1011,415
20444,1009,415
20445,1009,415
20446,1008,414
20447,1007,413
20448,1007,413
20449,1004,412
20450,1003,412
20451,1001,411
20452,1011,407
20453,1014,405
20454,1016,401
20455,1019,399
20456,1021,397
20457,1024,395
20458,1025,393
20459,1026,391
20460,1028,390
20461,1031,388
20462,1032,387
20463,1032,385
20464,1033,383
20465,1033,381
20466,1035,380
20467,1035,379
20468,1034,377
20469,1035,375
20470,1036,374
20471,1035,373
20472,1034,371
20473,1035,370
20474,1036,369
20475,1035,368
20476,1034,366
20477,1034,365
20478,1033,363
20479,1033,362
20480,1032,360
20481,1033,360
20482,1033,359
20483,1032,358
20484,1031,357
20485,1031,356
20486,1030,355
20487,1031,355
20488,1029,353
20489,1027,355
20490,1024,358
20491,1020,362
20492,1017,366
20493,1015,369
20494,1012,372
20495,1010,375
20496,1007,377
20497,1005,380
20498,1004,383
20499,1002,385
20500,999,386
20501,999,388
20502,998,390
20503,997,392
20504,994,393
20505,993,395
20506,993,395
20507,993,395
20508,992,396
20509,999,391
20510,999,389
20511,999,386
20512,999,384
20513,1000,381
20514,1000,379
20515,1000,377
20516,1003,376
20517,1002,373
20518,1003,373
20519,1003,373
20520,1002,372
20521,1003,372
20522,1003,370
20523,1000,370
20524,995,371
20525,990,371
20526,986,372
20527,980,371
20528,977,370
20529,974,370
20530,970,369
20531,968,369
20532,967,369
20533,965,369
20534,963,369
20535,961,369
20536,960,368
20537,958,368
20538,956,368
20539,954,368
20540,953,368
20548,1420,976
20549,1420,976
20550,1420,976
20551,1420,976
20552,1420,976
20553,1420,976
20554,1420,976
20555,1420,976
20556,1420,976
20561,955,365
20562,953,363
20563,954,365
20564,954,365
20565,954,364
20566,955,364
20567,954,365
20568,953,365
20569,953,366
20570,917,365
20571,904,365
20572,893,366
20573,884,367
20574,875,368
20575,867,370
20576,859,371
20577,851,371
20578,845,372
20579,838,373
20580,835,375
20581,829,377
20582,824,379
20583,820,381
20584,815,383
20585,812,386
20586,807,387
20587,805,390
20588,803,393
20589,800,396
20590,798,399
20591,797,400
20592,796,400
20593,796,401
20594,795,400
20595,795,401
20596,796,402
20597,795,403
20598,794,403
20599,795,405
20600,796,407
20601,795,408
20602,794,409
20603,795,411
20604,796,412
20605,796,413
20606,797,413
20607,798,413
20608,800,414
20609,800,415
20610,801,416
20611,801,417
20612,803,419
20613,803,420
20614,804,420
20615,806,420
20616,807,420
20617,807,421
20618,809,422
20619,810,423
20620,812,424
20621,812,425
20622,813,426
20623,816,426
20624,817,425
20625,819,425
20626,822,424
20627,823,423
20628,826,423
20629,827,423
20630,827,422
20631,830,422
20632,831,422
20633,832,423
20634,834,424
20635,835,424
20636,835,425
20637,837,426
20638,838,428
20639,838,427
20640,840,428
20641,841,429
20642,842,430
20643,844,430
20644,870,427
20645,877,426
20646,892,426
20647,900,426
20648,906,426
20649,911,427
20650,915,425
20651,919,424
20652,922,422
20653,924,422
20654,929,420
20655,932,418
20656,936,417
20657,937,417
20658,939,417
20659,942,416
20660,944,415
20661,947,414
20662,939,410
20663,941,409
20664,941,409
20665,944,410
20666,945,409
20667,945,407
20668,946,405
20669,947,404
20670,948,402
20671,948,401
20672,949,399
20673,950,398
20674,951,396
20675,952,394
20686,964,388
20687,963,386
20688,966,387
20689,966,386
20690,966,387
20691,966,385
20692,970,385
20693,972,385
20694,974,385
20695,973,385
20696,972,382
20697,975,382
20698,975,382
20699,975,382
20700,975,382
20701,976,382
20702,976,382
20703,977,381
20704,977,381
20705,978,381
20706,978,381
20710,988,375
20711,988,375
20712,991,376
20713,990,376
20714,992,376
20715,992,374
20716,993,375
20717,993,375
20718,992,373
20719,994,374
20720,993,373
20721,994,370
20722,995,369
20723,996,367
20724,997,365
20725,997,363
20726,998,361
20727,999,359
20728,1000,357
20729,1000,356
20736,987,337
20737,986,335
20738,985,333
20739,989,334
20740,991,333
20741,991,333
20742,992,333
20743,995,332
20744,996,328
20745,997,326
20746,999,323
20747,1002,325
20748,1005,324
20749,1002,324
20750,1000,325
20751,1001,322
20752,1001,321
20753,1001,320
20754,1001,318
20755,1001,317
20756,1001,315
20757,999,316
20758,999,315
20759,1001,317
20760,1002,317
20761,1003,317
20762,1004,317
20763,1005,317
20764,1006,317
20765,1007,318
20766,1008,318
20767,1009,318
20774,1006,301
20775,1006,301
20776,1006,301
20777,1006,301
20778,1006,301
20779,1003,300
20780,1002,298
20781,1000,298
20782,999,297
20783,997,296
20784,996,295
20785,995,294
20786,993,293
20787,992,292
20788,1002,293
20789,1002,293
20790,1001,293
20791,1001,292
20792,1005,292
20793,1006,291
20794,1007,291
20795,1008,290
20796,1009,290
20797,1015,289
20798,1017,289
20799,1032,288
20800,1041,286
20801,1048,285
20802,1054,284
20803,1059,282
20804,1064,281
20805,1069,280
20806,1073,278
20807,1077,277
20808,1080,276
20809,1083,276
20810,1085,275
20811,1087,273
20812,1090,272
20813,1092,272
20814,1093,270
20815,1093,269
20816,1095,268
20817,1095,267
20818,1095,265
20819,1097,264
20820,1096,262
20821,1095,261
20822,1096,261
20823,1095,260
20824,1096,260
20825,1095,260
20826,1094,259
20827,1095,259
20828,1094,257
20829,1093,257
20830,1093,256
20831,1092,254
20832,1090,253
20833,1090,253
20834,1089,253
20835,1090,252
20836,1089,252
20837,1088,251
20838,1088,250
20839,1087,250
20840,1088,249
20841,1087,249
20842,1086,248
20843,1081,249
20844,1073,251
20845,1067,253
20846,1062,254
20847,1058,256
20848,1053,257
20849,1048,259
20850,1044,260
20851,1041,261
20852,1037,262
20853,1034,264
20854,1032,265
20855,1028,266
20856,1026,267
20857,1024,268
20858,1021,269
20859,1019,270
20860,1016,270
20861,1016,272
20862,1013,273
20863,1012,273
20864,1010,273
20865,1009,274
20866,1007,274
20867,1007,275
20868,1005,276
20869,1004,277
20870,1002,277
20871,1000,277
20872,1001,278
20873,999,278
20874,999,280
20875,998,280
20876,995,283
20877,991,285
20878,989,289
20879,986,292
20880,985,295
20881,984,299
20882,982,301
20883,981,305
20884,979,307
20885,977,310
20886,977,313
20887,976,316
20888,975,318
20889,974,321
20890,974,324
20891,973,326
20892,971,329
20893,971,331
20894,970,333
20895,970,336
20896,971,338
20897,970,340
20898,970,342
20899,969,344
20900,969,346
20901,968,347
20902,968,349
20903,969,351
20904,968,352
20905,968,355
20906,969,357
20907,969,360
20908,970,362
20909,970,365
20910,967,363
20911,968,364
20912,970,362
20913,972,361
20914,965,358
20915,965,356
20916,963,354
20917,962,352
20918,961,351
20919,961,350
20920,960,349
20921,958,348
20922,958,348
20923,957,347
20924,957,347
20925,956,345
20926,956,344
20927,955,342
20928,955,341
20929,954,340
20930,954,340
20931,954,339
20932,953,337
20933,952,335
20934,952,334
20935,953,336
20936,953,336
20937,952,337
20938,952,338
20939,952,338
20940,951,338
20941,951,339
20942,950,339
20943,950,340
20944,949,340
20945,949,340
20956,963,319
20957,963,319
20958,963,319
20959,963,319
20960,963,319
20961,963,319
20962,963,319
20963,963,319
20964,963,319
20965,962,314
20966,962,313
20967,964,313
20968,962,313
20969,961,313
20970,961,312
20971,960,312
20972,961,312
20973,959,311
20974,957,310
20975,959,311
20976,969,308
20977,983,306
20978,997,303
20979,1010,300
20980,1019,300
20981,1029,298
20982,1038,297
20983,1046,294
20984,1054,293
20985,1061,293
20986,1068,292
20987,1074,292
20988,1079,291
20989,1084,290
20990,1090,290
20991,1093,290
20992,1097,290
20993,1100,290
20994,1103,290
20995,1107,291
20996,1110,291
20997,1111,292
20998,1114,293
20999,1116,294
21000,1117,295
21001,1118,296
21002,1120,297
21003,1120,296
21004,1119,294
21005,1118,293
21006,1117,292
21007,1118,292
21008,1117,291
21009,1117,291
21010,1116,291
21011,1115,291
21012,1116,291
21013,1115,292
21014,1114,292
21015,1114,293
21016,1113,293
21017,1114,294
21018,1113,296
21019,1111,295
21020,1109,294
21021,1107,293
21022,1107,292
21023,1105,292
21024,1103,291
21025,1102,292
21026,1101,291
21027,1100,291
21028,1098,291
21029,1098,292
21030,1096,292
21031,1096,293
21032,1095,293
21033,1094,294
21034,1094,295
21035,1092,296
21036,1090,295
21037,1088,294
21038,1086,293
21039,1084,293
21040,1083,292
21041,1081,292
21042,1079,292
21043,1079,293
21044,1077,293
21045,1077,293
21046,1075,294
21047,1073,294
21048,1073,295
21049,1072,296
21050,1070,295
21051,1069,295
21052,1067,294
21053,1064,293
21054,1062,293
21055,1060,293
21056,1058,293
21057,1056,293
21058,1055,294
21059,1053,294
21060,1052,294
21061,1050,294
21062,1050,295
21063,1048,296
21064,1047,296
21065,1045,295
21066,1042,294
21067,1042,294
21068,1040,294
21069,1040,294
21070,1038,294
21071,1036,294
21072,1034,294
21073,1034,295
21074,1033,296
21075,1033,296
21076,1031,296
21077,1029,295
21078,1029,295
21079,1028,295
21080,1026,294
21081,1026,295
21082,1025,296
21083,1025,296
21084,1023,296
21085,1021,295
21086,1021,296
21087,1019,295
21088,1019,295
21089,1018,296
21090,1019,296
21091,1017,296
21092,1015,296
21093,1013,295
21094,1014,295
21095,1013,295
21096,1011,294
21097,1010,294
21098,1008,293
21099,1006,292
21100,1005,291
21101,1003,291
21102,1008,297
21103,1007,297
21104,1007,297
21105,1006,296
21106,1005,297
21107,1005,297
21108,1003,297
21109,1002,296
21110,1002,297
21111,1000,297
21112,999,296
21113,997,296
21114,997,296
21115,995,297
21116,995,297
21117,993,297
21118,993,297
21119,991,297
21120,991,297
21121,989,297
21122,989,297
21123,987,297
21124,987,296
21125,985,296
21126,985,296
21127,983,296
21128,983,296
21129,981,297
21130,981,297
21131,979,297
21132,979,297
21133,977,297
21134,977,296
21135,976,297
21136,974,297
21137,974,297
21138,973,297
21139,973,297
21140,972,297
21141,972,297
21142,970,297
21143,970,297
21144,968,297
21145,968,297
21146,968,297
21147,967,297
21148,965,297
21149,965,297
21150,965,297
21151,963,297
21152,962,297
21153,962,297
21154,962,297
21155,961,297
21156,961,297
21157,959,297
21158,961,298
21159,967,299
21160,975,300
21161,982,301
21162,988,303
21163,993,305
21164,998,306
21165,1002,308
21166,1006,309
21167,1012,312
21168,1015,314
21169,1017,316
21170,1019,317
21171,1021,319
21172,1025,321
21173,1027,324
21174,1028,325
21175,1031,328
21176,1032,330
21177,1035,333
21178,1037,335
21179,1042,338
21180,1047,342
21181,1051,344
21182,1056,347
21183,1060,351
21184,1063,353
21185,1069,357
21186,1072,359
21187,1078,363
21188,1082,367
21189,1085,370
21190,1090,373
21191,1093,374
21192,1095,375
21193,1098,376
21194,1100,377
21195,1102,378
21196,1106,379
21197,1108,381
21198,1112,383
21199,1115,385
21200,1117,386
21201,1121,389
21202,1125,391
21203,1128,394
21204,1130,396
21205,1134,399
21206,1136,401
21207,1137,401
21208,1140,402
21209,1142,402
21210,1144,403
21211,1145,403
21212,1148,404
21213,1151,405
21214,1152,406
21215,1155,408
21216,1156,410
21217,1159,411
21218,1161,412
21219,1164,414
21220,1165,416
21221,1168,419
21222,1170,421
21223,1173,424
21224,1175,426
21225,1176,426
21226,1177,426
21227,1179,427
21228,1180,428
21229,1183,429
21230,1184,429
21231,1187,431
21232,1188,432
21233,1189,433
21234,1191,435
21235,1194,437
21236,1195,439
21237,1197,440
21238,1198,440
21239,1200,441
21240,1201,441
21241,1203,442
21242,1200,443
21243,1185,444
21244,1169,446
21245,1153,448
21246,1137,450
21247,1124,450
21248,1112,452
21249,1101,453
21250,1091,455
21251,1079,456
21252,1070,458
21253,1061,460
21254,1051,461
21255,1043,463
21256,1035,464
21257,1028,466
21258,1020,467
21259,1014,468
21260,1006,469
21261,1001,471
21262,995,473
21263,988,474
21264,983,476
21265,977,477
21266,972,478
21267,968,480
21268,962,481
21269,958,483
21270,954,484
21271,949,486
21272,945,488
21273,940,488
21274,937,490
21275,934,491
21276,929,492
21277,926,493
21278,922,494
21279,919,496
21280,915,498
21281,912,499
21282,908,500
21283,906,501
21284,902,502
21285,898,503
21286,896,505
21287,894,506
21288,891,507
21289,889,508
21290,886,508
21291,884,510
21292,881,510
21293,879,512
21294,876,513
21295,874,514
21296,870,515
21297,868,516
21298,866,518
21299,863,518
21300,863,518
21301,861,519
21302,861,519
21303,859,520
21304,856,522
21305,855,523
21306,853,523
21307,850,524
21308,849,524
21309,847,525
21310,843,527
21311,841,528
21312,841,528
21313,841,528
21314,842,528
21315,844,528
21316,844,528
21317,848,528
21318,848,528
21319,851,528
21320,851,528
21321,848,528
21322,844,529
21323,842,531
21324,839,531
21325,835,534
21326,834,535
21327,833,537
21328,831,538
21329,830,540
21330,828,542
21331,828,543
21332,826,545
21333,826,547
21334,825,549
21335,825,551
21336,824,551
21337,825,551
21338,825,551
21339,826,551
21340,826,551
21341,825,552
21342,826,553
21343,827,554
21344,827,555
21345,828,556
21346,828,556
21347,829,556
21348,829,556
21349,830,556
21350,830,556
21351,832,557
21352,831,558
21353,833,558
21354,833,557
21355,835,558
21356,835,558
21357,837,559
21358,838,558
21359,838,558
21360,840,558
21361,841,558
21362,841,559
21363,843,559
21364,844,559
21365,844,558
21366,846,558
21367,846,558
21368,848,559
21369,849,559
21370,849,559
21371,851,559
21372,852,559
21373,852,558
21374,854,559
21375,856,560
21376,856,560
21377,856,559
21378,858,560
21379,860,560
21380,860,560
21381,862,560
21382,862,560
21383,864,560
21384,865,559
21385,866,560
21386,866,559
21387,868,559
21388,868,559
21389,870,560
21390,870,559
21391,872,559
21392,872,559
21393,874,560
21394,874,560
21395,876,560
21396,876,560
21397,878,560
21398,879,559
21399,878,559
21400,880,560
21401,882,560
21402,883,560
21403,883,559
21404,884,560
21405,884,559
21406,886,560
21407,886,559
21408,888,560
21409,888,560
21410,888,559
21411,890,559
21412,890,560
21413,892,560
21414,892,560
21415,892,559
21416,894,560
21417,894,560
21418,894,559
21419,896,560
21420,896,559
21421,898,560
21422,898,560
21423,898,560
21424,899,560
21425,899,560
21426,898,561
21427,892,564
21428,885,567
21429,878,570
21430,873,573
21431,866,575
21432,862,578
21433,856,581
21434,852,583
21435,847,585
21436,844,588
21437,841,591
21438,837,592
21439,834,595
21440,831,598
21441,827,600
21442,825,603
21443,822,606
21444,821,609
21445,818,611
21446,817,615
21447,814,617
21448,813,621
21449,811,623
21450,811,624
21451,811,623
21452,812,624
21453,811,624
21454,810,624
21455,811,625
21456,810,627
21457,811,628
21458,810,628
21459,810,630
21460,809,632
21461,810,634
21462,809,635
21463,810,637
21464,811,638
21465,811,637
21466,813,638
21467,813,638
21468,812,639
21469,814,640
21470,814,642
21471,815,642
21472,816,642
21473,817,643
21474,818,643
21475,818,644
21476,820,645
21477,821,644
21478,822,644
21479,821,645
21480,825,645
21481,827,644
21482,829,644
21483,831,644
21484,833,643
21485,835,643
21486,857,641
21487,862,639
21488,866,639
21489,872,638
21490,876,638
21491,878,637
21492,881,636
21493,885,636
21494,887,635
21495,889,634
21496,892,634
21497,894,633
21498,895,633
21499,899,633
21500,900,632
21501,903,632
21502,904,631
21503,905,631
21504,908,631
21505,909,630
21506,911,630
21507,912,630
21508,912,629
21509,915,629
21510,915,628
21511,918,629
21512,918,629
21513,920,629
21514,921,629
21515,923,629
21516,924,628
21517,926,628
21518,927,628
21519,929,629
21520,930,628
21521,932,628
21522,933,628
21523,935,628
21524,936,628
21525,936,629
21526,933,631
21527,931,633
21528,930,636
21529,928,639
21530,928,640
21531,926,641
21532,926,644
21533,925,645
21534,926,647
21535,924,648
21536,925,650
21537,925,650
21538,926,652
21539,926,652
21540,927,654
21541,927,654
21542,929,656
21543,929,656
21544,931,657
21545,931,657
21546,933,658
21547,933,658
21548,935,660
21549,935,661
21550,937,664
21551,938,667
21552,940,669
21553,941,671
21554,943,674
21555,944,676
21556,946,679
21557,947,680
21558,948,683
21559,951,685
21560,952,687
21561,955,690
21562,956,691
21563,958,694
21564,959,695
21565,961,698
21566,962,699
21567,965,701
21568,966,703
21569,968,705
21570,970,706
21571,972,708
21572,973,710
21573,975,712
21574,977,713
21575,979,715
21576,981,716
21577,983,718
21578,984,719
21579,986,721
21580,987,723
21581,989,724
21582,990,725
21583,992,727
21584,993,727
21585,996,729
21586,997,730
21587,999,733
21588,1000,734
21589,1000,736
21590,1003,736
21591,1002,738
21592,1000,738
21593,997,740
21594,997,742
21595,994,742
21596,994,745
21597,992,746
21598,992,749
21599,990,750
21600,990,753
21601,991,756
21602,990,758
21603,990,761
21604,989,764
21605,991,765
21606,990,766
21607,992,769
21608,993,770
21609,995,772
21610,996,773
21611,996,774
21612,999,778
21613,999,780
21614,1001,781
21615,1004,782
21616,1005,783
21617,1007,786
21618,1008,787
21619,1010,789
21620,1011,790
21621,1012,790
21622,1015,793
21623,1016,795
21624,1017,796
21625,1020,797
21626,1021,798
21627,1020,801
21628,1018,804
21629,1016,806
21630,1016,810
21631,1015,812
21632,1015,813
21633,1014,817
21634,1014,819
21635,1013,821
21636,1015,824
21637,1014,826
21638,1013,828
21639,1015,829
21640,1015,831
21641,1016,834
21642,1016,836
21643,1017,838
21644,1017,839
21645,1019,842
21646,1019,844
21647,1021,845
21648,1021,847
21649,1023,850
21650,1023,851
21651,1025,853
21652,1026,854
21653,1028,856
21654,1028,858
21655,1030,860
21656,1030,861
21657,1032,862
21658,1033,862
21659,1033,865
21660,1035,867
21661,1036,868
21662,1038,869
21663,1039,870
21664,1039,871
21665,1041,874
21666,1042,875
21667,1043,876
21668,1044,877
21669,1046,878
21670,1046,879
21671,1043,877
21672,1023,870
21673,1010,865
21674,973,847
21675,949,836
21676,931,828
21677,910,818
21678,888,808
21679,867,798
21680,846,789
21681,824,779
21682,803,769
21683,782,759
21684,760,749
21686,901,762
21687,901,762
21688,905,750
21689,905,745
21690,905,739
21691,909,735
21692,910,730
21693,911,723
21694,912,717
21695,913,711
21696,915,705
21697,916,699
21698,917,693
21699,918,687
21700,919,682
21701,920,676
21813,1110,918
21814,1110,918
21815,1113,920
21816,1111,921
21817,1113,922
21818,1112,922
21819,1114,922
21820,1113,923
21821,1112,923
21822,1114,924
21823,1113,924
21824,1113,925
21825,1113,925
21826,1113,926
21827,1113,926
21828,1113,927
21829,1113,927
21830,1115,925
21831,1115,925
21832,1114,925
21833,1113,925
21834,1115,924
21835,1115,924
21836,1116,924
21837,1115,924
21838,1117,924
21839,1118,924
21840,1119,923
21841,1119,923
21842,1118,910
21843,1118,906
21844,1119,902
21845,1119,897
21846,1119,893
21847,1119,889
21848,1123,867
21849,1124,859
21850,1125,851
21851,1126,843
21852,1123,861
21853,1122,861
21854,1123,864
21855,1124,866
21856,1122,867
21857,1121,868
21858,1122,870
21859,1121,870
21860,1122,873
21861,1122,874
21862,1120,873
21863,1119,874
21864,1121,874
21865,1121,874
21866,1121,875
21867,1121,875
21868,1122,875
21869,1122,876
21870,1122,876
21871,1122,876
21872,1123,877
21874,1098,976
21875,1098,976
21876,1098,976
21877,1098,976
21878,1098,976
21879,1098,976
21880,1098,976
21881,1098,976
21882,1098,976
21884,1076,825
21885,1073,821
21886,1072,819
21887,1068,814
21888,1065,810
21889,1063,806
21890,1065,805
21891,1063,803
21892,1061,801
21893,1060,799
21894,1058,796
21895,1056,794
21896,1060,794
21897,1060,792
21898,1060,790
21899,1059,788
21900,1059,787
21901,1058,785
21902,1060,787
21903,1060,786
21904,1058,787
21905,1057,786
21906,1059,787
21907,1059,787
21908,1058,787
21909,1057,786
21910,1058,788
21911,1058,789
21912,1057,789
21913,1057,790
21914,1059,793
21915,1060,795
21916,1060,797
21917,1061,798
21918,1064,794
21919,1067,793
21920,1070,792
21921,1072,792
21922,1075,791
21923,1077,790
21924,1080,790
21925,1082,789
21926,1085,789
21927,1087,788
21940,1085,736
21941,1085,736
21942,1085,736
21943,1085,736
21944,1085,736
21945,1085,736
21946,1085,736
21947,1085,736
21948,1092,741
21949,1092,740
21950,1092,740
21951,1094,738
21952,1095,737
21953,1094,735
21954,1095,734
21955,1094,734
21956,1096,732
21957,1095,732
21958,1095,731
21959,1093,732
21960,1092,732
21961,1091,732
21962,1091,732
21963,1090,732
21964,1089,732
21965,1094,733
21966,1095,733
21967,1095,734
21968,1096,734
21969,1094,743
21970,1093,746
21971,1091,749
21972,1090,752
21973,1091,755
21974,1091,758
21975,1091,761
21976,1091,764
21977,1087,766
21978,1088,771
21979,1087,773
21980,1088,776
21981,1087,779
21982,1086,781
21983,1088,785
21984,1088,787
21985,1089,789
21986,1089,791
21987,1090,794
21988,1090,796
21989,1091,798
21990,1091,801
21991,1092,804
21992,1092,805
21993,1093,808
21994,1093,810
21995,1094,812
21996,1094,813
21997,1096,816
21998,1093,817
21999,1072,815
22000,1058,814
22001,1027,811
22002,1009,810
22003,991,809
22004,976,806
22005,962,805
22006,950,803
22007,938,802
22008,929,801
22009,920,798
22010,912,797
22011,903,795
22012,895,793
22013,891,795
22014,887,794
22015,883,793
22016,878,790
22017,875,789
22018,871,787
22019,870,788
22020,868,788
22021,867,787
22022,865,787
22023,866,786
22024,865,786
22025,864,785
22026,863,785
22027,865,784
22028,864,782
22029,866,781
22030,866,781
22031,868,781
22032,869,781
22033,872,781
22034,872,781
22035,875,781
22036,875,781
22037,878,781
22038,879,782
22039,881,782
22040,882,781
22041,884,778
22042,885,773
22043,889,770
22044,890,766
22045,891,763
22046,894,761
22047,895,757
22048,897,754
22049,899,754
22050,899,751
22051,900,748
22052,901,745
22053,904,746
22054,904,744
22055,905,744
22056,907,743
22057,906,742
22058,908,742
22059,911,739
22060,912,735
22061,916,733
22062,918,729
22063,921,728
22064,923,724
22065,924,723
22066,927,722
22067,928,719
22068,929,718
22069,931,717
22070,932,715
22071,934,715
22072,935,712
22073,939,711
22074,940,707
22075,944,706
22076,945,703
22077,948,702
22078,949,699
22079,952,699
22080,952,697
22081,955,696
22082,955,695
22083,958,693
22084,959,690
22085,962,689
22086,964,687
22087,967,686
22088,969,683
22089,970,682
22090,973,682
22091,974,680
22092,976,680
22093,977,678
22094,979,678
22095,981,675
22096,984,674
22097,986,671
22098,987,671
22099,990,670
22100,991,668
22101,991,667
22102,987,667
22103,982,665
22104,977,662
22105,971,660
22106,968,658
22107,962,656
22108,958,655
22109,953,653
22110,949,652
22111,944,652
22112,938,649
22113,934,649
22114,930,649
22115,925,648
22116,919,648
22117,915,647
22118,910,645
22119,906,644
22120,901,642
22121,897,641
22122,892,639
22123,888,639
22124,883,638
22125,879,638
22126,874,636
22127,869,634
22128,866,633
22129,862,632
22130,857,632
22131,854,631
22132,849,629
22133,846,628
22134,841,626
22135,838,625
22136,833,624
22137,828,622
22138,825,622
22139,821,622
22140,816,620
22141,814,619
22142,811,618
22143,807,617
22144,802,616
22145,799,616
22146,795,614
22147,793,613
22148,789,613
22149,784,611
22150,782,610
22151,779,610
22152,775,608
22153,773,608
22154,769,606
22155,765,606
22156,763,605
22157,759,603
22158,757,604
22159,753,603
22160,751,603
22161,748,603
22162,745,603
22163,742,602
22164,738,602
22165,736,602
22166,734,602
22167,731,602
22168,727,601
22169,725,601
22170,722,600
22171,720,601
22172,717,600
22173,716,601
22174,713,600
22175,711,600
22176,708,599
22177,706,600
22178,703,599
22179,702,599
22180,699,600
22181,698,599
22182,695,599
22183,692,598
22184,691,598
22185,688,598
22186,687,598
22187,684,598
22188,683,598
22189,681,598
22190,680,598
22191,678,598
22192,675,597
22193,674,597
22194,672,598
22195,670,598
22196,670,597
22197,667,597
22198,665,597
22199,669,598
22200,671,597
22201,671,597
22202,671,596
22203,671,595
22204,673,598
22205,673,597
22206,672,598
22207,674,598
22208,675,599
22209,675,598
22210,677,598
22211,677,598
22212,677,598
22213,678,599
22214,678,598
22215,677,599
22216,679,599
22217,678,599
22218,677,600
22219,674,598
22220,667,598
22221,660,597
22222,653,596
22223,646,596
22224,639,594
22225,630,595
22226,625,595
22227,617,593
22228,613,593
22229,607,593
22230,602,591
22231,597,590
22232,594,590
22233,590,589
22234,599,586
22235,601,584
22236,601,582
22237,601,579
22238,600,578
22239,601,577
22240,600,575
22241,598,573
22242,599,572
22243,598,571
22244,597,570
22245,597,569
22246,596,568
22247,597,568
22248,596,567
22249,594,567
22250,596,564
22251,609,561
22252,628,555
22253,647,549
22254,666,543
22255,683,537
22256,699,532
22257,715,528
22258,730,524
22259,745,521
22260,762,518
22261,778,514
22262,792,511
22263,806,508
22264,819,506
22265,831,503
22266,842,502
22267,852,500
22268,864,499
22269,874,497
22270,884,495
22271,893,494
22272,902,493
22273,912,492
22274,921,491
22275,929,489
22276,939,489
22277,947,488
22278,955,488
22279,962,486
22280,971,485
22281,978,484
22282,987,484
22283,994,483
22284,1000,484
22285,1008,483
22286,1015,482
22287,1021,481
22288,1026,479
22289,1033,478
22290,1039,478
22291,1046,477
22292,1052,476
22293,1057,476
22294,1055,478
22295,1046,482
22296,1037,486
22297,1028,490
22298,1021,494
22299,1013,497
22300,1007,500
22301,1000,503
22302,993,505
22303,987,508
22304,980,510
22305,975,513
22306,969,515
22307,965,518
22308,960,520
22309,956,524
22310,951,526
22311,947,529
22312,942,531
22313,939,534
22314,934,536
22315,931,539
22316,927,540
22317,925,540
22318,924,540
22319,922,539
22320,920,539
22321,919,539
22322,917,538
22323,916,539
22324,913,538
22325,912,539
22326,909,538
22327,908,539
22328,907,540
22329,905,540
22330,902,541
22331,901,542
22332,899,542
22333,898,544
22334,896,544
22335,893,546
22336,893,545
22337,890,541
22338,888,536
22339,885,530
22340,883,525
22341,880,520
22342,878,516
22343,875,511
22344,873,508
22345,870,504
22346,868,502
22347,865,499
22348,863,496
22349,860,493
22350,859,491
22351,856,488
22352,855,486
22353,852,484
22354,851,483
22355,848,482
22356,847,480
22357,845,479
22358,844,477
22359,841,476
22360,838,474
22361,837,473
22362,835,473
22363,834,472
22364,832,471
22365,831,470
22366,829,469
22367,828,469
22368,826,469
22369,824,469
22370,822,469
22371,820,468
22372,820,465
22373,818,465
22374,817,464
22375,815,464
22376,814,464
22377,812,463
22378,811,463
22379,811,463
22380,809,463
22381,808,463
22382,806,463
22383,805,463
22384,804,462
22385,803,462
22386,799,462
22387,786,462
22388,768,460
22389,754,459
22390,739,457
22391,719,457
22392,701,455
22393,686,454
22394,669,451
22395,652,448
22396,638,445
22397,623,443
22398,607,441
22399,591,439
22400,576,437
22401,566,435
22402,553,434
22403,540,432
22404,527,431
22405,515,430
22406,502,428
22407,489,427
22408,476,425
22409,463,424
22410,450,422
22414,442,424
22415,438,425
22416,437,427
22417,434,426
22418,431,426
22419,432,429
22420,432,431
22421,432,432
22422,432,434
22423,432,435
22424,435,435
22425,436,436
22426,434,438
22427,433,439
22428,432,440
22429,431,441
22430,443,444
22431,446,445
22432,447,445
22433,450,447
22434,452,448
22435,453,451
22436,454,452
22437,457,455
22438,459,457
22439,460,458
22440,461,460
22441,464,459
22442,464,460
22443,465,459
22444,466,458
22445,469,460
22446,471,460
22447,468,458
22448,468,457
22449,468,456
22450,468,455
22451,468,454
22452,471,461
22453,470,463
22454,471,464
22455,471,463
22456,470,464
22457,471,464
22458,470,465
22459,472,465
22460,471,466
22461,472,467
22462,472,466
22463,472,466
22464,474,467
22465,472,469
22466,471,470
22467,470,471
22468,469,472
22469,478,470
22470,477,470
22471,476,468
22472,476,470
22473,477,470
22474,476,469
22475,477,470
22476,476,469
22477,477,470
22478,476,469
22479,477,470
22480,476,469
22481,477,470
22482,478,471
22483,478,472
22484,478,472
22485,479,473
22486,476,469
22487,476,469
22488,476,469
22489,475,468
22490,475,468
22491,475,468
22492,475,467
22493,474,467
22494,474,467
22496,961,503
22497,960,501
22498,961,502
22499,961,502
22500,960,503
22501,961,503
22502,960,502
22503,961,502
22504,960,503
22505,961,503
22506,961,502
22507,961,502
22508,960,503
22509,961,503
22510,960,502
22511,961,502
22512,960,502
22513,961,503
22514,961,502
22515,961,502
22516,960,503
22517,961,503
22518,960,501
22519,961,502
22520,960,502
22521,961,503
22522,961,502
22523,961,502
22524,960,503
22525,961,503
22526,960,501
22527,961,502
22528,960,502
22529,961,503
22530,961,502
22531,961,502
22532,960,502
22533,961,501
22534,961,502
22535,961,502
22536,961,502
22537,961,502
22538,960,502
22539,959,503
22540,961,501
22541,960,502
22542,961,502
22543,960,501
22544,961,502
22545,960,502
22546,961,503
22547,961,502
22548,961,502
22549,960,502
22550,961,503
22551,960,502
22552,961,502
22553,960,502
22554,961,503
22555,962,503
22556,939,502
22557,927,502
22558,915,501
22559,907,502
22560,900,502
22561,893,502
22562,885,502
22563,880,502
22564,875,502
22565,869,501
22566,865,501
22567,861,502
22568,858,502
22569,856,502
22570,852,502
22571,850,502
22572,847,502
22573,846,502
22574,845,502
22575,843,501
22576,843,501
22577,843,501
22578,842,502
22579,841,502
22580,840,502
22581,840,503
22582,841,503
22583,840,503
22584,840,502
22585,840,502
22586,842,503
22587,842,503
22588,841,502
22589,843,502
22590,844,503
22591,844,502
22592,846,502
22593,846,503
22594,848,503
22595,858,502
22596,870,500
22597,882,498
22598,892,497
22599,901,496
22600,910,496
22601,917,495
22602,924,494
22603,930,494
22604,936,494
22605,941,494
22606,946,493
22607,950,493
22608,954,494
22609,959,494
22610,962,494
22611,964,493
22612,965,492
22613,966,492
22614,968,491
22615,969,491
22616,968,490
22617,970,490
22618,970,490
22619,971,490
22620,970,490
22621,971,490
22622,972,490
22623,970,491
22624,969,490
22625,967,489
22626,964,486
22627,961,484
22628,959,482
22629,958,481
22630,955,480
22631,954,479
22632,951,478
22633,950,477
22634,949,476
22635,946,475
22636,945,474
22637,943,473
22638,941,471
22639,941,471
22640,939,470
22641,938,469
22642,936,468
22643,935,467
22644,933,466
22645,932,466
22646,932,465
22647,932,464
22648,931,463
22649,927,462
22650,927,461
22651,925,460
22652,925,460
22653,922,460
22654,918,457
22655,906,455
22656,896,452
22657,885,449
22658,877,447
22659,870,445
22660,863,443
22661,857,442
22662,851,441
22663,846,439
22664,840,437
22665,836,435
22666,832,434
22667,829,432
22668,825,430
22669,822,429
22670,820,427
22671,819,426
22672,816,424
22673,814,423
22674,813,421
22675,811,419
22676,811,417
22677,809,416
22678,809,415
22679,808,413
22680,808,412
22681,807,411
22682,807,410
22683,806,410
22684,807,408
22685,806,407
22686,807,406
22687,806,404
22688,807,403
22689,808,402
22690,808,401
22691,807,400
22692,808,399
22693,808,398
22694,809,397
22695,811,396
22696,811,395
22697,812,394
22698,812,393
22699,813,392
22700,813,391
22701,814,390
22702,814,390
22703,816,389
22704,816,387
22705,816,387
22706,818,386
22707,818,385
22708,820,385
22709,821,384
22710,820,382
22711,822,381
22712,822,380
22713,824,380
22714,824,379
22715,826,379
22716,826,378
22717,830,379
22718,836,381
22719,841,382
22720,845,384
22721,848,386
22722,850,387
22723,852,388
22724,853,389
22725,856,390
22726,857,391
22727,859,392
22728,860,394
22729,860,394
22730,862,395
22731,862,396
22732,864,396
22733,865,397
22734,867,398
22735,868,399
22736,867,400
22737,869,401
22738,869,402
22739,870,404
22740,870,405
22741,869,407
22742,870,409
22743,870,409
22744,868,409
22745,868,410
22746,867,410
22747,867,411
22748,866,412
22749,866,414
22750,865,415
22751,863,415
22752,863,416
22753,862,416
22754,860,416
22755,860,417
22756,859,419
22757,857,419
22758,857,420
22759,856,421
22760,850,424
22761,843,427
22762,839,431
22763,834,434
22764,830,439
22765,825,441
22766,821,445
22767,818,450
22768,814,453
22769,811,457
22770,807,461
22771,805,465
22772,801,469
22773,799,474
22774,796,477
22775,794,482
22776,791,486
22777,790,490
22778,787,493
22779,786,496
22780,784,498
22781,783,502
22782,781,505
22783,780,508
22784,778,511
22785,777,514
22786,777,518
22787,776,520
22788,774,523
22789,774,526
22790,773,528
22791,773,531
22792,772,533
22793,772,535
22794,773,537
22795,772,539
22796,772,542
22797,771,544
22798,771,547
22799,770,550
22800,770,553
22801,770,555
22802,770,557
22803,770,558
22804,771,559
22805,771,560
22806,770,560
22807,771,561
22808,771,561
22809,770,561
22810,771,562
22811,771,562
22812,772,563
22813,772,563
22814,773,563
22815,773,563
22816,774,564
22817,774,564
22818,773,563
22819,775,562
22820,776,562
22821,776,561
22822,777,561
22823,777,561
22824,778,561
22825,778,561
22826,777,562
22827,778,562
22828,778,563
22829,779,564
22830,779,565
22831,780,566
22832,780,566
22833,780,565
22834,781,564
22835,781,564
22836,782,564
22837,783,564
22838,784,564
22839,784,564
22840,783,565
22841,784,565
22842,784,566
22843,786,567
22844,785,566
22845,785,566
22846,786,566
22847,788,566
22848,788,566
22849,791,566
22850,796,565
22851,801,565
22852,804,565
22853,806,565
22854,809,565
22855,810,565
22856,811,564
22857,813,564
22858,813,565
22859,813,564
22860,814,565
22861,814,564
22862,815,565
22863,814,565
22864,814,566
22865,813,565
22866,813,565
22867,812,565
22868,810,566
22869,810,566
22870,809,565
22871,809,565
22872,808,566
22873,808,566
22874,807,565
22875,806,565
22876,807,566
22877,808,569
22878,811,573
22879,814,577
22880,818,582
22881,820,585
22882,823,589
22883,825,592
22884,826,597
22885,829,601
22886,831,604
22887,831,609
22888,832,612
22889,835,616
22890,836,620
22891,836,623
22892,836,625
22893,838,627
22894,838,629
22895,838,631
22896,839,633
22897,839,635
22898,838,637
22899,839,640
22900,839,641
22901,838,641
22902,837,643
22903,838,644
22904,837,644
22905,837,646
22906,836,647
22907,836,649
22908,835,650
22909,835,653
22910,836,655
22911,835,656
22912,833,656
22913,833,657
22914,832,657
22915,832,659
22916,831,659
22917,831,662
22918,830,663
22919,829,663
22920,829,664
22921,828,664
22922,828,666
22923,827,666
22924,827,668
22925,826,667
22926,824,667
22927,824,668
22928,823,669
22929,823,669
22930,822,671
22931,822,672
22932,821,672
22933,821,673
22934,819,672
22935,819,673
22936,818,673
22937,818,674
22938,817,675
22939,817,676
22940,816,676
22941,816,676
22942,814,677
22943,814,678
22944,813,677
22945,813,678
22946,812,678
22947,812,679
22948,811,679
22949,811,680
22950,809,680
22951,809,680
22952,808,680
22953,808,681
22954,807,684
22955,805,688
22956,805,692
22957,804,695
22958,804,699
22959,803,701
22960,802,705
22961,801,708
22962,801,712
22963,799,715
22964,799,719
22965,797,722
22966,797,725
22967,796,728
22968,796,731
22969,795,734
22970,795,738
22971,794,742
22972,794,744
22973,792,748
22974,793,750
22975,795,752
22976,795,755
22977,797,755
22978,797,758
22979,797,759
22980,796,761
22981,796,763
22982,795,765
22983,794,766
22984,795,768
22985,793,769
22986,792,770
22987,792,772
22988,791,773
22989,791,774
22990,790,775
22991,790,777
22992,788,778
22993,788,780
22994,786,781
22995,787,782
22996,785,782
22997,786,784
22998,788,785
22999,790,786
23000,792,786
23001,793,787
23002,795,787
23003,796,787
23004,797,788
23005,797,788
23006,800,789
23007,800,789
23008,802,790
23009,802,792
23010,803,793
23011,803,794
23012,804,794
23013,803,795
23014,803,795
23015,803,796
23016,804,797
23017,803,800
23018,805,801
23019,803,801
23020,804,801
23021,802,801
23022,799,800
23023,798,798
23024,796,798
23025,792,798
23026,791,797
23027,788,797
23028,788,797
23029,786,797
23030,785,796
23031,783,795
23032,783,795
23033,783,795
23034,780,795
23035,780,794
23036,780,794
23037,777,794
23038,777,794
23039,777,793
23040,776,793
23041,775,793
23042,775,793
23043,774,793
23044,773,792
23045,773,792
23046,772,792
23048,723,706
23049,719,698
23050,715,690
23051,713,682
23052,709,673
23053,708,666
23054,707,659
23055,704,651
23056,703,645
23057,701,638
23058,700,632
23059,698,625
23060,698,620
23061,696,613
23062,696,608
23063,695,602
23064,696,597
23065,694,591
23066,695,586
23067,694,580
23068,696,574
23069,695,567
23070,695,561
23071,696,555
23072,696,549
23073,697,544
23074,697,542
23075,696,541
23076,697,541
23077,696,541
23078,697,541
23079,696,540
23080,695,540
23081,696,541
23082,697,541
23083,697,539
23084,698,539
23085,698,537
23086,699,537
23087,701,536
23088,701,536
23089,702,536
23090,702,536
23091,704,536
23092,704,535
23093,705,536
23094,705,535
23095,707,535
23096,707,534
23097,709,534
23098,709,533
23099,711,533
23100,711,534
23101,711,533
23102,713,533
23103,713,533
23104,715,533
23105,716,533
23106,716,532
23107,718,532
23108,718,532
23109,719,532
23110,720,532
23111,721,533
23112,721,532
23113,723,533
23114,723,532
23115,729,533
23116,736,534
23117,745,536
23118,751,536
23119,759,538
23120,764,539
23121,770,540
23122,774,542
23123,778,542
23124,784,544
23125,788,545
23126,791,546
23127,794,547
23128,798,549
23129,801,550
23130,803,552
23131,805,553
23132,808,555
23133,810,556
23134,811,557
23135,811,557
23136,811,556
23137,812,556
23138,812,556
23139,813,556
23140,813,556
23141,812,555
23142,813,556
23143,813,559
23144,813,561
23145,812,563
23146,811,569
23147,813,570
23148,812,571
23149,811,573
23150,811,573
23151,809,575
23152,809,575
23153,808,576
23154,808,578
23155,807,579
23156,807,581
23157,806,581
23158,806,583
23159,805,584
23160,805,585
23161,804,584
23162,804,585
23163,803,585
23164,804,586
23165,803,588
23166,806,593
23167,808,600
23168,809,604
23169,812,610
23170,814,615
23171,815,620
23172,817,625
23173,818,629
23174,818,632
23175,820,636
23176,821,639
23177,821,643
23178,821,646
23179,823,648
23180,823,651
23181,824,654
23182,824,656
23183,825,659
23184,824,661
23185,825,664
23186,824,666
23187,825,668
23188,824,669
23189,824,671
23190,823,672
23191,822,673
23192,823,676
23193,824,678
23194,823,679
23195,824,680
23196,823,681
23197,822,683
23198,823,684
23199,822,685
23200,823,687
23201,823,687
23202,822,689
23203,823,689
23204,821,690
23205,822,692
23206,821,692
23207,821,693
23208,820,693
23209,820,694
23210,819,694
23211,819,696
23212,820,698
23213,819,698
23214,817,701
23215,817,704
23216,816,709
23217,816,714
23218,815,717
23219,813,723
23220,813,728
23221,812,732
23222,812,738
23223,811,743
23224,811,749
23225,810,753
23226,809,758
23227,808,762
23228,808,766
23229,806,771
23230,806,777
23231,805,781
23232,805,786
23233,803,789
23234,803,794
23235,801,797
23236,801,803
23237,800,806
23238,800,812
23239,799,817
23240,797,820
23241,798,825
23242,799,827
23243,801,828
23244,801,829
23245,804,830
23246,803,833
23247,805,835
23248,805,835
23249,806,837
23250,805,838
23251,807,840
23252,806,842
23253,807,843
23254,805,844
23255,806,845
23256,806,846
23257,807,848
23258,806,849
23259,805,850
23260,806,851
23261,805,852
23262,804,853
23263,806,854
23264,804,856
23265,803,855
23266,801,854
23267,799,853
23268,799,851
23269,797,850
23270,795,849
23271,795,849
23272,793,846
23273,790,845
23274,791,844
23275,789,843
23276,787,843
23277,787,842
23278,786,842
23279,784,841
23280,783,840
23281,782,840
23282,781,839
23283,780,838
23284,779,838
23285,778,837
23286,776,836
23296,749,813
23297,740,809
23298,732,804
23299,724,799
23300,718,795
23301,711,790
23302,707,786
23303,702,782
23304,697,778
23305,693,774
23306,690,770
23307,685,766
23308,683,763
23309,679,758
23310,678,755
23311,675,751
23312,675,748
23313,672,744
23314,672,741
23315,670,739
23316,670,734
23317,669,734
23318,669,732
23319,668,729
23320,667,725
23321,668,723
23322,667,719
23323,667,717
23324,666,713
23325,667,711
23326,667,708
23327,668,706
23328,668,702
23329,669,700
23330,668,698
23331,669,696
23332,669,692
23333,670,690
23334,670,687
23335,672,686
23336,672,682
23337,673,681
23338,673,678
23339,674,677
23340,674,674
23341,676,672
23342,676,670
23343,677,669
23344,678,666
23345,680,665
23346,680,662
23347,681,661
23348,681,658
23349,682,657
23350,682,655
23351,684,654
23352,684,651
23353,686,650
23354,687,648
23355,689,647
23356,689,645
23357,691,644
23358,692,642
23359,694,641
23360,695,639
23361,695,638
23362,698,637
23363,698,635
23364,700,634
23365,701,632
23366,703,632
23367,705,631
23368,705,629
23369,707,628
23370,707,628
23371,709,627
23372,710,625
23373,712,624
23374,712,623
23375,714,622
23376,714,620
23377,714,620
23378,716,619
23379,717,618
23380,719,617
23381,719,616
23382,719,616
23383,721,615
23384,721,613
23385,721,613
23386,723,612
23387,724,611
23388,724,611
23389,726,610
23390,726,609
23391,727,610
23392,727,609
23393,728,610
23394,728,609
23395,729,610
23396,729,609
23397,731,610
23398,731,609
23399,730,610
23400,731,610
23401,731,609
23402,733,609
23403,734,610
23404,734,609
23405,733,610
23406,735,610
23407,735,609
23408,736,610
23409,736,609
23410,737,610
23411,737,609
23412,736,610
23413,738,610
23414,738,609
23415,739,609
23416,741,611
23417,747,615
23418,755,622
23419,761,628
23420,769,634
23421,774,639
23422,779,643
23423,784,647
23424,787,651
23425,793,656
23426,797,660
23427,800,663
23428,802,666
23429,804,670
23430,808,674
23431,810,679
23432,811,685
23433,812,690
23434,815,696
23435,815,702
23436,816,707
23437,818,712
23438,818,717
23439,819,723
23440,819,729
23441,820,735
23442,819,740
23443,818,744
23444,819,750
23445,819,754
23446,819,760
23447,818,764
23448,817,770
23449,818,776
23450,817,781
23451,816,787
23452,816,792
23453,817,796
23454,817,801
23455,817,806
23456,817,810
23457,817,815
23458,817,820
23459,816,825
23460,816,830
23461,816,835
23464,818,769
23465,816,766
23466,818,765
23467,817,763
23468,818,762
23469,818,760
23470,819,759
23471,818,755
23472,820,755
23473,821,754
23474,820,754
23475,819,752
23476,819,750
23477,821,752
23478,822,751
23479,823,751
23480,824,751
23481,825,751
23482,826,751
23483,823,753
23484,823,753
23485,823,753
23486,823,753
23487,823,753
23488,825,757
23489,825,758
23490,825,759
23491,826,760
23492,825,764
23493,827,765
23494,828,766
23495,826,771
23496,828,773
23497,829,776
23498,827,779
23499,827,782
23500,826,784
23501,829,788
23502,830,791
23503,831,794
23504,830,798
23505,831,803
23506,831,806
23507,831,810
23508,831,814
23509,831,818
23510,831,821
23511,834,829
23512,835,834
23513,836,839
23514,834,845
23515,834,850
23516,834,855
23517,836,861
23518,837,866
23519,836,862
23520,835,863
23521,835,864
23522,835,865
23523,834,866
23524,834,867
23525,834,868
23526,834,869
23527,833,870
23529,834,845
23530,831,844
23531,827,844
23532,820,844
23533,817,846
23534,811,849
23535,808,851
23536,803,852
23537,799,854
23538,794,855
23539,793,859
23540,790,861
23541,787,863
23542,787,867
23543,785,870
23544,785,874
23545,783,876
23546,782,880
23547,781,878
23548,782,876
23549,782,874
23550,781,872
23551,783,869
23552,783,867
23553,783,864
23554,783,862
23555,785,861
23556,786,859
23557,789,858
23558,789,855
23559,791,853
23560,790,851
23561,790,851
23562,793,849
23563,794,847
23564,797,845
23565,797,845
23566,798,844
23567,799,844
23568,800,843
23569,803,843
23570,803,843
23571,805,842
23572,807,842
23573,814,829
23574,821,820
23575,828,812
23576,831,802
23577,834,794
23578,836,786
23579,839,778
23580,845,766
23581,848,760
23582,850,754
23583,853,748
23584,855,739
23585,856,730
23586,859,723
23587,860,716
23588,861,707
23589,864,701
23590,865,693
23591,867,687
23592,868,681
23593,868,674
23594,870,669
23595,871,663
23596,871,656
23597,873,651
23598,874,644
23599,875,639
23600,875,632
23601,875,628
23602,877,623
23603,877,618
23604,878,613
23605,878,607
23606,878,602
23607,879,598
23608,879,594
23609,880,589
23610,880,585
23611,881,580
23612,881,575
23613,880,571
23614,882,567
23615,881,564
23616,882,560
23617,882,559
23618,881,559
23619,882,559
23620,882,559
23621,883,559
23622,882,558
23623,881,558
23624,882,558
23625,881,557
23626,880,557
23627,879,560
23628,875,563
23629,872,567
23630,871,571
23631,870,574
23632,868,577
23633,868,581
23634,866,583
23635,866,587
23636,865,589
23637,865,592
23638,864,594
23639,864,598
23640,863,600
23641,864,603
23642,863,605
23643,862,608
23644,864,609
23645,866,609
23646,868,607
23647,870,607
23648,871,605
23649,872,603
23650,870,606
23651,867,609
23652,863,611
23653,862,613
23654,860,614
23655,857,616
23656,857,619
23657,854,620
23658,854,622
23659,852,623
23660,852,626
23661,851,628
23662,851,631
23663,850,632
23664,851,632
23665,851,631
23666,852,632
23667,852,632
23668,854,633
23669,854,634
23670,854,634
23671,856,635
23672,857,635
23673,857,637
23674,859,639
23675,860,638
23676,863,638
23677,860,639
23678,849,641
23679,838,643
23680,827,646
23681,816,649
23682,807,651
23683,799,654
23684,790,656
23685,783,659
23686,776,660
23687,770,662
23688,763,663
23689,759,664
23690,755,666
23691,750,667
23692,746,669
23693,742,672
23694,739,675
23695,735,678
23696,733,683
23697,729,686
23698,728,690
23699,725,693
23700,724,697
23701,721,699
23702,720,703
23703,718,706
23704,718,710
23705,715,713
23706,715,717
23707,714,719
23708,714,723
23709,713,726
23710,713,729
23711,712,732
23712,712,735
23713,711,737
23714,712,741
23715,711,743
23716,712,747
23717,711,749
23718,712,752
23719,712,754
23720,712,758
23721,715,759
23722,716,760
23723,718,762
23724,719,764
23725,721,766
23726,722,768
23727,724,770
23728,725,771
23729,715,779
23730,717,780
23731,718,782
23732,723,783
23733,728,780
23734,731,776
23735,737,772
23736,744,769
23737,748,765
23738,754,763
23739,758,760
23740,761,756
23741,767,754
23742,771,752
23743,774,748
23744,779,747
23745,783,744
23746,788,742
23747,791,738
23748,796,736
23749,799,733
23750,802,732
23751,807,729
23752,809,727
23753,814,726
23754,817,724
23755,819,721
23756,824,719
23757,826,718
23758,830,714
23759,833,713
23760,837,712
23761,840,710
23762,842,709
23763,846,708
23764,849,705
23765,853,704
23766,855,702
23767,859,701
23768,861,700
23769,864,699
23770,867,696
23771,871,694
23772,873,691
23773,875,690
23774,879,688
23775,881,687
23776,884,686
23777,886,684
23778,887,683
23779,890,683
23780,892,681
23781,895,681
23782,897,680
23783,899,678
23784,903,677
23785,905,675
23786,906,674
23787,910,674
23788,911,672
23789,914,671
23790,916,670
23791,919,669
23792,921,667
23793,924,667
23794,926,665
23795,930,658
23796,930,646
23797,930,633
23798,929,620
23799,928,609
23800,929,599
23801,928,587
23802,929,577
23803,928,568
23804,929,558
23805,929,547
23806,929,538
23807,929,530
23808,929,524
23809,928,519
23810,927,516
23811,928,514
23812,927,511
23813,928,508
23814,927,506
23815,926,503
23816,927,502
23817,926,500
23818,927,499
23819,926,497
23820,927,494
23821,926,492
23822,927,490
23823,927,488
23824,928,487
23825,927,484
23826,928,483
23827,928,482
23828,929,482
23829,929,481
23830,928,480
23831,929,480
23832,929,479
23833,930,479
23834,930,477
23835,931,477
23836,931,475
23837,932,474
23838,932,473
23839,933,473
23840,933,473
23841,934,473
23842,934,472
23843,935,473
23844,935,473
23845,935,472
23846,936,471
23847,936,470
23848,938,470
23849,938,469
23850,938,468
23851,939,468
23852,941,468
23853,940,468
23854,941,468
23855,941,469
23856,940,468
23857,942,468
23858,945,468
23859,952,465
23860,962,463
23861,973,461
23862,982,458
23863,989,456
23864,997,454
23865,1005,452
23866,1012,450
23867,1020,448
23868,1017,447
23869,1022,445
23870,1025,444
23871,1029,443
23872,1031,441
23873,1035,441
23874,1039,440
23875,1040,439
23876,1042,439
23877,1043,438
23878,1046,438
23879,1047,438
23880,1048,438
23881,1050,438
23882,1051,438
23883,1051,439
23884,1053,439
23885,1053,439
23886,1052,440
23887,1053,440
23888,1053,442
23889,1055,443
23890,1056,444
23891,1057,445
23892,1055,447
23893,1054,448
23894,1055,450
23895,1054,452
23896,1053,452
23897,1051,451
23898,1048,449
23899,1046,448
23900,1043,445
23901,1042,443
23902,1040,440
23903,1039,437
23904,1039,436
23905,1037,433
23906,1035,430
23907,1034,428
23908,1032,426
23909,1033,424
23910,1031,422
23911,1031,421
23912,1030,419
23913,1028,418
23914,1029,416
23915,1027,415
23916,1028,414
23917,1026,414
23918,1027,413
23919,1026,412
23920,1026,412
23921,1025,411
23922,1025,411
23923,1024,411
23924,1024,411
23925,1023,411
23926,1024,411
23927,1023,411
23928,1022,409
23929,1023,406
23930,1022,404
23931,1023,402
23932,1022,399
23933,1023,397
23934,1020,399
23935,1017,403
23936,1013,408
23937,1011,413
23938,1008,419
23939,1007,423
23940,1004,428
23941,1003,432
23942,1000,436
23943,999,441
23944,997,446
23945,996,450
23946,994,454
23947,993,458
23948,992,460
23949,992,463
23950,990,465
23951,990,468
23952,989,470
23953,989,473
23954,988,476
23955,986,478
23956,986,481
23957,987,485
23958,986,488
23959,984,491
23960,985,494
23961,984,496
23962,984,498
23963,983,500
23964,984,503
23965,983,505
23966,982,507
23967,983,509
23968,982,511
23969,983,513
23970,982,514
23971,983,515
23972,982,517
23973,981,518
23974,982,520
23975,982,522
23976,982,524
23977,982,525
23978,980,528
23979,981,530
23980,984,531
23981,985,532
23982,977,527
23983,972,521
23984,967,516
23985,964,511
23986,961,506
23987,957,502
23988,955,498
23989,952,494
23990,951,490
23991,949,487
23992,947,484
23993,946,481
23994,944,478
23995,943,475
23996,943,472
23997,941,470
23998,941,467
23999,940,464
24000,939,461
24001,940,459
24002,939,457
24003,939,456
24004,938,453
24005,938,451
24006,939,449
24007,938,447
24008,938,445
24009,939,443
24010,939,441
24011,938,439
24012,938,438
24013,940,436
24014,940,434
24015,941,433
24016,941,432
24017,941,430
24018,943,429
24019,942,427
24020,942,425
24021,944,424
24022,944,423
24023,946,421
24024,947,419
24025,945,419
24026,944,420
24027,944,420
24028,941,421
24029,941,422
24030,941,423
24031,940,424
24032,941,425
24033,940,426
24034,940,427
24035,939,427
24036,939,429
24037,940,430
24038,941,431
24039,942,432
24040,942,433
24041,938,430
24042,940,431
24043,939,431
24044,940,432
24045,940,433
24046,940,433
24047,940,433
24048,941,432
24049,940,432
24050,940,432
24051,938,433
24052,937,433
24053,937,433
24054,935,433
24055,935,433
24056,934,433
24057,934,433
24058,933,433
24059,934,434
24060,938,435
24061,941,436
24062,945,437
24063,946,437
24064,954,438
24065,959,438
24066,966,439
24067,970,439
24068,974,438
24069,979,439
24070,983,441
24071,987,442
24072,991,441
24073,996,443
24074,1000,443
24075,1003,445
24076,1007,446
24077,1010,447
24078,1014,449
24079,1017,451
24080,1020,452
24081,1022,453
24082,1023,452
24083,1025,452
24084,1028,453
24085,1030,453
24086,1031,453
24087,1033,453
24088,1035,454
24089,1037,455
24090,1038,457
24091,1041,458
24092,1042,458
24093,1043,459
24094,1045,460
24095,1046,460
24096,1046,460
24097,1046,461
24098,1045,462
24099,1042,463
24100,1039,464
24101,1039,465
24102,1036,466
24103,1035,467
24104,1033,468
24105,1032,470
24106,1030,470
24107,1030,471
24108,1031,472
24109,1030,473
24110,1031,474
24111,1031,474
24112,1033,475
24113,1032,475
24114,1034,476
24115,1034,477
24116,1034,477
24117,1036,477
24118,1037,478
24119,1037,477
24120,1039,478
24121,1039,478
24122,1042,479
24123,1042,479
24124,1042,479
24125,1044,480
24126,1045,480
24127,1047,481
24128,1047,481
24129,1049,482
24130,1050,482
24131,1050,482
24132,1052,483
24133,1053,483
24134,1055,483
24135,1056,483
24136,1057,483
24137,1058,484
24138,1054,483
24139,1041,483
24140,1024,481
24141,1010,480
24142,993,479
24143,992,480
24144,997,482
24145,1006,484
24146,1014,486
24147,1020,487
24148,1028,489
24149,1034,492
24150,1040,493
24151,1048,495
24152,1054,497
24153,1060,499
24154,1067,500
24155,1072,502
24156,1080,504
24157,1084,506
24158,1089,507
24159,1095,510
24160,1100,512
24161,1104,514
24162,1109,516
24163,1115,519
24164,1119,521
24165,1122,523
24166,1127,526
24167,1130,528
24168,1133,531
24169,1135,532
24170,1137,535
24171,1137,536
24172,1139,538
24173,1140,541
24174,1142,543
24175,1143,545
24176,1143,548
24177,1143,548
24178,1143,547
24179,1142,545
24180,1141,543
24181,1140,541
24182,1141,540
24183,1139,540
24184,1139,539
24185,1138,538
24186,1136,538
24187,1136,538
24188,1135,537
24189,1135,537
24190,1134,538
24191,1134,538
24192,1133,538
24193,1134,539
24194,1133,540
24195,1133,540
24196,1133,541
24197,1132,543
24198,1131,543
24199,1132,544
24200,1131,546
24201,1132,548
24202,1131,549
24203,1130,548
24204,1128,547
24205,1128,546
24206,1129,545
24207,1129,544
24208,1130,544
24209,1130,543
24210,1131,544
24211,1131,544
24212,1133,544
24213,1133,544
24214,1134,545
24215,1134,546
24216,1135,546
24217,1135,547
24218,1137,548
24219,1137,547
24220,1137,546
24221,1138,546
24222,1138,546
24223,1139,545
24224,1139,545
24225,1140,545
24226,1142,545
24227,1142,546
24228,1143,546
24229,1143,546
24230,1144,547
24231,1144,547
24232,1146,548
24233,1145,548
24234,1145,548
24235,1144,547
24236,1140,545
24237,1135,544
24238,1130,542
24239,1127,541
24240,1124,540
24241,1120,539
24242,1117,539
24243,1116,538
24244,1113,537
24245,1112,536
24246,1110,535
24247,1110,535
24248,1108,535
24249,1108,535
24250,1107,534
24251,1107,534
24252,1108,535
24253,1107,534
24254,1107,534
24255,1106,533
24256,1107,533
24257,1107,533
24258,1108,534
24259,1108,533
24260,1109,533
24261,1109,533
24262,1110,533
24263,1110,533
24264,1111,533
24265,1111,533
24266,1112,533
24267,1112,533
24268,1112,532
24269,1104,529
24270,1095,527
24271,1087,524
24272,1081,522
24273,1075,520
24274,1070,518
24275,1065,516
24276,1061,515
24277,1056,513
24278,1053,512
24279,1050,510
24280,1047,508
24281,1045,507
24282,1042,506
24283,1041,505
24284,1038,505
24285,1037,504
24286,1036,503
24287,1035,502
24288,1035,502
24289,1034,501
24290,1032,501
24291,1033,500
24292,1032,500
24293,1033,499
24294,1032,498
24295,1033,497
24296,1033,497
24297,1034,497
24298,1034,497
24299,1035,497
24300,1035,496
24301,1036,496
24302,1036,496
24303,1037,496
24304,1041,496
24305,1048,495
24306,1059,496
24307,1066,496
24308,1073,497
24309,1078,498
24310,1082,498
24311,1086,499
24312,1091,500
24313,1095,500
24314,1098,501
24315,1101,501
24316,1102,501
24317,1106,503
24318,1108,503
24319,1113,504
24320,1117,505
24321,1117,507
24322,1122,508
24323,1124,509
24324,1126,509
24325,1128,508
24326,1129,507
24327,1131,506
24328,1133,504
24329,1135,503
24330,1136,502
24331,1138,502
24332,1139,502
24333,1141,501
24334,1142,500
24335,1144,500
24336,1145,500
24337,1147,500
24338,1148,499
24339,1148,498
24340,1150,498
24341,1151,498
24342,1152,498
24343,1152,498
24344,1152,498
24345,1151,497
24346,1150,497
24347,1151,497
24348,1151,497
24349,1150,497
24350,1148,496
24351,1147,495
24352,1146,494
24353,1145,493
24354,1148,494
24355,1148,493
24356,1146,494
24357,1145,494
24358,1148,498
24359,1148,497
24360,1147,497
24361,1147,498
24362,1149,500
24363,1151,502
24364,1152,504
24365,1154,506
24366,1155,508
24367,1155,509
24368,1157,510
24369,1157,511
24370,1157,512
24371,1158,514
24372,1158,514
24373,1160,515
24374,1160,516
24375,1159,517
24376,1160,517
24377,1160,518
24378,1159,518
24379,1160,518
24380,1160,519
24381,1159,519
24382,1160,520
24383,1159,520
24384,1160,520
24385,1159,520
24386,1158,520
24387,1158,521
24388,1157,522
24389,1157,523
24390,1155,524
24391,1155,524
24392,1153,525
24393,1153,526
24394,1152,526
24395,1152,527
24396,1151,527
24397,1151,527
24398,1150,527
24399,1150,528
24400,1149,527
24401,1149,527
24402,1148,528
24403,1149,529
24404,1148,528
24405,1148,528
24406,1148,528
24407,1146,528
24408,1147,529
24409,1146,528
24410,1145,529
24411,1146,528
24412,1145,528
24413,1146,529
24414,1145,529
24415,1145,530
24416,1144,529
24417,1143,528
24418,1140,526
24419,1137,526
24420,1136,523
24421,1134,522
24422,1130,521
24423,1128,520
24424,1126,518
24425,1125,518
24426,1123,516
24427,1123,516
24428,1123,516
24429,1122,516
24430,1123,516
24431,1123,515
24432,1122,516
24433,1123,516
24434,1123,516
24435,1124,517
24436,1123,517
24437,1122,517
24438,1120,515
24439,1118,513
24440,1115,510
24441,1114,509
24442,1112,507
24443,1111,506
24444,1112,505
24445,1110,505
24446,1110,504
24447,1109,503
24448,1109,503
24449,1108,502
24450,1108,501
24451,1107,501
24452,1107,500
24453,1106,499
24454,1107,499
24455,1106,499
24456,1107,499
24457,1106,498
24458,1105,498
24459,1106,497
24460,1107,498
24461,1106,497
24462,1107,497
24463,1107,497
24464,1106,496
24465,1107,497
24466,1106,497
24467,1107,497
24468,1107,496
24469,1108,497
24470,1108,497
24471,1109,497
24472,1109,497
24473,1110,497
24474,1109,497
24475,1110,497
24476,1110,497
24477,1111,497
24478,1111,497
24479,1110,497
24480,1111,497
24481,1111,498
24482,1112,498
24483,1112,498
24484,1113,498
24485,1113,498
24486,1112,497
24487,1113,498
24488,1113,498
24489,1114,498
24490,1114,498
24491,1113,498
24492,1115,498
24493,1114,498
24494,1114,497
24495,1113,497
24496,1116,498
24497,1115,497
24498,1114,497
24499,1113,497
24500,1113,497
24501,1116,498
24502,1117,498
24503,1102,498
24504,1086,497
24505,1073,497
24506,1048,497
24507,1028,497
24508,1025,499
24509,1034,503
24510,1045,505
24511,1053,503
24512,1060,500
24513,1066,496
24514,1074,493
24515,1081,491
24516,1089,488
24517,1096,485
24518,1103,482
24519,1111,480
24520,1118,477
24521,1125,474
24522,1133,471
24525,1107,510
24526,1105,508
24527,1104,507
24528,1103,506
24529,1102,505
24530,1101,504
24531,1100,503
24532,1099,502
24533,1105,471
24534,1105,465
24535,1105,460
24536,1105,454
24537,1102,471
24538,1101,473
24539,1099,475
24540,1101,475
24541,1100,475
24542,1101,473
24543,1101,470
24544,1101,469
24545,1102,466
24546,1104,464
24547,1104,463
24548,1103,462
24549,1103,459
24550,1102,457
24551,1102,455
24552,1102,453
24553,1106,454
24554,1106,454
24555,1106,453
24556,1106,453
24557,1106,452
24558,1109,453
24559,1109,453
24560,1108,452
24561,1107,452
24562,1108,453
24563,1108,453
24564,1108,453
24565,1108,454
24566,1107,452
24567,1109,454
24568,1108,455
24569,1108,456
24570,1108,457
24571,1107,458
24572,1107,459
24573,1107,460
24574,1106,461
24575,1106,462
24576,1106,463
24581,1095,448
24582,1076,448
24583,1057,447
24584,1037,447
24585,1019,447
24586,1000,447
24587,981,447
24588,962,445
24589,945,445
24590,926,444
24591,910,444
24592,894,444
24593,877,442
24594,860,441
24595,846,441
24596,832,441
24597,817,441
24598,802,440
24599,793,438
24600,779,437
24601,769,436
24602,758,436
24603,746,435
24604,736,434
24605,724,433
24606,713,431
24607,702,430
24608,690,428
24609,681,429
24610,675,426
24611,679,419
24612,679,414
24613,690,405
24614,694,397
24615,698,389
24616,701,385
24617,704,379
24618,706,372
24619,708,367
24620,710,362
24621,712,356
24622,714,350
24623,716,344
24624,717,342
24625,717,337
24626,719,333
24627,719,330
24628,719,325
24629,721,322
24630,721,318
24631,721,314
24632,720,310
24633,722,308
24634,723,305
24635,722,301
24636,722,299
24637,723,297
24638,722,293
24639,721,291
24640,721,289
24641,720,286
24642,721,285
24643,720,283
24644,721,281
24645,720,280
24646,719,278
24647,720,276
24648,719,276
24649,717,274
24650,716,273
24651,714,272
24652,713,271
24653,712,270
24654,710,269
24655,707,269
24656,707,269
24657,705,270
24658,703,270
24659,701,270
24660,700,271
24661,698,271
24662,696,271
24663,696,272
24664,694,273
24665,692,273
24666,692,274
24667,689,275
24668,689,276
24669,687,277
24670,685,278
24671,685,280
24672,683,282
24673,681,284
24674,681,285
24675,679,287
24676,678,288
24677,677,292
24678,675,294
24679,675,297
24680,674,299
24681,672,301
24682,669,303
24683,669,307
24684,669,310
24685,668,313
24686,666,316
24687,664,318
24688,664,322
24689,663,325
24690,661,330
24691,659,332
24692,659,335
24693,657,339
24694,657,338
24695,655,334
24696,656,330
24697,654,325
24698,654,322
24699,653,317
24700,654,313
24701,654,310
24702,654,306
24703,653,302
24704,653,299
24705,652,295
24706,653,292
24707,653,289
24708,652,285
24709,653,283
24710,653,280
24711,653,277
24712,652,275
24713,653,272
24714,653,269
24715,652,267
24716,653,265
24717,652,263
24718,653,261
24719,652,259
24720,652,258
24721,653,256
24722,652,254
24723,652,253
24724,652,252
24725,652,251
24726,653,250
24727,652,249
24728,653,248
24729,652,247
24730,651,246
24731,653,246
24732,652,246
24733,653,246
24734,653,245
24735,652,245
24736,653,246
24737,652,246
24738,653,246
24739,653,246
24740,652,247
24741,653,248
24742,653,249
24743,654,249
24744,654,250
24745,653,251
24746,654,252
24747,653,253
24748,653,254
24749,654,256
24750,654,258
24751,654,259
24752,654,260
24753,653,262
24754,653,263
24755,655,267
24756,655,269
24757,655,270
24758,656,273
24759,656,276
24760,655,278
24761,657,280
24762,656,283
24763,657,281
24764,657,277
24765,656,274
24766,655,270
24767,656,268
24768,655,266
24769,656,264
24770,656,261
24771,655,259
24772,655,257
24773,654,254
24774,655,252
24775,654,251
24776,655,249
24777,654,247
24778,655,246
24779,655,244
24780,654,243
24781,655,242
24782,655,241
24783,655,240
24784,655,238
24785,655,237
24786,655,237
24787,654,236
24788,655,236
24789,654,236
24790,655,236
24791,654,236
24792,655,236
24793,654,236
24794,655,236
24795,654,236
24796,655,236
24797,654,236
24798,655,236
24799,654,236
24800,654,236
24801,653,236
24802,653,236
24803,653,236
24804,653,236
24805,652,236
24806,652,236
24807,652,236
24820,722,94
24821,722,94
24822,721,93
24823,722,93
24824,722,93
24825,721,93
24826,722,93
24827,722,93
24828,722,93
24829,722,93
24830,722,93
24831,721,93
24832,722,93
24833,721,93
24834,722,93
24835,721,93
24836,722,93
24837,721,93
24838,722,93
24839,721,93
24840,722,93
24841,721,93
24842,722,93
24843,721,93
24844,722,93
24845,721,93
24846,722,93
24847,721,93
24848,722,93
24849,721,93
24850,722,93
24851,721,93
24852,722,93
24853,721,93
24854,722,93
24855,721,93
24856,722,93
24857,721,93
24858,722,93
24859,721,93
24860,722,93
24861,721,93
24862,722,93
24863,721,93
24864,722,93
24865,721,93
24866,722,93
24867,721,93
24868,722,93
24869,721,93
24870,722,93
24871,721,93
24872,722,93
24873,721,93
24874,722,93
24875,721,93
24876,722,93
24877,721,93
24878,722,93
24879,721,93
24880,722,93
24881,721,93
24882,722,93
24883,721,93
24884,722,93
24885,721,93
24886,722,93
24887,721,93
24888,722,93
24889,721,93
24890,722,93
24891,721,93
24892,722,93
24893,721,93
24894,722,93
24895,721,93
24896,722,93
24897,721,93
24898,722,93
24899,723,93
24900,722,93
24901,723,93
24902,722,93
24903,723,93
24904,722,93
24905,723,93
24906,723,93
24907,723,93
24908,723,93
24909,723,93
24910,723,93
24911,722,93
24912,723,93
24913,723,93
24914,724,93
24915,723,93
24916,724,93
24917,723,93
24918,724,94
24919,723,94
24920,724,94
24921,724,94
24922,723,93
24923,724,94
24924,724,94
24925,724,94
24926,725,94
24927,724,94
24928,726,94
24929,725,94
24930,724,94
24931,726,94
24932,725,94
24933,725,94
24934,725,94
24935,734,97
24936,735,98
24937,738,99
24938,740,100
24939,743,101
24940,745,101
24941,748,102
24942,751,103
24943,752,105
24944,756,106
24945,757,106
24946,760,107
24947,762,108
24948,765,109
24949,767,109
24950,768,110
24951,771,112
24952,773,113
24953,776,114
24954,778,114
24955,781,115
24956,782,116
24957,784,116
24958,785,116
24959,789,117
24960,790,117
24961,791,118
24962,793,119
24963,794,119
24964,796,120
24965,797,120
24966,799,121
24967,800,121
24968,802,122
24973,820,129
24974,823,131
24975,826,131
24976,828,132
24977,831,133
24978,833,133
24979,837,134
24980,838,134
24981,841,136
24982,842,137
24983,845,138
24984,847,139
24985,849,140
24986,850,140
24987,853,141
24988,854,141
24989,857,142
24990,859,144
24991,861,145
24992,863,145
24993,865,146
24994,866,146
24995,868,147
24996,869,148
24997,872,149
24998,873,149
24999,875,150
25000,876,150
25001,878,152
25002,879,153
25003,881,153
25004,882,154
25005,882,154
25006,882,154
25007,880,154
25008,881,155
25009,880,155
25010,882,155
25011,887,156
25012,892,157
25013,895,158
25014,900,159
25015,904,161
25016,909,161
25017,912,162
25018,917,162
25019,920,164
25020,925,164
25021,928,165
25022,931,165
25023,935,166
25024,938,167
25025,942,168
25026,945,169
25027,949,170
25028,952,171
25029,955,171
25030,957,172
25031,961,173
25032,964,173
25033,966,174
25034,970,174
25035,972,177
25036,974,177
25037,978,178
25038,980,179
25039,982,179
25040,985,180
25041,987,180
25042,988,180
25043,992,181
25044,993,181
25045,995,182
25046,996,182
25047,998,183
25048,1000,183
25049,1002,183
25050,1004,184
25051,1006,184
25052,1007,184
25068,1035,190
25069,1038,188
25070,1037,188
25071,1039,188
25072,1040,188
25073,1043,188
25074,1044,188
25075,1044,187
25076,1047,188
25077,1047,188
25078,1047,187
25079,1050,187
25080,1051,187
25081,1053,187
25082,1055,187
25083,1056,187
25084,1052,188
25085,1052,188
25086,1053,188
25087,1053,188
25088,1051,188
25089,1050,188
25090,1053,188
25091,1054,188
25092,1052,188
25093,1052,189
25094,1052,189
25095,1050,189
25096,1051,191
25097,1051,193
25098,1047,192
25099,1043,192
25100,1039,191
25101,1038,191
25102,1034,192
25103,1032,193
25104,1029,192
25105,1025,193
25106,1022,193
25107,1019,193
25108,1016,193
25109,1012,193
25110,1019,193
25111,1016,193
25112,1016,193
25113,1013,193
25114,1013,193
25115,1012,193
25116,1010,195
25117,1009,196
25118,1009,197
25119,1008,197
25120,1007,198
25121,1008,200
25122,1009,201
25123,1011,202
25124,1012,203
25125,1015,204
25126,1018,205
25127,1020,205
25128,1024,207
25129,1026,208
25130,1030,208
25131,1033,207
25132,1036,206
25133,1040,205
25134,1045,209
25135,1048,210
25136,1052,210
25137,1054,210
25138,1056,211
25139,1059,211
25140,1061,211
25141,1064,211
25142,1066,211
25143,1069,212
25144,1070,212
25145,1073,213
25146,1074,212
25147,1075,212
25148,1078,213
25149,1079,213
25150,1080,213
25151,1083,214
25152,1084,214
25153,1085,214
25154,1087,214
25155,1088,214
25156,1088,214
25157,1091,215
25158,1091,214
25159,1093,216
25160,1093,216
25161,1095,216
25162,1095,216
25163,1095,215
25164,1097,215
25165,1098,216
25166,1098,216
25167,1098,215
25168,1100,216
25169,1100,217
25170,1102,217
25171,1102,217
25172,1104,217
25173,1104,217
25174,1106,217
25175,1106,217
25176,1107,217
25177,1107,217
25178,1108,218
25179,1110,218
25180,1110,217
25181,1111,218
25182,1111,218
25183,1113,218
25184,1113,218
25185,1113,217
25186,1114,218
25187,1114,218
25188,1116,218
25189,1118,220
25190,1119,221
25191,1123,223
25192,1126,225
25193,1128,227
25194,1129,229
25195,1130,230
25196,1133,232
25197,1135,234
25198,1136,235
25199,1139,237
25200,1140,237
25201,1141,238
25202,1144,241
25203,1145,242
25204,1146,243
25205,1148,244
25206,1149,245
25207,1152,246
25208,1153,247
25209,1155,248
25210,1156,249
25211,1158,250
25212,1159,252
25213,1159,252
25214,1161,253
25215,1162,254
25216,1162,254
25217,1165,256
25218,1167,257
25219,1167,258
25220,1169,259
25221,1168,259
25222,1168,260
25223,1167,261
25224,1166,261
25225,1167,262
25226,1166,262
25227,1165,263
25228,1165,264
25229,1164,265
25230,1164,265
25231,1163,266
25232,1163,266
25233,1163,267
25234,1162,267
25235,1160,268
25236,1160,268
25237,1159,268
25238,1158,269
25239,1159,269
25240,1158,269
25241,1157,270
25242,1156,270
25243,1157,271
25244,1157,272
25245,1155,271
25246,1155,272
25247,1154,273
25248,1154,273
25249,1153,273
25250,1153,274
25251,1152,274
25252,1153,275
25253,1152,275
25254,1152,275
25255,1151,276
25256,1151,276
25257,1150,276
25258,1149,277
25259,1150,277
25260,1149,277
25261,1151,278
25262,1152,280
25263,1153,281
25264,1153,281
25265,1154,282
25266,1154,282
25267,1155,283
25268,1155,283
25269,1156,284
25270,1155,285
25271,1154,285
25272,1155,286
25273,1154,285
25274,1155,286
25275,1155,288
25276,1157,292
25277,1159,296
25278,1159,299
25279,1159,302
25280,1161,306
25281,1162,310
25282,1162,314
25283,1164,318
25284,1164,322
25285,1164,325
25286,1165,329
25287,1165,332
25288,1167,336
25289,1167,339
25290,1166,342
25291,1165,344
25292,1166,347
25293,1166,349
25294,1167,352
25295,1166,354
25296,1165,356
25297,1166,359
25298,1165,362
25299,1166,366
25300,1165,368
25301,1166,372
25302,1165,375
25303,1164,379
25304,1165,382
25305,1164,384
25306,1163,386
25307,1163,389
25308,1162,391
25309,1162,394
25310,1163,397
25311,1162,399
25312,1162,401
25313,1161,403
25314,1161,406
25315,1160,406
25316,1161,408
25317,1160,411
25318,1160,413
25319,1159,414
25320,1159,416
25321,1158,418
25322,1158,420
25323,1157,422
25324,1157,424
25325,1158,427
25326,1157,429
25327,1155,431
25328,1156,432
25329,1155,434
25330,1155,436
25331,1154,437
25332,1153,439
25333,1154,441
25334,1155,444
25335,1154,446
25336,1152,447
25337,1152,449
25338,1153,451
25339,1152,452
25340,1152,454
25341,1151,454
25342,1151,456
25343,1150,457
25344,1151,459
25345,1151,461
25346,1150,462
25347,1150,465
25348,1149,464
25349,1143,462
25350,1130,458
25351,1118,453
25352,1108,449
25353,1097,444
25354,1089,441
25355,1081,437
25356,1075,434
25357,1069,431
25358,1064,428
25359,1057,424
25360,1053,421
25361,1049,419
25362,1046,416
25363,1043,414
25364,1041,411
25365,1037,408
25366,1035,405
25367,1034,402
25368,1033,399
25369,1032,397
25370,1030,394
25371,1029,392
25372,1029,390
25373,1028,388
25374,1028,386
25375,1027,385
25376,1027,383
25377,1026,382
25378,1026,381
25379,1025,379
25380,1025,378
25381,1027,377
25382,1026,374
25383,1028,372
25384,1028,370
25385,1029,369
25386,1029,368
25387,1030,367
25388,1032,367
25389,1032,365
25390,1036,368
25391,1040,373
25392,1042,377
25393,1046,382
25394,1049,385
25395,1051,389
25396,1051,392
25397,1051,395
25398,1050,398
25399,1048,401
25400,1046,404
25401,1044,406
25402,1043,410
25403,1040,412
25404,1042,413
25405,1047,414
25406,1052,415
25407,1056,415
25408,1061,416
25409,1065,417
25410,1068,417
25411,1072,417
25412,1075,418
25413,1077,418
25414,1080,419
25415,1081,420
25416,1084,424
25417,1088,428
25418,1090,433
25419,1092,438
25420,1094,441
25421,1097,446
25422,1099,450
25423,1102,455
25424,1104,459
25425,1105,463
25426,1108,468
25427,1110,473
25428,1111,477
25429,1114,482
25430,1116,486
25431,1117,489
25432,1118,491
25433,1120,495
25434,1121,497
25435,1124,501
25436,1126,506
25437,1127,508
25438,1128,512
25439,1128,514
25440,1131,519
25441,1132,523
25442,1135,528
25443,1136,532
25444,1136,534
25445,1138,537
25446,1139,540
25447,1141,543
25448,1141,546
25449,1143,549
25450,1144,552
25451,1145,556
25452,1146,559
25453,1148,563
25454,1148,565
25455,1151,568
25456,1151,569
25457,1151,572
25458,1153,573
25459,1154,573
25460,1156,574
25461,1158,575
25462,1160,576
25463,1157,575
25464,1156,578
25465,1158,577
25466,1156,578
25467,1157,579
25468,1156,579
25469,1157,578
25470,1157,576
25471,1158,576
25472,1159,575
25473,1160,574
25474,1156,575
25475,1155,575
25476,1159,571
25477,1160,569
25478,1164,565
25479,1164,563
25480,1167,562
25481,1168,561
25482,1168,560
25483,1170,558
25484,1170,557
25485,1170,557
25486,1171,557
25487,1171,555
25488,1170,554
25489,1168,552
25490,1168,551
25491,1167,550
25492,1165,549
25493,1165,548
25494,1164,548
25495,1164,550
25496,1162,553
25497,1163,555
25498,1162,556
25499,1161,556
25500,1161,557
25501,1160,557
25502,1158,557
25503,1157,558
25504,1155,559
25505,1155,560
25506,1154,560
25507,1152,561
25508,1151,563
25509,1149,563
25510,1149,565
25511,1147,565
25512,1145,565
25513,1144,565
25514,1142,565
25515,1141,565
25516,1139,565
25517,1138,566
25518,1136,566
25519,1133,566
25520,1132,567
25521,1130,566
25522,1129,566
25523,1127,566
25524,1124,566
25525,1123,567
25526,1121,567
25527,1120,568
25528,1118,567
25529,1115,566
25530,1114,567
25531,1112,566
25532,1109,567
25533,1108,567
25534,1106,566
25535,1105,567
25536,1103,566
25537,1100,567
25538,1099,567
25539,1097,567
25540,1095,567
25541,1093,567
25542,1091,566
25543,1090,567
25544,1088,567
25545,1085,566
25546,1084,567
25547,1082,566
25548,1081,567
25549,1078,567
25550,1077,567
25551,1075,567
25552,1073,567
25553,1071,567
25554,1068,566
25555,1067,567
25556,1065,566
25557,1062,567
25558,1061,567
25559,1059,566
25560,1056,567
25561,1055,567
25562,1053,566
25563,1052,567
25564,1051,567
25565,1048,566
25566,1045,567
25567,1045,567
25568,1047,570
25569,1049,572
25570,1050,575
25571,1052,577
25572,1053,579
25573,1053,580
25574,1053,582
25575,1054,584
25576,1054,585
25577,1053,587
25578,1054,589
25579,1053,589
25580,1051,591
25581,1051,592
25582,1050,592
25583,1050,594
25584,1048,594
25585,1046,594
25586,1045,596
25587,1043,597
25588,1041,597
25589,1041,598
25590,1039,598
25591,1038,599
25592,1036,599
25593,1033,600
25594,1032,600
25595,1029,600
25596,1028,601
25597,1026,601
25598,1023,602
25599,1022,602
25600,1020,603
25601,1017,602
25602,1016,603
25603,1013,602
25604,1012,603
25605,1009,603
25606,1006,603
25607,1005,604
25608,1002,603
25609,1001,604
25610,999,604
25611,996,604
25612,994,604
25613,991,604
25614,990,604
25615,987,604
25616,986,604
25617,983,604
25618,980,604
25619,978,605
25620,975,604
25621,974,604
25622,971,604
25623,968,604
25624,967,604
25625,964,603
25626,963,604
25627,962,604
25628,964,605
25629,966,607
25630,967,607
25631,970,609
25632,971,610
25633,971,612
25634,971,613
25635,973,614
25636,973,615
25637,972,615
25638,971,617
25639,972,618
25640,971,618
25641,969,618
25642,969,619
25643,968,619
25644,966,621
25645,964,621
25646,964,622
25647,962,622
25648,961,623
25649,959,623
25650,956,624
25651,955,624
25652,953,624
25653,950,624
25654,949,625
25655,947,625
25656,944,625
25657,943,625
25658,940,625
25659,937,626
25660,934,627
25661,934,626
25662,931,626
25663,929,627
25664,926,626
25665,923,627
25666,922,627
25667,918,626
25668,916,627
25669,913,628
25670,912,628
25671,909,627
25672,907,628
25673,904,627
25674,902,628
25675,899,627
25676,897,628
25677,894,627
25678,892,628
25679,889,628
25680,887,628
25681,884,627
25682,882,628
25683,881,628
25684,878,628
25685,877,629
25686,879,632
25687,881,634
25688,882,636
25689,885,639
25690,885,640
25691,885,641
25692,886,644
25693,886,645
25694,887,647
25695,886,648
25696,885,650
25697,885,651
25698,884,651
25699,884,653
25700,883,653
25701,882,655
25702,880,655
25703,878,657
25704,876,658
25705,876,658
25706,874,659
25707,873,660
25708,871,660
25709,870,661
25710,868,662
25711,866,661
25712,865,663
25713,863,663
25714,862,665
25715,860,665
25716,857,668
25717,856,671
25718,854,673
25719,853,677
25720,851,679
25721,850,682
25722,847,684
25723,847,687
25724,844,689
25725,844,692
25726,841,693
25727,840,696
25728,838,698
25729,838,701
25730,836,703
25731,835,706
25732,833,707
25733,832,710
25734,830,711
25735,827,712
25736,826,715
25737,824,716
25738,823,719
25739,823,722
25740,821,724
25741,818,725
25742,818,728
25743,816,728
25744,816,731
25745,814,733
25746,812,734
25747,814,735
25748,831,733
25749,856,730
25750,879,725
25751,902,723
25752,921,720
25753,940,717
25754,956,714
25755,972,712
25756,988,709
25757,1005,706
25758,1021,704
25759,1025,702
25760,1036,700
25761,1046,697
25762,1056,696
25763,1065,694
25764,1073,691
25765,1083,691
25766,1089,690
25767,1095,688
25768,1100,687
25769,1104,684
25770,1110,684
25771,1113,683
25772,1117,681
25773,1120,682
25774,1124,681
25775,1129,681
25776,1132,680
25777,1135,679
25778,1139,680
25779,1141,680
25780,1145,681
25781,1147,681
25782,1149,680
25783,1153,681
25784,1156,681
25785,1158,683
25786,1161,684
25787,1163,683
25788,1164,685
25789,1166,687
25790,1169,686
25791,1170,688
25792,1174,690
25793,1179,692
25794,1184,694
25795,1187,691
25796,1188,685
25797,1189,679
25798,1190,672
25799,1191,666
25800,1194,663
25801,1194,658
25802,1197,654
25803,1200,650
25804,1202,645
25805,1206,642
25806,1208,637
25807,1212,634
25808,1215,631
25809,1217,627
25810,1222,624
25811,1225,622
25812,1229,620
25813,1232,616
25814,1234,615
25815,1237,613
25816,1241,611
25817,1244,609
25818,1247,608
25819,1249,607
25820,1251,605
25821,1254,605
25822,1255,604
25823,1256,603
25824,1258,601
25825,1260,603
25826,1261,603
25827,1263,604
25828,1263,604
25829,1265,605
25830,1265,605
25831,1265,606
25832,1266,608
25833,1266,609
25834,1264,607
25835,1260,602
25836,1256,598
25837,1252,592
25838,1249,589
25839,1245,585
25840,1241,581
25841,1236,578
25842,1233,575
25843,1229,572
25844,1225,568
25845,1222,566
25846,1217,563
25847,1214,561
25848,1210,557
25849,1205,554
25850,1203,553
25851,1199,551
25852,1194,550
25853,1191,549
25854,1187,547
25855,1184,546
25856,1180,546
25857,1177,545
25858,1173,544
25859,1170,545
25860,1166,547
25861,1164,548
25862,1160,548
25863,1157,550
25864,1153,551
25865,1151,554
25866,1147,555
25867,1145,557
25868,1141,559
25869,1139,562
25870,1135,564
25871,1133,567
25872,1129,565
25873,1125,561
25874,1123,559
25875,1119,556
25876,1115,554
25877,1113,553
25878,1109,550
25879,1107,549
25880,1104,548
25881,1101,547
25882,1098,546
25883,1095,545
25884,1094,545
25885,1092,544
25886,1090,544
25887,1088,543
25888,1087,543
25889,1084,543
25890,1083,544
25891,1081,543
25892,1080,544
25893,1078,545
25894,1077,546
25895,1075,546
25896,1073,546
25897,1072,548
25898,1070,549
25899,1069,551
25900,1067,553
25901,1065,555
25902,1065,557
25903,1063,558
25904,1062,560
25905,1060,561
25906,1058,560
25907,1057,558
25908,1054,556
25909,1054,555
25910,1052,553
25911,1049,551
25912,1048,550
25913,1047,549
25914,1045,549
25915,1044,549
25916,1042,547
25917,1041,547
25918,1039,547
25919,1036,546
25920,1036,546
25921,1035,546
25922,1033,547
25923,1033,547
25924,1031,547
25925,1030,548
25926,1029,549
25927,1027,550
25928,1025,551
25929,1025,553
25930,1023,553
25931,1023,554
25932,1022,555
25933,1022,557
25934,1020,559
25935,1019,558
25936,1017,557
25937,1015,555
25938,1013,553
25939,1012,552
25940,1010,552
25941,1009,551
25942,1007,550
25943,1007,550
25944,1005,549
25945,1004,550
25946,1004,551
25947,1003,551
25948,1001,551
25949,1000,552
25950,998,553
25951,998,553
25952,996,554
25953,996,555
25954,995,556
25955,995,557
25956,993,556
25957,991,555
25958,991,555
25959,989,554
25960,988,554
25961,987,553
25962,986,553
25963,984,552
25964,984,552
25965,982,553
25966,982,553
25967,981,553
25968,979,554
25969,979,554
25970,977,555
25971,977,556
25972,976,556
25973,975,556
25974,973,555
25975,972,555
25976,970,554
25977,971,554
25978,967,555
25979,962,556
25980,957,558
25981,950,561
25982,943,561
25983,936,562
25984,932,562
25985,925,562
25986,922,563
25987,916,561
25988,910,560
25989,904,560
25990,902,559
25991,897,557
25992,892,556
25993,887,555
25994,882,554
25995,878,553
25996,873,553
25997,868,552
25998,863,551
25999,858,550
26000,854,549
26004,850,536
26005,850,536
26006,850,536
26007,850,536
26008,850,536
26009,836,531
26010,833,530
26011,831,529
26012,828,528
26013,825,527
26014,823,526
26015,820,525
26016,817,524
26017,815,523
26022,830,528
26023,830,528
26024,830,528
26025,833,529
26026,836,529
26027,837,530
26028,840,531
26029,842,530
26030,845,530
26031,847,528
26032,850,529
26033,852,530
26034,853,530
26035,856,531
26036,856,531
26037,856,530
26038,858,530
26039,858,529
26040,857,529
26041,857,529
26042,857,529
26043,856,530
26044,856,530
26045,856,530
26046,855,530
26047,855,530
26048,855,530
26055,822,551
26056,822,551
26057,822,551
26058,822,551
26059,822,551
26060,822,551
26061,822,551
26062,822,551
26063,861,556
26064,857,562
26065,854,566
26066,852,571
26067,849,576
26068,847,580
26069,844,585
26070,842,590
26071,839,594
26072,837,599
26075,741,582
26076,731,584
26077,722,586
26078,713,588
26079,704,588
26080,697,588
26081,690,586
26082,684,586
26083,677,585
26084,671,585
26085,664,584
26086,659,584
26087,653,584
26088,648,585
26089,642,584
26090,638,585
26091,634,586
26092,632,587
26093,631,587
26094,630,588
26095,628,590
26096,629,589
26097,629,588
26098,629,587
26099,630,587
26100,632,586
26101,632,586
26102,634,586
26103,634,585
26104,636,586
26105,637,585
26106,639,586
26107,641,586
26108,644,587
26109,645,588
26110,647,588
26111,649,587
26112,652,586
26113,654,585
26114,657,585
26115,661,585
26116,663,585
26117,665,586
26118,669,584
26119,671,586
26120,678,588
26121,689,594
26122,701,601
26123,710,609
26124,718,616
26125,726,623
26126,733,631
26127,742,639
26128,749,646
26129,755,652
26130,761,659
26131,768,665
26132,774,671
26133,781,678
26134,788,685
26135,792,691
26136,796,695
26137,800,699
26138,806,703
26139,810,707
26140,814,712
26141,819,717
26142,822,721
26143,825,725
26144,829,730
26145,832,733
26146,836,739
26147,839,744
26148,842,750
26149,844,754
26150,847,760
26151,849,765
26152,850,767
26153,854,769
26154,854,771
26155,855,773
26156,856,774
26157,856,777
26158,858,780
26159,861,782
26160,862,786
26161,861,786
26162,846,780
26163,825,772
26164,803,764
26165,781,757
26166,762,751
26167,742,744
26168,724,740
26169,704,733
26170,686,729
26171,669,725
26172,651,719
26173,635,716
26174,621,713
26175,604,709
26176,590,706
26177,577,704
26178,562,700
26179,550,699
26180,538,697
26181,527,693
26182,518,690
26183,508,687
26184,497,686
26185,488,685
26186,480,686
26187,472,686
26188,463,685
26189,456,686
26190,449,687
26191,441,687
26192,437,686
26193,434,684
26194,430,683
26195,425,681
26196,422,681
26197,417,679
26198,415,679
26199,413,679
26200,410,678
26201,408,679
26202,405,680
26203,404,679
26204,401,681
26205,398,681
26206,398,683
26207,395,683
26208,395,686
26209,393,687
26210,393,690
26211,392,691
26212,394,690
26213,394,689
26214,396,690
26215,399,690
26216,400,690
26217,403,691
26218,404,692
26219,407,692
26220,407,694
26221,410,696
26222,411,696
26223,414,699
26224,416,699
26225,434,699
26226,457,697
26227,481,695
26228,505,693
26229,530,690
26230,553,689
26231,576,687
26232,598,687
26233,622,686
26234,643,685
26235,663,684
26236,683,683
26237,704,683
26238,723,683
26239,742,682
26240,760,682
26241,779,683
26242,796,683
26243,813,683
26244,828,682
26245,842,681
26246,855,680
26247,868,678
26248,880,677
26249,893,677
26250,904,675
26251,915,675
26252,927,675
26253,937,675
26254,946,674
26255,957,674
26256,966,674
26257,975,674
26258,983,674
26259,990,673
26260,999,673
26261,1005,672
26262,1016,672
26263,1033,675
26264,1052,678
26265,1071,682
26266,1086,686
26267,1100,689
26268,1113,690
26269,1125,692
26270,1138,694
26271,1149,697
26272,1162,700
26273,1173,703
26274,1184,705
26275,1196,709
26276,1206,713
26277,1215,715
26278,1224,719
26279,1232,721
26280,1240,722
26281,1249,726
26282,1256,728
26283,1263,731
26284,1271,735
26285,1277,738
26286,1282,740
26287,1287,743
26288,1294,745
26289,1298,747
26290,1302,750
26291,1305,751
26292,1310,754
26293,1313,756
26294,1316,759
26295,1320,762
26296,1322,763
26297,1324,765
26298,1326,767
26299,1327,770
26300,1328,772
26301,1331,774
26302,1332,777
26303,1333,779
26304,1334,781
26305,1334,783
26306,1335,786
26307,1325,787
26308,1311,787
26309,1297,787
26310,1284,788
26311,1274,789
26312,1261,789
26313,1251,792
26314,1249,793
26315,1242,793
26316,1232,794
26317,1222,796
26318,1214,798
26319,1204,799
26320,1196,803
26321,1187,805
26322,1178,807
26323,1173,810
26324,1165,813
26325,1159,817
26326,1154,820
26327,1147,822
26328,1142,826
26329,1137,829
26330,1132,833
26331,1129,835
26332,1128,836
26333,1126,836
26334,1124,836
26335,1124,837
26336,1123,838
26337,1124,840
26338,1122,842
26339,1123,843
26340,1122,845
26341,1118,846
26342,1113,849
26343,1111,852
26344,1107,853
26345,1102,855
26346,1100,859
26347,1097,861
26348,1096,862
26349,1093,863
26350,1093,865
26351,1092,866
26352,1089,867
26353,1090,868
26354,1089,869
26355,1090,871
26356,1087,873
26357,1088,875
26358,1085,876
26359,1085,877
26360,1084,877
26361,1083,878
26362,1071,878
26363,1049,876
26364,1033,875
26365,1017,874
26366,1001,874
26367,984,873
26368,968,872
26369,952,871
26370,936,870
26371,920,869
26373,795,866
26374,795,866
26375,795,866
26376,795,866
26377,795,866
26378,795,866
26379,795,866
26380,795,866
26381,795,866
26384,590,872
26385,576,874
26386,560,875
26387,548,876
26388,537,876
26389,528,874
26390,520,869
26391,513,866
26392,504,862
26393,499,860
26394,494,858
26395,488,856
26396,481,853
26397,476,851
26398,470,849
26399,464,847
26400,459,845
26401,453,842
26402,447,840
26403,442,838
26404,449,846
26405,445,846
26406,442,846
26407,439,845
26408,435,845
26409,438,843
26410,439,841
26411,439,839
26412,441,835
26413,441,832
26414,441,829
26415,443,828
26416,443,826
26417,446,826
26418,446,823
26419,446,822
26420,449,821
26421,449,821
26422,450,820
26423,450,820
26424,453,820
26425,454,821
26426,456,820
26427,460,819
26428,462,814
26429,468,812
26430,474,810
26431,482,809
26432,487,806
26433,494,805
26434,500,804
26435,507,803
26436,513,802
26437,520,802
26438,526,801
26439,532,801
26440,537,801
26441,544,801
26442,550,799
26443,558,797
26444,564,796
26445,572,794
26446,577,793
26447,585,793
26448,591,791
26449,596,790
26450,604,790
26451,609,789
26452,615,788
26453,623,787
26454,629,786
26455,636,785
26456,642,785
26457,647,783
26458,655,781
26459,660,781
26460,666,780
26461,673,779
26462,678,779
26463,685,778
26464,690,777
26465,694,775
26466,701,774
26467,706,773
26468,713,773
26469,718,772
26470,724,771
26471,729,770
26472,735,770
26473,739,769
26474,745,768
26475,750,767
26476,754,766
26477,761,765
26478,765,765
26479,770,764
26480,776,763
26481,780,762
26482,786,762
26483,791,761
26484,797,761
26485,800,762
26486,801,762
26487,803,762
26488,804,763
26489,807,763
26490,808,764
26491,811,765
26492,812,766
26493,815,768
26494,816,769
26495,819,770
26496,821,770
26497,822,771
26498,826,771
26499,828,771
26500,832,772
26501,834,772
26502,837,773
26503,840,773
26504,844,772
26505,846,772
26506,848,772
26507,853,772
26508,856,773
26509,859,773
26510,863,774
26511,866,774
26512,868,775
26513,872,778
26514,874,778
26515,875,778
26516,878,778
26517,879,778
26518,881,778
26519,882,778
26520,884,779
26521,885,779
26522,887,780
26523,888,781
26524,890,781
26525,892,781
26526,894,781
26527,895,781
26528,898,782
26529,899,782
26530,899,782
26531,902,784
26532,903,783
26533,906,784
26534,907,785
26535,910,786
26536,911,786
26537,914,786
26538,915,786
26539,918,787
26540,919,787
26541,920,787
26542,924,787
26543,925,787
26544,926,787
26545,930,788
26546,931,788
26547,934,788
26548,936,788
26549,937,789
26550,941,789
26551,942,789
26552,945,789
26553,947,789
26554,949,789
26555,950,789
26556,951,789
26557,955,789
26558,959,783
26559,962,767
26560,966,751
26561,969,735
26562,971,720
26563,976,704
26564,978,689
26565,980,675
26566,985,660
26567,986,647
26568,988,635
26569,991,622
26570,993,608
26571,994,596
26572,997,584
26573,998,572
26574,1000,561
26575,1002,548
26576,1004,537
26577,1005,526
26578,1005,515
26579,1007,505
26580,1011,495
26581,1016,485
26582,1019,475
26583,1025,465
26584,1027,455
26585,1031,446
26586,1035,437
26587,1037,428
26588,1039,420
26589,1043,412
26590,1045,408
26591,1047,407
26592,1049,407
26593,1051,406
26594,1052,404
26595,1055,403
26596,1056,401
26597,1058,400
26598,1059,400
26599,1061,399
26600,1062,397
26601,1064,397
26602,1065,396
26603,1065,395
26604,1067,395
26605,1068,395
26606,1068,393
26607,1070,393
26608,1070,392
26609,1072,392
26610,1073,393
26611,1072,392
26612,1073,391
26613,1075,392
26614,1075,392
26615,1075,391
26616,1077,392
26617,1078,393
26618,1079,393
26619,1079,393
26620,1079,394
26621,1081,394
26622,1081,395
26623,1081,395
26624,1082,396
26625,1084,396
26626,1084,396
26627,1083,396
26628,1084,397
26629,1084,396
26630,1083,397
26631,1085,400
26632,1086,402
26633,1087,404
26634,1088,406
26635,1085,400
26636,1084,400
26637,1084,399
26638,1088,405
26639,1092,411
26640,1098,418
26641,1103,424
26642,1107,431
26643,1109,437
26644,1112,442
26645,1116,449
26646,1119,454
26647,1121,459
26648,1124,465
26649,1126,470
26650,1127,474
26651,1130,480
26652,1132,485
26653,1133,490
26654,1134,494
26655,1136,500
26656,1137,504
26657,1139,510
26658,1140,514
26659,1140,519
26660,1142,524
26661,1142,525
26662,1141,526
26663,1139,527
26664,1138,528
26665,1138,531
26666,1136,532
26667,1136,534
26668,1134,536
26669,1131,537
26670,1129,538
26671,1127,540
26672,1125,541
26673,1123,542
26674,1121,543
26675,1123,550
26676,1121,553
26677,1118,554
26678,1118,557
26679,1115,560
26680,1112,564
26681,1111,566
26682,1108,570
26683,1107,573
26684,1105,576
26685,1102,580
26686,1100,582
26687,1099,580
26688,1098,577
26689,1096,574
26690,1096,571
26691,1094,568
26692,1093,567
26693,1091,564
26694,1091,563
26695,1089,561
26696,1089,560
26697,1087,557
26698,1086,556
26699,1084,556
26700,1084,555
26701,1083,554
26702,1081,553
26703,1080,553
26704,1078,552
26705,1077,552
26706,1077,552
26707,1076,551
26708,1079,551
26709,1083,551
26710,1087,551
26711,1090,552
26712,1094,552
26713,1097,552
26714,1101,553
26715,1104,554
26716,1108,556
26717,1110,557
26718,1114,559
26719,1116,559
26720,1117,561
26721,1120,563
26722,1124,565
26723,1124,565
26724,1125,564
26725,1124,561
26726,1123,558
26727,1124,557
26728,1123,556
26729,1123,554
26730,1122,553
26731,1120,551
26732,1120,550
26733,1119,550
26734,1119,549
26735,1118,548
26736,1117,548
26737,1115,547
26738,1114,547
26739,1112,548
26740,1112,548
26741,1110,547
26742,1109,548
26743,1107,549
26744,1107,550
26745,1105,550
26746,1103,551
26747,1102,552
26748,1100,554
26749,1100,555
26750,1098,557
26751,1098,558
26752,1095,559
26753,1095,560
26754,1095,562
26755,1096,564
26756,1096,565
26757,1095,565
26758,1095,567
26759,1096,568
26760,1096,569
26761,1094,570
26762,1094,571
26763,1095,572
26764,1094,573
26765,1092,573
26766,1092,574
26767,1092,575
26768,1090,576
26769,1088,576
26770,1088,577
26771,1086,577
26772,1086,578
26773,1084,579
26774,1083,580
26775,1080,579
26776,1075,580
26777,1070,580
26778,1064,580
26779,1060,581
26780,1055,582
26781,1049,582
26782,1045,584
26783,1040,584
26784,1036,586
26785,1031,586
26786,1028,588
26787,1023,589
26788,1020,590
26789,1016,590
26790,1011,591
26791,1008,591
26792,1004,591
26793,999,592
26794,996,593
26795,992,593
26796,990,593
26797,985,593
26798,983,594
26799,979,594
26800,975,595
26801,973,596
26802,969,595
26803,967,596
26804,964,595
26805,962,596
26806,958,597
26807,954,595
26808,952,595
26809,948,596
26810,946,597
26811,945,597
26812,942,596
26813,940,596
26814,937,595
26815,936,596
26816,932,596
26817,940,595
26818,955,596
26819,971,596
26820,988,597
26821,1004,597
26822,1020,597
26823,1036,598
26824,1050,600
26825,1065,600
26826,1081,602
26827,1095,603
26828,1108,605
26829,1121,605
26830,1133,605
26831,1144,604
26832,1155,605
26833,1166,604
26834,1178,605
26835,1188,605
26836,1197,606
26837,1206,606
26838,1215,607
26839,1223,607
26840,1231,608
26841,1238,607
26842,1245,607
26843,1253,608
26844,1259,607
26845,1264,606
26846,1269,606
26847,1275,607
26848,1279,606
26849,1283,606
26850,1286,605
26851,1289,606
26852,1292,605
26853,1296,605
26854,1299,604
26855,1301,604
26856,1302,603
26857,1305,603
26858,1306,603
26859,1307,602
26860,1307,602
26861,1309,602
26862,1309,601
26863,1309,601
26864,1310,600
26865,1309,600
26866,1308,599
26867,1309,598
26868,1308,598
26869,1308,598
26870,1307,597
26871,1305,596
26872,1304,595
26873,1302,594
26874,1299,594
26875,1298,593
26876,1296,593
26877,1295,592
26878,1293,592
26879,1292,592
26880,1290,593
26881,1287,592
26882,1284,592
26883,1283,591
26884,1280,590
26885,1278,590
26886,1275,591
26887,1271,590
26888,1270,590
26889,1266,589
26890,1264,590
26891,1261,589
26892,1259,589
26893,1255,588
26894,1253,588
26895,1250,588
26896,1247,588
26897,1244,587
26898,1241,587
26899,1238,587
26900,1234,586
26901,1228,588
26902,1220,589
26903,1212,590
26904,1202,592
26905,1192,592
26906,1184,594
26907,1174,596
26908,1166,598
26909,1157,599
26910,1149,600
26911,1140,601
26912,1132,602
26913,1125,604
26914,1117,604
26915,1110,606
26916,1101,606
26917,1095,607
26918,1087,607
26919,1081,608
26920,1074,609
26921,1068,610
26922,1063,610
26923,1056,610
26924,1050,611
26925,1045,612
26926,1039,612
26927,1034,613
26928,1028,613
26929,1023,614
26930,1019,614
26931,1013,614
26932,1009,614
26933,1008,614
26934,1008,614
26935,1008,613
26936,1007,612
26937,1007,612
26938,1006,612
26939,1006,612
26940,1005,611
26941,1005,611
26942,1003,611
26943,1002,610
26944,1002,611
26945,1001,611
26946,999,610
26947,999,610
26948,997,609
26949,995,609
26950,995,609
26951,993,608
26952,992,608
26953,991,608
26954,988,608
26955,987,608
26956,985,607
26957,982,607
26958,981,606
26959,979,605
26960,978,605
26961,978,605
26962,978,603
26963,979,602
26964,977,600
26965,978,600
26966,977,598
26967,978,598
26968,977,597
26969,978,597
26970,977,596
26971,976,594
26972,976,594
26973,975,593
26974,975,593
26975,974,591
26976,974,591
26977,972,591
26978,973,591
26979,971,590
26980,972,590
26981,972,591
26982,971,592
26983,971,592
26984,970,592
26985,970,593
26986,969,594
26987,969,595
26988,968,595
26989,967,595
26990,967,596
26991,968,597
26992,967,597
26993,965,598
26994,965,598
26995,964,598
26996,962,598
26997,962,599
26998,960,598
26999,960,599
27000,959,601
27001,960,603
27002,961,605
27003,961,606
27004,960,607
27005,961,609
27006,961,610
27007,960,611
27008,961,612
27009,960,613
27010,959,614
27011,960,615
27012,960,616
27013,959,617
27014,959,619
27015,959,619
27016,958,619
27017,958,620
27018,957,621
27019,957,622
27020,956,622
27021,956,623
27022,955,623
27023,953,623
27024,953,624
27025,952,623
27026,952,624
27027,951,624
27028,949,624
27029,949,624
27030,948,624
27031,949,626
27032,950,626
27033,950,627
27034,950,627
27035,950,628
27036,951,629
27037,951,630
27038,950,632
27039,952,633
27040,951,635
27041,951,635
27042,952,635
27043,951,635
27044,952,636
27045,951,636
27046,950,637
27047,951,638
27048,950,638
27049,949,637
27050,949,638
27051,948,638
27052,947,639
27053,948,640
27054,947,639
27055,947,640
27056,945,639
27057,945,640
27058,944,639
27059,944,640
27060,954,640
27061,970,640
27062,987,639
27063,1005,640
27064,1022,641
27065,1039,642
27066,1055,642
27067,1073,644
27068,1089,645
27069,1104,645
27070,1121,647
27071,1137,647
27072,1152,649
27073,1168,651
27074,1182,651
27075,1196,653
27076,1210,654
27077,1226,657
27078,1238,658
27079,1250,659
27080,1264,661
27081,1276,662
27082,1287,664
27083,1300,667
27084,1311,669
27085,1321,670
27086,1330,673
27087,1341,677
27088,1349,678
27089,1356,681
27090,1362,682
27091,1369,686
27092,1374,689
27093,1379,691
27094,1384,694
27095,1390,699
27096,1394,702
27097,1398,706
27098,1401,707
27099,1406,712
27100,1409,715
27101,1411,719
27102,1415,723
27103,1415,723
27104,1413,720
27105,1410,716
27106,1407,715
27107,1405,714
27108,1402,714
27109,1401,715
27110,1398,715
27111,1394,714
27112,1392,715
27113,1389,715
27114,1387,717
27115,1384,719
27116,1381,720
27117,1378,722
27118,1377,724
27119,1373,725
27120,1370,726
27121,1367,730
27122,1363,732
27123,1360,735
27124,1358,738
27125,1355,740
27126,1352,742
27127,1350,747
27128,1346,751
27129,1344,755
27130,1340,758
27131,1337,762
27132,1332,765
27133,1326,764
27134,1319,763
27135,1312,762
27136,1307,762
27137,1300,762
27138,1295,761
27139,1288,761
27140,1282,761
27141,1276,762
27142,1270,762
27143,1264,762
27144,1259,763
27145,1253,764
27146,1248,766
27147,1241,766
27148,1237,769
27149,1231,770
27150,1226,772
27151,1220,774
27152,1216,777
27153,1210,779
27154,1206,781
27155,1201,784
27156,1195,787
27157,1191,787
27158,1188,786
27159,1184,785
27160,1181,785
27161,1178,785
27162,1175,785
27163,1171,783
27164,1169,785
27165,1166,786
27166,1162,786
27167,1160,787
27168,1157,788
27169,1155,789
27170,1152,790
27171,1148,791
27172,1147,793
27173,1144,795
27174,1143,797
27175,1140,798
27176,1137,797
27177,1136,797
27178,1132,797
27179,1129,797
27180,1128,798
27181,1126,798
27182,1123,799
27183,1122,801
27184,1119,802
27185,1116,803
27186,1116,804
27187,1113,805
27188,1112,805
27189,1110,805
27190,1107,805
27191,1104,805
27192,1104,805
27193,1101,806
27194,1098,806
27195,1098,808
27196,1096,810
27197,1095,811
27198,1093,811
27199,1090,812
27200,1089,812
27201,1087,812
27202,1086,813
27203,1084,813
27204,1083,813
27205,1080,814
27206,1079,816
27207,1077,815
27208,1074,814
27209,1074,816
27210,1071,815
27211,1070,817
27212,1068,818
27213,1067,819
27214,1065,819
27215,1062,820
27216,1062,821
27217,1060,821
27218,1060,821
27219,1057,822
27220,1054,822
27221,1054,824
27222,1052,825
27223,1052,826
27224,1049,826
27225,1048,826
27226,1046,826
27227,1043,827
27228,1043,827
27229,1040,827
27230,1039,828
27231,1037,828
27232,1035,829
27233,1034,829
27234,1031,829
27235,1028,830
27236,1027,830
27237,1024,830
27238,1023,830
27239,1020,832
27240,1019,834
27241,1016,834
27242,1015,834
27243,1012,834
27244,1011,835
27245,1008,835
27246,1006,835
27247,1003,835
27248,1002,836
27249,999,836
27250,998,835
27251,995,836
27252,994,836
27253,992,836
27254,991,836
27255,989,837
27256,1000,828
27257,1003,826
27258,1005,822
27259,1008,819
27260,1010,816
27261,1014,813
27262,1019,810
27263,1024,806
27264,1031,803
27265,1036,801
27266,1043,797
27267,1048,794
27268,1056,791
27269,1061,788
27270,1065,786
27271,1072,784
27272,1077,781
27273,1081,778
27274,1088,776
27275,1092,773
27276,1096,771
27277,1102,768
27278,1106,766
27279,1110,763
27280,1115,761
27281,1119,758
27282,1122,756
27283,1128,755
27284,1131,752
27285,1134,750
27286,1139,748
27287,1142,746
27288,1145,743
27289,1149,742
27290,1152,741
27291,1154,738
27292,1158,737
27293,1161,734
27294,1163,733
27295,1167,731
27296,1169,728
27297,1172,727
27298,1174,726
27299,1178,725
27300,1179,723
27301,1181,722
27302,1185,720
27303,1186,719
27304,1187,717
27305,1190,716
27306,1191,714
27307,1192,714
27308,1195,713
27309,1197,711
27310,1199,710
27311,1200,709
27312,1200,708
27313,1200,708
27314,1202,707
27315,1202,705
27316,1205,705
27317,1206,704
27318,1208,703
27319,1208,702
27320,1210,701
27321,1211,700
27322,1213,699
27323,1213,698
27324,1215,696
27325,1215,695
27326,1216,694
27327,1216,693
27328,1217,692
27329,1221,694
27330,1223,691
27331,1223,691
27332,1224,690
27333,1224,689
27334,1225,688
27335,1226,687
27336,1227,687
27337,1228,685
27338,1230,685
27339,1230,683
27340,1232,683
27341,1234,683
27342,1234,681
27343,1235,681
27344,1235,680
27345,1236,680
27346,1236,679
27347,1237,679
27348,1237,678
27349,1240,677
27350,1242,675
27351,1243,674
27352,1245,673
27353,1236,676
27354,1229,646
27355,1224,627
27356,1219,608
27357,1214,588
27358,1209,569
27359,1204,549
27360,1199,530
27361,1193,511
27362,1188,491
27364,1216,673
27365,1212,674
27366,1208,676
27367,1204,677
27368,1201,679
27369,1197,680
27370,1192,681
27371,1189,683
27372,1185,684
27373,1182,685
27374,1178,686
27375,1176,688
27376,1172,688
27377,1170,690
27378,1167,691
27379,1165,692
27380,1162,693
27381,1161,694
27382,1159,695
27383,1158,696
27384,1156,697
27385,1154,698
27386,1152,698
27387,1151,700
27388,1149,700
27389,1148,701
27390,1146,701
27391,1145,703
27392,1143,703
27393,1140,704
27394,1136,702
27395,1133,701
27396,1132,699
27397,1128,699
27398,1125,699
27399,1122,697
27400,1119,697
27401,1116,695
27402,1114,695
27403,1111,694
27404,1109,694
27405,1106,693
27406,1104,693
27407,1102,692
27408,1100,692
27409,1098,691
27410,1097,691
27411,1095,690
27412,1094,690
27413,1091,690
27414,1089,690
27415,1089,688
27416,1091,688
27417,1094,686
27418,1097,686
27419,1099,684
27420,1099,683
27421,1099,682
27422,1086,682
27423,1079,680
27424,1071,679
27425,1063,678
27426,1056,677
27427,1048,674
27428,1043,674
27429,1038,674
27430,1032,673
27431,1026,673
27432,1022,673
27433,1016,673
27434,1012,672
27435,1006,670
27436,1003,670
27437,998,669
27438,994,669
27439,989,668
27440,985,668
27441,980,666
27442,977,666
27443,973,664
27444,970,664
27445,966,664
27446,964,664
27447,960,663
27448,956,662
27449,954,662
27450,950,661
27451,948,660
27452,945,659
27453,943,659
27454,939,658
27455,937,658
27456,934,657
27457,928,656
27458,921,652
27459,913,649
27460,904,646
27461,898,644
27462,892,641
27463,884,639
27464,878,637
27465,871,634
27466,863,633
27467,858,632
27468,852,630
27469,846,628
27470,841,626
27471,835,623
27472,830,622
27473,824,620
27474,819,617
27475,815,616
27476,809,614
27477,805,612
27478,800,610
27479,796,609
27480,791,607
27481,787,606
27482,782,605
27483,779,604
27484,774,604
27485,771,604
27486,767,603
27487,763,604
27488,759,603
27489,756,603
27490,752,603
27491,749,603
27492,745,603
27493,741,603
27494,739,603
27495,735,603
27496,733,603
27497,730,603
27498,728,603
27499,724,603
27500,722,603
27501,719,603
27502,716,603
27503,714,603
27504,710,603
27505,708,604
27506,705,603
27507,704,603
27508,703,603
27509,704,603
27510,705,603
27511,707,603
27512,708,602
27513,708,603
27514,710,603
27515,710,602
27516,712,603
27517,713,602
27518,715,603
27519,715,602
27520,717,602
27521,718,602
27522,718,602
27523,720,603
27524,721,602
27525,721,602
27526,723,602
27527,724,603
27528,724,602
27529,726,602
27530,727,602
27531,727,602
27532,729,602
27533,729,602
27534,729,603
27535,732,603
27536,729,598
27537,720,590
27538,713,581
27539,706,574
27540,699,568
27541,695,562
27542,691,556
27543,687,551
27544,683,546
27545,680,541
27546,677,537
27547,675,534
27548,673,530
27549,670,526
27550,670,524
27551,669,522
27552,667,519
27553,666,517
27554,664,514
27555,664,513
27556,663,510
27557,664,509
27558,664,508
27559,664,507
27560,664,506
27561,663,505
27562,664,504
27563,664,503
27564,666,501
27565,668,499
27566,668,497
27567,668,496
27568,670,495
27569,670,494
27570,672,493
27571,673,492
27572,673,491
27573,675,491
27574,676,490
27575,677,489
27576,679,488
27577,681,487
27578,682,486
27579,684,485
27580,685,485
27581,685,484
27582,687,484
27583,688,484
27584,688,483
27585,690,482
27586,693,482
27587,694,482
27588,694,481
27589,696,481
27590,697,480
27591,699,479
27592,700,479
27593,700,478
27594,702,478
27595,703,478
27596,705,478
27597,706,477
27598,708,477
27599,709,477
27600,709,476
27601,711,476
27602,712,475
27603,714,474
27604,715,474
27605,715,474
27606,717,474
27607,718,474
27608,718,474
27609,720,474
27610,721,473
27611,723,473
27612,724,473
27613,725,473
27614,726,473
27615,726,472
27616,728,473
27617,728,473
27618,730,473
27619,731,472
27620,733,472
27621,733,472
27622,735,472
27623,735,473
27624,737,473
27625,737,473
27626,739,472
27627,739,473
27628,739,472
27629,741,472
27630,742,473
27631,746,473
27632,750,474
27633,755,475
27634,758,476
27635,760,477
27636,764,478
27637,766,478
27638,768,478
27639,771,479
27640,773,479
27641,774,479
27642,777,479
27643,778,480
27644,781,480
27645,782,481
27646,782,481
27647,784,482
27648,785,482
27649,787,482
27650,787,482
27651,789,482
27652,789,483
27653,790,483
27654,790,482
27655,791,481
27656,793,481
27657,792,481
27658,793,480
27659,793,480
27660,794,479
27661,794,478
27662,795,478
27663,795,478
27664,796,477
27665,796,477
27666,797,476
27667,799,476
27668,801,475
27669,807,471
27670,817,466
27671,827,461
27672,836,456
27673,844,453
27674,851,450
27675,858,446
27676,864,443
27677,870,440
27678,876,437
27679,880,434
27680,883,432
27681,888,429
27682,892,427
27683,894,425
27684,898,422
27685,900,420
27686,902,417
27687,903,415
27688,906,412
27689,907,410
27690,908,407
27691,910,406
27692,910,404
27693,912,402
27694,912,400
27695,912,398
27696,913,396
27697,913,394
27698,914,392
27699,914,390
27700,913,388
27701,914,387
27702,913,384
27703,912,382
27704,912,381
27705,913,379
27706,912,377
27707,910,376
27708,910,374
27709,909,372
27710,909,371
27711,908,369
27712,906,367
27713,906,365
27714,905,364
27715,905,363
27716,903,362
27717,903,360
27718,902,359
27719,900,357
27720,899,356
27721,898,355
27722,898,354
27723,895,353
27724,892,353
27725,888,354
27726,885,355
27727,881,355
27728,879,355
27729,875,357
27730,873,357
27731,870,356
27732,868,357
27733,866,357
27734,863,358
27735,861,358
27736,859,358
27737,857,358
27738,854,359
27739,848,360
27740,841,361
27741,836,362
27742,830,364
27743,825,366
27744,821,367
27745,816,369
27746,812,370
27747,809,372
27748,805,372
27749,803,373
27750,801,375
27751,798,375
27752,797,376
27753,794,377
27754,793,378
27755,792,379
27756,790,380
27757,789,381
27758,789,382
27759,787,382
27760,787,383
27761,786,383
27762,786,384
27763,785,384
27764,785,385
27765,784,385
27766,784,386
27767,783,385
27768,783,386
27769,784,386
27770,783,386
27771,784,387
27772,783,388
27773,784,389
27774,783,388
27775,784,389
27776,784,389
27777,783,389
27778,785,390
27779,790,393
27780,796,396
27781,802,400
27782,806,404
27783,809,407
27784,814,410
27785,817,412
27786,819,414
27787,823,418
27788,825,421
27789,827,423
27790,830,426
27791,832,429
27792,833,431
27793,835,434
27794,836,436
27795,838,439
27796,839,441
27797,839,443
27798,841,446
27799,841,447
27800,841,450
27801,842,452
27802,842,454
27803,844,456
27804,844,458
27805,843,460
27806,844,462
27807,844,464
27808,845,466
27809,845,467
27810,845,469
27811,844,470
27812,843,471
27813,842,472
27814,841,474
27815,841,475
27816,840,476
27817,839,477
27818,838,478
27819,837,479
27822,842,488
27823,843,490
27824,841,489
27825,840,491
27826,840,492
27827,838,493
27828,839,493
27829,840,493
27830,839,494
27831,838,493
27832,838,493
27833,837,494
27834,838,494
27835,837,495
27836,837,495
27837,836,496
27838,834,495
27839,834,495
27840,835,496
27841,834,497
27842,832,496
27843,832,497
27844,831,497
27845,831,498
27846,829,498
27847,823,498
27848,816,499
27849,812,501
27850,808,502
27851,803,502
27852,800,504
27853,798,505
27854,795,505
27855,793,506
27856,790,507
27857,788,508
27858,787,509
27859,785,509
27860,784,510
27861,782,511
27862,782,512
27863,780,512
27864,780,513
27865,778,513
27866,778,514
27867,779,515
27868,778,515
27869,778,516
27870,777,517
27871,778,517
27872,777,517
27873,778,518
27874,777,518
27875,778,519
27876,778,519
27877,777,519
27878,778,520
27879,778,520
27880,777,520
27881,778,520
27882,777,519
27883,778,520
27884,777,519
27885,778,520
27886,777,519
27887,778,520
27888,777,519
27889,778,519
27890,778,520
27891,778,520
27892,778,519
27893,779,519
27894,778,520
27895,779,520
27896,779,519
27897,779,520
27898,779,519
27899,780,520
27900,779,519
27901,780,519
27902,778,518
27903,776,518
27904,775,518
27905,773,517
27906,771,518
27907,769,518
27908,769,518
27909,769,517
27910,769,516
27911,769,516
27912,769,516
27913,769,515
27914,764,516
27915,765,515
27916,764,513
27917,766,515
27918,766,513
27919,767,515
27920,767,515
27921,769,516
27922,769,514
27923,769,513
27924,770,512
27925,770,511
27926,771,514
27927,773,515
27928,775,514
27929,771,514
27930,761,515
27931,750,515
27932,739,515
27933,730,515
27934,721,515
27935,713,515
27936,704,514
27937,698,514
27938,692,514
27939,687,514
27940,683,514
27941,679,514
27942,674,513
27943,671,513
27944,668,513
27945,666,513
27946,663,512
27947,662,512
27948,661,512
27949,659,512
27950,658,512
27951,656,511
27952,656,512
27953,656,512
27954,655,511
27955,655,511
27956,654,510
27957,655,510
27958,654,511
27959,656,510
27960,655,509
27961,656,509
27962,656,510
27963,658,510
27964,658,509
27965,660,509
27966,660,508
27967,662,508
27968,662,509
27969,664,509
27970,665,508
27971,665,508
27972,667,507
27973,668,507
27974,670,507
27975,671,507
27976,671,506
27977,673,506
27978,674,507
27979,676,507
27980,677,506
27981,679,506
27982,680,506
27983,682,506
27984,683,506
27985,685,506
27986,686,505
27987,688,505
27988,689,506
27989,691,506
27990,692,505
27991,694,505
27992,695,505
27993,697,505
27994,698,505
27995,701,505
27996,704,504
27997,706,503
27998,709,503
27999,711,502
28000,714,502
28001,716,502
28002,717,501
28003,720,501
28004,721,502
28005,724,503
28006,725,502
28007,727,503
28008,728,503
28009,730,504
28010,732,505
28011,733,505
28012,735,505
28013,736,503
28014,739,503
28015,740,502
28016,741,502
28017,743,502
28018,744,502
28019,747,503
28020,748,503
28021,750,504
28022,751,504
28023,751,504
28024,753,505
28025,754,504
28026,756,504
28027,757,504
28028,757,503
28029,759,503
28030,760,503
28031,760,503
28032,762,504
28033,762,504
28034,764,505
28035,765,505
28036,767,505
28037,768,504
28038,769,504
28039,769,504
28040,771,504
28041,771,504
28042,773,504
28043,773,504
28044,773,505
28045,775,505
28046,775,504
28047,777,504
28048,777,505
28049,779,505
28050,779,505
28051,781,505
28052,781,504
28053,781,505
28054,783,504
28055,783,505
28056,785,505
28057,786,504
28058,786,504
28059,788,505
28060,789,505
28061,790,505
28062,788,508
28063,786,510
28064,783,514
28065,781,517
28066,778,519
28067,777,522
28068,775,525
28069,774,527
28070,772,528
28071,772,530
28072,770,531
28073,770,533
28074,769,535
28075,769,537
28076,768,538
28077,767,538
28078,768,539
28079,769,541
28080,769,542
28081,769,543
28082,768,544
28083,769,544
28084,769,545
28085,770,546
28086,770,545
28087,772,545
28088,772,545
28089,774,545
28090,774,545
28091,774,546
28092,776,546
28093,776,546
28094,778,547
28095,778,548
28096,779,550
28097,779,550
28098,781,550
28099,782,550
28100,782,549
28101,784,549
28102,785,549
28103,787,550
28104,787,550
28105,789,551
28106,789,552
28107,791,552
28108,792,551
28109,794,551
28110,794,550
28111,796,551
28112,796,551
28113,801,550
28114,806,551
28115,811,551
28116,816,551
28117,822,549
28118,825,550
28119,830,551
28120,834,551
28121,839,552
28122,841,552
28123,845,553
28124,847,552
28125,848,553
28126,852,553
28127,853,553
28128,856,554
28129,858,553
28130,860,554
28131,864,554
28132,865,554
28133,866,554
28134,869,555
28135,871,554
28136,872,555
28137,872,554
28138,874,555
28139,877,555
28140,878,555
28141,880,556
28142,881,555
28143,881,554
28144,883,555
28145,886,556
28146,887,555
28147,887,555
28148,889,556
28149,890,555
28150,892,555
28151,893,555
28152,893,555
28153,893,557
28154,892,560
28155,893,563
28156,893,565
28157,892,566
28158,893,568
28159,893,568
28160,894,570
28161,894,571
28162,895,573
28163,895,574
28164,896,576
28165,896,577
28166,897,579
28167,897,580
28168,898,582
28169,898,582
28170,900,583
28171,900,582
28172,902,583
28173,902,584
28174,902,584
28175,904,586
28176,904,586
28177,906,588
28178,907,588
28179,907,588
28180,909,589
28181,909,589
28182,911,590
28183,912,589
28184,912,590
28185,914,590
28186,915,590
28187,915,591
28188,917,591
28189,918,590
28190,918,591
28191,920,591
28192,921,592
28193,923,592
28194,924,591
28195,924,592
28196,926,592
28197,927,591
28198,927,592
28199,929,592
28200,930,591
28201,932,592
28202,932,591
28203,934,592
28204,934,591
28205,936,592
28206,936,591
28207,938,591
28208,939,591
28209,940,592
28210,944,592
28211,950,591
28212,956,590
28213,960,590
28214,966,589
28215,970,589
28216,974,590
28217,977,589
28218,980,590
28219,985,591
28220,988,591
28221,990,591
28222,992,592
28223,995,592
28224,997,592
28225,999,592
28226,1000,591
28227,1003,592
28228,1004,591
28229,1005,592
28230,1007,592
28231,1007,592
28232,1008,592
28233,1009,592
28234,1011,592
28235,1011,592
28236,1013,592
28237,1013,591
28238,1014,591
28239,1014,592
28240,1016,592
28241,1016,591
28242,1016,592
28243,1018,591
28244,1018,591
28245,1020,591
28246,1021,590
28247,1023,590
28248,1025,578
28249,1026,572
28250,1029,568
28251,1030,565
28252,1032,561
28253,1033,557
28254,1033,554
28255,1035,552
28256,1035,548
28257,1035,546
28258,1036,544
28259,1036,542
28260,1037,540
28261,1037,538
28262,1038,537
28263,1037,535
28264,1038,534
28265,1038,532
28266,1038,531
28267,1037,530
28268,1037,529
28269,1036,527
28270,1037,527
28271,1036,526
28272,1037,526
28273,1036,525
28274,1036,524
28275,1035,523
28276,1035,522
28277,1034,522
28278,1034,522
28279,1033,522
28280,1033,521
28281,1034,521
28282,1034,521
28283,1032,520
28284,1031,520
28285,1031,520
28286,1030,519
28287,1031,519
28288,1030,519
28289,1030,519
28290,1029,519
28291,1029,519
28292,1028,517
28293,1028,517
28294,1027,517
28295,1025,516
28296,1021,516
28297,1006,517
28298,991,518
28299,975,519
28300,961,520
28301,949,520
28302,938,520
28303,927,521
28304,918,522
28305,909,522
28306,901,523
28307,894,523
28308,887,524
28309,881,525
28310,874,525
28311,869,526
28312,868,526
28313,865,527
28314,860,527
28315,857,527
28316,855,527
28317,851,526
28318,849,527
28319,846,526
28320,845,527
28321,842,526
28322,841,527
28323,842,526
28324,840,524
28325,841,524
28326,840,522
28327,841,522
28328,841,522
28329,840,521
28330,841,521
28331,841,520
28332,841,520
28333,841,519
28334,841,519
28335,842,521
28336,842,521
28337,842,522
28338,843,522
28339,843,522
28340,843,523
28341,844,523
28342,844,523
28343,850,522
28344,853,523
28345,854,523
28346,855,522
28347,858,523
28348,859,523
28349,860,522
28350,862,523
28351,863,524
28352,865,524
28353,866,524
28354,868,524
28355,869,523
28356,872,523
28357,873,523
28358,876,523
28359,877,523
28360,878,523
28361,880,523
28362,881,524
28363,883,524
28364,884,524
28365,889,524
28366,897,522
28367,906,520
28368,914,519
28369,921,517
28370,927,516
28371,935,515
28372,941,514
28373,946,513
28374,950,513
28375,957,512
28376,960,512
28377,965,511
28378,969,511
28379,973,510
28380,975,510
28381,977,509
28382,982,508
28383,985,506
28384,989,505
28385,991,504
28386,993,504
28387,997,503
28388,998,503
28389,1002,503
28390,1005,503
28391,1005,502
28392,1008,503
28393,1008,502
28394,996,504
28395,1009,502
28396,1014,501
28397,1020,501
28398,1019,501
28399,1022,501
28400,1021,501
28401,1024,502
28402,1028,503
28403,1030,504
28404,1034,505
28405,1036,506
28406,1040,508
28407,1042,508
28408,1044,509
28409,1047,510
28410,1048,510
28411,1049,510
28412,1051,510
28413,1052,511
28414,1054,512
28415,1055,512
28416,1055,511
28417,1057,512
28418,1057,512
28419,1059,513
28420,1060,513
28421,1060,512
28422,1061,513
28423,1063,514
28424,1063,514
28425,1062,513
28426,1064,514
28427,1065,514
28428,1067,511
28429,1069,511
28430,1071,510
28431,1072,509
28432,1061,506
28433,1059,506
28434,1060,505
28435,1060,503
28436,1060,502
28437,1061,502
28438,1061,502
28439,1060,502
28440,1061,502
28441,1060,502
28442,1059,502
28443,1060,501
28444,1060,501
28445,1059,498
28446,1059,496
28447,1061,498
28448,1062,498
28449,1063,499
28450,1064,499
28451,1065,500
28452,1055,498
28453,1052,496
28454,1051,496
28455,1052,496
28456,1050,495
28457,1050,495
28458,1049,495
28459,1049,495
28460,1048,495
28461,1048,495
28462,1047,494
28463,1048,494
28464,1049,494
28465,1049,494
28466,1048,494
28467,1049,494
28468,1049,494
28469,1048,493
28470,1049,493
28471,1049,493
28472,1050,493
28473,1050,493
28474,1051,493
28475,1051,492
28476,1052,492
28477,1052,493
28478,1053,493
28479,1053,492
28480,1054,492
28481,1054,493
28482,1055,493
28483,1052,493
28484,1043,495
28485,1033,497
28486,1023,499
28487,1015,501
28488,1008,503
28489,1000,505
28490,992,507
28491,988,508
28492,983,510
28493,978,512
28494,973,513
28495,969,516
28496,967,518
28497,964,520
28498,961,522
28499,959,524
28500,957,527
28501,955,529
28502,954,532
28503,952,534
28504,952,537
28505,952,538
28506,953,538
28507,953,537
28508,955,538
28509,955,537
28510,957,538
28511,958,538
28512,958,539
28513,960,540
28514,961,540
28515,963,542
28516,964,543
28517,964,544
28518,966,546
28519,967,548
28520,969,549
28521,972,548
28522,975,546
28523,977,544
28524,981,543
28525,983,541
28526,987,540
28527,990,539
28528,991,537
28529,994,537
28530,996,536
28531,997,535
28532,1001,535
28533,1002,535
28534,1003,534
28535,1006,535
28536,1009,535
28537,1011,535
28538,1014,536
28539,1013,537
28540,1015,539
28541,1016,539
28542,1018,541
28543,1019,543
28544,1022,544
28545,1024,546
28546,1026,548
28547,1028,550
28548,1030,552
28549,1032,553
28550,1034,555
28551,1036,557
28552,1038,559
28554,1103,485
28555,1108,481
28556,1113,477
28557,1117,474
28558,1120,471
28559,1123,468
28560,1127,466
28561,1129,463
28562,1131,461
28563,1133,460
28564,1134,458
28565,1134,456
28566,1136,455
28567,1137,454
28568,1137,453
28569,1139,453
28570,1139,452
28571,1140,452
28572,1139,450
28573,1138,447
28574,1139,446
28575,1138,443
28576,1137,441
28577,1138,439
28578,1137,438
28579,1136,435
28580,1136,434
28581,1135,433
28582,1134,431
28583,1135,431
28584,1133,431
28585,1133,428
28586,1133,426
28587,1132,423
28588,1130,420
28589,1130,419
28590,1130,417
28591,1129,416
28592,1127,413
28593,1128,412
28594,1128,411
28595,1127,410
28596,1125,408
28597,1125,407
28598,1125,407
28599,1123,406
28600,1123,406
28601,1122,404
28602,1120,401
28603,1120,398
28604,1118,395
28605,1118,393
28606,1117,391
28607,1117,388
28608,1116,386
28609,1116,384
28610,1115,382
28611,1115,381
28612,1114,379
28613,1112,376
28614,1112,375
28615,1111,374
28616,1112,373
28617,1112,373
28618,1111,371
28619,1111,371
28620,1110,370
28621,1108,369
28622,1109,369
28623,1109,369
28624,1108,369
28625,1107,367
28626,1107,365
28627,1106,363
28628,1107,361
28629,1106,360
28630,1106,358
28631,1105,356
28632,1105,355
28633,1104,354
28634,1104,352
28635,1105,351
28636,1104,350
28637,1104,349
28638,1103,348
28639,1103,348
28640,1102,346
28641,1103,346
28642,1103,346
28643,1102,346
28644,1101,345
28645,1101,345
28646,1100,343
28647,1101,342
28648,1100,340
28649,1101,339
28650,1100,338
28651,1101,337
28652,1100,335
28653,1101,334
28654,1100,333
28655,1099,333
28656,1100,332
28657,1099,331
28658,1100,331
28659,1099,330
28660,1098,329
28661,1099,328
28662,1098,326
28663,1099,325
28664,1098,324
28665,1099,323
28666,1098,323
28667,1097,321
28668,1098,321
28669,1097,320
28670,1098,320
28671,1098,318
28672,1096,317
28673,1097,316
28674,1094,316
28675,1090,314
28676,1086,313
28677,1085,312
28678,1081,311
28679,1077,309
28680,1075,309
28681,1072,308
28682,1071,307
28683,1070,306
28684,1067,306
28685,1066,305
28686,1064,305
28687,1064,305
28688,1063,304
28689,1062,303
28690,1063,302
28691,1062,301
28692,1062,300
28693,1061,300
28694,1062,299
28695,1061,299
28696,1062,298
28697,1063,297
28698,1063,297
28699,1064,296
28700,1063,295
28701,1063,294
28702,1064,293
28703,1064,293
28704,1064,292
28705,1066,292
28706,1065,291
28707,1067,291
28708,1067,290
28709,1068,290
28710,1068,289
28711,1069,289
28712,1069,288
28713,1069,287
28714,1071,286
28715,1071,286
28716,1070,285
28717,1070,284
28718,1071,284
28719,1074,283
28720,1074,283
28721,1077,282
28722,1076,282
28723,1076,281
28724,1078,281
28725,1076,281
28726,1077,281
28727,1078,281
28728,1077,281
28729,1078,281
28730,1077,281
28731,1078,281
28732,1077,282
28733,1078,282
28734,1079,282
28735,1078,283
28736,1079,283
28737,1079,283
28738,1079,283
28739,1078,283
28740,1077,282
28741,1076,282
28742,1074,281
28743,1073,281
28744,1072,280
28745,1071,279
28746,1070,279
28747,1072,282
28748,1072,282
28749,1073,281
28750,1072,281
28751,1073,281
28752,1071,280
28753,1067,279
28754,1064,278
28755,1061,277
28756,1059,276
28757,1057,276
28758,1055,275
28759,1054,275
28760,1054,274
28761,1052,273
28762,1052,273
28763,1051,272
28764,1050,270
28765,1050,270
28766,1050,270
28767,1049,269
28768,1048,269
28769,1049,268
28770,1048,268
28771,1049,268
28772,1049,267
28773,1050,267
28774,1052,267
28775,1055,268
28776,1058,268
28777,1060,268
28778,1062,268
28779,1065,268
28780,1067,268
28781,1069,268
28782,1072,269
28783,1074,269
28784,1075,269
28785,1078,269
28786,1079,269
28787,1080,269
28788,1081,269
28789,1082,269
28790,1085,270
28791,1086,270
28792,1086,270
28793,1088,270
28794,1089,270
28795,1089,270
28796,1089,270
28797,1091,270
28798,1092,270
28799,1092,270
